"ID","Title","Content","Excerpt","Date","Post Type","Permalink","Image URL","Image Filename","Image Path","Image ID","Image Title","Image Caption","Image Description","Image Alt Text","Image Featured","Attachment URL","Categories","Tags","Status","Author ID","Author Username","Author Email","Author First Name","Author Last Name","Slug","Format","Template","Parent","Parent Slug","Order","Comment Status","Ping Status","Post Modified Date","Is Current","Week Number","Week Start Date","Week End Date","Week Label","Week Start Minutes","Week End Minutes","Week Movement Minutes","Week Start Time Display","Week End Time Display","Week Status Tier Label","Week Status Tier Description","Week Status Summary","Clock Time Reference","Week Delta Summary","Clock Moved","Moral Floor Summary","Net Interpretation","Traits Moved Count","Event Count Total","Sources","Appendix Title","Appendix Content","Appendix Excerpt"
"","This Week in Democracy: Courts Push Back, Congress Stirs, and Detention Conditions Boil Over","<!-- Generated by build_publish_week_v2 (WordPress digest HTML) -->


<p>```markdown This was a week in which the machinery of American government strained visibly against itself — courts checking the executive, Congress intermittently finding its footing, and a crisis in immigrant detention that grew worse by the day even as officials in New Jersey sued to gain access to the facility at its center. By Friday, the pattern was unmistakable: real institutional resistance, but resistance that remained partial, contested, and in several cases reversible.</p>
<p>**The Weekend**</p>
<p>The weekend set the tone. A federal judge ruled that the Kennedy Center could not be renamed without an act of Congress and blocked a planned two-year closure of the institution, prompting an angry, personal social-media attack on the judge from the president. The same stretch of days brought a Miami federal judge's decision to reopen a $10 billion IRS lawsuit involving Trump personally, after 35 former federal judges alleged the settlement underlying its dismissal was the product of collusion with his own Justice Department; the administration was ordered to respond by June 12 on whether the acting attorney general might need to testify. A three-judge panel that included two Trump appointees unanimously struck down Alabama's congressional map as intentionally discriminatory against Black voters, a ruling now headed toward Supreme Court review. And the Office of Management and Budget advanced a sweeping proposal — later published as a 400-page Federal Register notice — that would let political appointees cut off federal research grants that don't serve presidential priorities and would bar diversity and disparate-impact research at universities; MIT was already reporting a 20 percent decline in funding.</p>
<p>It was also over the weekend that the week's defining crisis began to take shape. Roughly 300 detainees at the Delaney Hall ICE facility in Newark launched a hunger and labor strike over conditions inside the facility. Guards responded with pepper spray. The Department of Homeland Security denied the strike was even happening, and the administration's border czar threatened force-feeding. By the end of the weekend, New Jersey state police had taken over from ICE at the site and clashed with protesters using tear gas and mounted officers — the first chapter in what would become a week-long standoff. Elsewhere, Trump's primary endorsement of Ken Paxton over sitting Senator John Cornyn delivered Cornyn's defeat, a vivid demonstration of the president's capacity to remove disloyal incumbents from his own party, while investigators revealed that ostensibly progressive super PACs spending heavily in Democratic primaries were secretly tied to House Republican leadership and Speaker Mike Johnson.</p>
<p>**Monday**</p>
<p>Monday brought the week's most consequential court decisions. The Supreme Court, in a 6–3 ruling, struck down the executive order denying citizenship to children born to undocumented parents, preserving the foundational 14th Amendment guarantee — though dissenting justices lent new credibility to fringe legal theories challenging the doctrine, a signal that the fight is not over. A federal judge separately blocked the administration's transfer of a national climate research supercomputing center out of Colorado, finding it likely political retaliation, while a federal appeals court ruled the Pentagon's transgender military ban likely unconstitutional and driven by animus. A Massachusetts judge blocked a Postal Service directive that would have restricted mail-ballot delivery to voters on a federal pre-approved list, protecting access in 23 states and D.C. pending appeal.</p>
<p>Even as courts pushed back, the administration pressed forward on other fronts. The Justice Department filed a 94-page indictment against 15 Minneapolis protesters alleging a sweeping conspiracy against ICE, without charging serious violence, while implicating groups like the AFL-CIO and DSA without formally charging them — a prosecution that read less like a response to specific criminal conduct than an effort to criminalize organizing itself. At Delaney Hall, the crisis sharpened further: ICE officers pepper-sprayed U.S. Senator Andy Kim as he attempted to visit the facility, part of a broader pattern of force against detainees and protesters that week. Reporting also surfaced that more than 100,000 immigration cases had been closed through accelerated &quot;mega-master&quot; hearings with high rates of in-absentia removal, and that the administration was moving to end Temporary Protected Status for more than 330,000 Haitian immigrants. The Pentagon reclassified its press office as a secure facility, requiring journalists to schedule appointments to speak with officials — another increment in a long pattern of tightening access during an active conflict. And after his preferred candidate trailed in California's gubernatorial primary, Trump ordered the Justice Department to investigate the state's elections based on unsubstantiated fraud claims.</p>
<p>**Tuesday**</p>
<p>Tuesday centered on money and war powers. Acting Attorney General Todd Blanche told a House panel the Justice Department would abandon the $1.8 billion &quot;anti-weaponization&quot; fund — widely criticized as a vehicle for rewarding Trump allies and January 6 defendants — though he declined to commit the reversal in writing, and the administration preserved a separate IRS audit immunity arrangement. House Republicans moved to formally kill the fund and separately blocked $1 billion in security funding for Trump's White House ballroom project, both rebukes from within his own party. Speaker Johnson, meanwhile, had sent members home a day early before the holiday specifically to prevent a floor vote on a war-powers resolution concerning Iran — a deliberate maneuver to avoid a constitutional check on war-making. Trump signed an executive order directing the seizure of bank accounts and assets tied to undocumented immigrants, framed as a response to anti-ICE unrest. In New Jersey, state and local officials sued the private operator of Delaney Hall, Geo Group, after being denied health-inspector access to the facility; DHS called the lawsuits frivolous. And Trump explicitly tied federal funding to his endorsement of a California gubernatorial candidate, telling voters that money &quot;will flow&quot; based on his preference — a direct and open form of coercive leverage.</p>
<p>**Wednesday**</p>
<p>Wednesday was arguably the week's most consequential single day for the structure of federal governance. Trump signed an executive order, paired with a &quot;Schedule Policy/Career&quot; reclassification, stripping adverse-action protections from roughly 8,000 to 10,000 senior federal policy positions, enabling at-will removal of civil servants deemed insufficiently aligned with presidential priorities — a direct threat to the merit-based character of federal administration. Hours later, the House passed a war-powers resolution directing Trump to end hostilities with Iran absent congressional authorization, 215–208, with four Republicans joining Democrats — the first such measure to succeed after months of blocked attempts. The House also advanced a Ukraine aid package providing $8 billion in loans and $300 million in security assistance, 218–204, over leadership's apparent objections, and the Senate parliamentarian's ruling forced Senate Republicans to formally strip the ballroom security funding from a reconciliation bill. Trump also signed a sweeping customs enforcement order overhauling importer-of-record regulations and expanding executive authority over trade enforcement. At Delaney Hall, the standoff escalated again: federal agents used force against detainees and protesters, pepper-spraying Senator Kim and demonstrators once more, while the administration's border czar threatened to send &quot;tactical units&quot; into New Jersey. On a quieter note, Kennedy Center staff began switching signage back to the institution's original name, the first visible sign of compliance with the court order against its attempted rebranding.</p>
<p>**Thursday**</p>
<p>By Thursday, the House had repassed its war-powers resolution 215–208 and the Ukraine Support Act 226–195, with 18 Republicans defying Speaker Johnson — though a presidential veto remained likely and the measures' practical force uncertain. The Senate, meanwhile, narrowly rejected an amendment to permanently bar the anti-weaponization fund, 49–50, with three Republicans crossing party lines in support but falling one vote short. A *Washington Post* investigation found that fourteen of 27 known corporate donors to Trump's $400 million ballroom project had received new or expanded federal contracts worth over $50 billion, including major new Lockheed Martin awards — a pattern suggesting a direct relationship between private donations to a presidential project and the award of lucrative federal business. The human cost of the detention crisis also became starkly visible: a 43-year-old detainee with no criminal record died in ICE custody at a Louisiana facility despite prior federal inspection warnings, the 50th such death under this administration, while separate reporting documented migrant children re-separated from their families despite a binding legal settlement, and ICE rescinded its requirement to report in-custody deaths within 30 days of release. New Jersey's governor announced a $12 million increase in funding for immigrants' legal defense, a remedial response to mounting public pressure. Elsewhere, U.S. crude and strategic petroleum reserves fell to their lowest levels in roughly two decades as the administration drew down reserves to offset Iran-war-driven price spikes, and the administration began dismantling a $368 million deep-ocean climate observation system.</p>
<p>**Friday**</p>
<p>The week closed with the Senate's passage, 52–47, of a $70 billion immigration enforcement package funding ICE and Border Patrol through the end of the president's term — achieved through budget reconciliation specifically to bypass a filibuster, and containing no guardrails on the anti-weaponization fund whose future had seemed uncertain just days earlier. Trump signed a national security memorandum directing rapid adoption of artificial intelligence across military and intelligence operations, establishing new computing infrastructure with limited specified independent oversight. Courts delivered more rebukes: a federal judge issued a 135-page ruling striking down an immigration freeze affecting 39 countries as driven by unlawful animus and ordered the administration to restart halted asylum processing. Yet the detention crisis showed no sign of resolution — detainees at a Florida facility reported guards withholding food and water to coerce signatures on documents they could not read, children at a Texas facility were served food containing live worms and mold, and ICE formally rescinded its 30-day death-reporting requirement. The Justice Department sent a federal prosecutor to observe ballot processing in Los Angeles County as Trump continued pressing unsubstantiated fraud claims about the California primary. And in an unusual breach of diplomatic norms, the State Department and Vice President JD Vance invoked a British murder case to promote messaging about &quot;civilizational decline,&quot; intervening directly in an allied nation's domestic politics.</p>
<p>Taken as a whole, the week illustrated both the resilience and the fragility of institutional checks under sustained pressure. Courts intervened repeatedly and substantively — on birthright citizenship, climate research retaliation, transgender service members, mail ballots, and an immigration freeze — yet the administration continued to contest whether judicial review should apply to some of its actions at all. Congress found rare bipartisan footing on war powers and briefly forced the retreat of a widely criticized spending fund, but could not convert either into a durable, veto-proof outcome. And at Delaney Hall, the clash between detainees seeking basic humane treatment and state and federal authorities deploying force against them, even as elected officials tried to assert oversight, stood as the week's starkest reminder that institutional pushback, however real, has not yet been enough to stop documented harm from accumulating on the ground. ```</p>
","This week showed a pattern increasingly familiar in this administration: aggressive executive assertions of power met by institutional pushback that was real but incomplete.","2026-10-10 08:16:41","digest","https://thedemocracyclock.com/week-72-digest-this-week-in-democracy-courts-push-back-congress-stirs-and-detention-conditions-boil-over/","https://thedemocracyclock.com/wp-content/uploads/week72-digest-featured.jpg","week72-digest-featured.jpg","","","","","","","https://thedemocracyclock.com/wp-content/uploads/week72-digest-featured.jpg","https://thedemocracyclock.com/wp-content/uploads/week72-digest-featured.jpg","Digest","Weekly digest week 72, This Week in Democracy: Courts Push Back, Congress Stirs, and Detention Conditions Boil Over, Week 72 – May 30–Jun 5, 2026, Power and Authority, Institutions and Governance, Economic Structure, Civil Rights and Dissent, Information, Memory and Manipulation, Budget office moves to politicize federal research funding, Courts block Kennedy Center rebranding and closure, Judge reopens Trump's IRS lawsuit amid collusion allegations, Federal court strikes down Alabama's discriminatory congressional map, Hunger strike and crackdown escalate at Delaney Hall detention center, Trump's influence reshapes a Senate primary, USPS proposes federalizing mail ballot distribution, Covert GOP operation to manipulate Democratic primaries exposed","publish","","","","","","week-72-digest-this-week-in-democracy-courts-push-back-congress-stirs-and-detention-conditions-boil-over","","","","","","","","","","72","20260530","20260605","May 30 - June 5, 2026","","","","","","","","","","","","","","","","","","",""
"","The Week the Checks Pushed Back","<!-- Generated by build_publish_week_v2 (WordPress digest HTML) -->


<p>```markdown This was a week in which the executive branch tested nearly every boundary available to it, and the institutions built to resist that testing—mostly courts, occasionally Congress—pushed back with unusual force. By week's end, judges had struck down a visa tax, ordered the president's name off a federally chartered arts center, and shielded the Federal Reserve chair from retaliatory subpoenas, even as Congress delivered the administration $70 billion in unconditional immigration enforcement money in the same stretch that a major surveillance law was allowed to lapse over a personnel dispute. Overseas, policy toward Iran swung from announced airstrikes to a disputed ceasefire within days. At home, a New Jersey detention facility became the site of a hunger strike met with tear gas, and a television correspondent with 37 years at his network lost his job for refusing to shade the news in the government's favor.</p>
<p>**The Weekend**</p>
<p>The country was still absorbing an active military confrontation with Iran as the weekend opened, even as the president's public attention seemed to drift elsewhere. While Iranian missiles and drones struck American military facilities, Trump posted self-promotional videos and aired grievances about golf course landscaping at Joint Base Andrews; a clip appeared to show him dozing at his desk during an official signing, prompting widespread mockery. That same weekend, he sat for a combative interview with NBC's Kristen Welker, who pressed him for evidence behind his claims that the 2020 election and a recent California election had been rigged. He called her &quot;crooked or stupid,&quot; unclipped his microphone, and left early.</p>
<p>In France, Defense Secretary Pete Hegseth used a D-Day commemoration to describe European immigration as an &quot;invasion,&quot; language borrowed directly from white nationalist rhetoric that strained relationships with allied governments at a ceremony meant to honor a shared military sacrifice. Away from the cameras, ICE denied Senator Andy Kim access to speak with detainees during an oversight visit to the Delaney Hall facility in Newark, where he witnessed a detainee in apparent medical distress and received no information about her condition — at a facility with a single full-time doctor for hundreds held there. And in a federal courtroom, a Justice Department attorney argued that courts had no authority to review the administration's demolition of the White House's East Wing, a position that, pressed to its logical end, would place even the Statue of Liberty beyond judicial reach.</p>
<p>**Monday**</p>
<p>The courts began answering back. A federal judge in Massachusetts struck down Trump's $100,000 supplemental fee on H-1B visa petitions, ruling it an unlawful tax that only Congress could impose and calling the administration's justification &quot;cursory.&quot; The same day, a different judge ordered Trump's name removed from the Kennedy Center, finding that only Congress had authority to rename the institution, and temporarily halted a quarter-billion-dollar renovation. The Center complied by scrubbing the name from its website ahead of a Friday deadline — though the larger fight over physical compliance was only beginning.</p>
<p>Monday also brought troubling revelations from inside network news: fired CBS correspondent Scott Pelley alleged that news director Bari Weiss had pressured him to misrepresent anti-ICE protesters as more violent than they were and to distort a shooting victim's story to match the administration's preferred account. He said the pressure was unlike anything in his career, and that he was dismissed after refusing to comply.</p>
<p>Elsewhere, Vice President Vance announced he would refer Minnesota's governor and attorney general to the Justice Department over unsubstantiated claims of fraud tied to Somali immigrants, a move both officials dismissed as political retaliation against a Democratic-led state. Trump, meanwhile, demanded that Senate Majority Leader Thune fire the chamber's nonpartisan parliamentarian after she ruled that a voter-restriction bill could not ride through budget reconciliation, while border czar Tom Homan announced plans for an ICE surge in New York explicitly tied to the state's sanctuary legislation. The day closed with Trump attending an NBA Finals game at Madison Square Garden under an extraordinary security footprint that closed streets and canceled public watch parties, only to be greeted with loud boos from the crowd.</p>
<p>**Tuesday**</p>
<p>Tuesday's developments centered on congressional oversight and personnel. House Oversight Chair James Comer declined a Republican colleague's request to subpoena Todd Blanche over the Epstein files, a refusal Democrats characterized as enabling a cover-up. That same day, Trump formally nominated Blanche — his former personal defense attorney, who as acting Attorney General had pursued cases against Trump's perceived enemies and backed a $1.8 billion discretionary fund — to lead the Justice Department permanently.</p>
<p>In a separate and consequential move, Trump accelerated the departure of Director of National Intelligence Tulsi Gabbard and announced that Bill Pulte, the head of the Federal Housing Finance Agency with no intelligence background, would take over as acting DNI. The decision triggered immediate bipartisan alarm in the Senate, given a looming deadline to reauthorize a major surveillance authority — a fight that would come to a head by week's end. Elsewhere, Bill Gates answered closed-door questions from House Oversight about his past contacts with Jeffrey Epstein, and the Justice Department's Office of Legal Counsel issued an opinion concluding that longstanding federal guidelines for proving workplace discrimination were unconstitutional, raising the bar for future claims.</p>
<p>**Wednesday**</p>
<p>Wednesday brought one of the week's defining legislative moments. After eighteen hours of debate in which Senate Republicans blocked Democratic amendments targeting the administration's discretionary spending fund, ballroom expenditures, and leadership conflicts at DHS, the House passed the Secure America Act by a two-vote margin, and Trump signed it into law. The bill ended a 75-day Department of Homeland Security shutdown and locked in $70 billion in unrestricted funding for ICE and Customs and Border Protection through the end of Trump's term — money delivered without the accountability conditions Democrats had sought for an agency with a documented record of deaths in custody. The same day, Trump pressed Congress to simultaneously pass a $350 billion military spending increase and the SAVE America Act, a bill requiring proof-of-citizenship for voting and restricting mail-in ballots, attempting to move both through reconciliation and splitting his own party over the maneuver.</p>
<p>Investigative reporting added further texture to the week. ProPublica detailed how a $100 million investment from an Indian billionaire into a company tied to Donald Trump Jr. coincided with sanctions relief and tariff exemptions, while Reuters found the Trump family had earned $2.3 billion from cryptocurrency licensing since the term began, with over a million investors suffering losses, and that a pharmaceutical executive facing FDA enforcement had donated $1 million to Trump's political operation during the agency's response window. Separately, reporters uncovered that betting platforms Polymarket and Kalshi had sponsored influencers spreading false claims about a rigged Los Angeles mayoral race, and that the dark-money group One Nation was running fabricated local news sites across six Senate battleground states.</p>
<p>**Thursday**</p>
<p>Thursday was the week's most volatile day on the international front. Trump posted that the United States would strike Iran &quot;VERY HARD TONIGHT,&quot; floating the seizure of Kharg Island and Iran's oil infrastructure in terms reminiscent of the earlier seizure of Venezuelan oil assets. Hours later, he announced the strikes were off, claiming a deal had been reached and endorsed by multiple regional governments — an account that Israeli officials and Iranian state media immediately disputed. The reversal left the actual state of American policy toward Iran unresolved heading into the weekend.</p>
<p>That same day, the fight over intelligence leadership came to a head: the House failed to extend FISA Section 702 in a 218-198 vote, as Democrats and a number of Republicans withheld support in protest of Pulte's planned elevation to acting DNI. Trump then withdrew the Pulte nomination in favor of Jay Clayton, who likewise lacked intelligence experience, setting up a rushed confirmation process even as the surveillance authority lapsed with Fourth Amendment questions about ongoing collection left unaddressed.</p>
<p>Elsewhere, roughly 100 FBI agents raided the Ohio Organizing Collaborative, a voter-registration nonprofit serving historically disenfranchised communities, seizing devices and visiting staff members' homes under a warrant citing fraud concerns that statistical evidence does not support. Federal prosecutors also unsealed an indictment against eight pro-Palestinian activists accused of running an intimidation campaign against University of Michigan officials, and DHS issued a waiver suspending environmental and historic-preservation law to permit border wall construction through Big Bend National Park, an area accounting for a fraction of one percent of unauthorized crossings nationwide. A federal judge, meanwhile, acquitted former New York City comptroller Brad Lander of obstruction charges stemming from his protest at an ICE facility, crediting his account over the government's. Economic warning signs surfaced as well: oil executives privately told the White House that gasoline could reach five dollars a gallon, with strategic reserves near 1983-era lows, while wholesale inflation climbed to its highest annual rate since 2022.</p>
<p>**Friday**</p>
<p>Friday brought the week's reckonings to their sharpest points. The Kennedy Center's board, facing the court-ordered deadline to remove Trump's name, amended its bylaws hours beforehand to claim that compliance would trigger a requirement to return every donation received since Trump had taken control of the institution — a maneuver legal experts described as a textbook breach of fiduciary duty designed to hold the board itself hostage. The D.C. Circuit denied an emergency stay, Judge Cooper separately rejected a similar request from the Justice Department, and workers removed the lettering from the building's facade that evening, after the department had asked for extra time specifically to avoid public visibility of the compliance.</p>
<p>The same day, it emerged that the administration had redirected $352 million in Secret Service funding toward the White House ballroom project, after Congress had explicitly declined to appropriate $1 billion for it — a reversal of Trump's repeated public promise that the project would be entirely privately financed. Trump also pushed Congress to pass a symbolic resolution &quot;expunging&quot; both of his impeachments, a gesture with no legal effect but clear historical intent.</p>
<p>At Delaney Hall, the standoff over detention conditions escalated sharply: nearly forty women began a hunger and labor strike, joining more than 300 men who had been striking since late May, while New Jersey and Newark police deployed tear gas against supporters outside the facility and arrested dozens. ICE and the private contractor Geo Group responded by canceling visitation and transferring roughly ninety detainees, even as the Department of Homeland Security publicly denied the strike was occurring at all.</p>
<p>On the Iran front, state media in Tehran published what it described as draft terms of a new agreement, including a $300 billion reconstruction package, which the White House disputed; Trump called Iran's account &quot;weak and pathetic&quot; while making unverified claims of his own about extracting Iranian oil during the conflict.</p>
<p>Courts remained active through the week's final day as well: Judge Brinkema extended her injunction against the administration's $1.8 billion discretionary fund, requiring sworn declarations from senior officials that it would not proceed, while Judge Boasberg declined to lift his order shielding Federal Reserve Chair Jerome Powell from subpoenas he found were politically motivated.</p>
<p>**Taken as a whole**</p>
<p>The week showed an unusually direct contest between an executive branch willing to test nearly every limit on its authority and the narrower set of institutions still capable of enforcing one. Courts did the heaviest lifting — vacating an unlawful tax, defending a statutorily named cultural institution against a board's own resistance, and shielding a central bank chair from prosecutorial pressure — while Congress proved more uneven, delivering vast enforcement funding with no strings attached in the same week it allowed a major surveillance law to expire over a dispute about personnel qualifications. Abroad, the handling of the Iran crisis moved by presidential announcement and reversal rather than through any visible deliberative process, leaving allies and adversaries alike uncertain which version of American policy to credit. And within the country's own borders, the treatment of detained immigrants, a fired journalist, and a raided voter-registration group pointed to a pattern in which dissent and oversight met resistance rather than response. Historians of this period are likely to note not any single event but the recurrence: courts ruling, the executive complying slowly or defiantly, and the public left to judge, week after week, how much the compliance was worth. ```</p>
","This was a week defined by friction between an executive branch testing the outer limits of its authority and institutions—mostly courts, occasionally Congress—pushing back.","2026-10-10 08:16:47","digest","https://thedemocracyclock.com/week-73-digest-the-week-the-checks-pushed-back/","https://thedemocracyclock.com/wp-content/uploads/week73-digest-featured.jpg","week73-digest-featured.jpg","","","","","","","https://thedemocracyclock.com/wp-content/uploads/week73-digest-featured.jpg","https://thedemocracyclock.com/wp-content/uploads/week73-digest-featured.jpg","Digest","Weekly digest week 73, The Week the Checks Pushed Back, Week 73 – June 6–12, 2026, Power and Authority, Institutions and Governance, Economic Structure, Civil Rights and Dissent, Information, Memory and Manipulation, Trump walks out of Meet the Press after being pressed on election fraud claims, Presidential distraction amid an active Iran conflict, Hegseth invokes Great Replacement theory at D-Day commemoration, ICE blocks Senator Kim's oversight visit to Delaney Hall, DOJ argues courts can't review demolition of federal property, Federal judge strikes down Trump's $100,000 H-1B visa fee, Judge orders Trump's name removed from Kennedy Center, CBS editorial pressure allegations surface as Pelley is fired","publish","","","","","","week-73-digest-the-week-the-checks-pushed-back","","","","","","","","","","73","20260606","20260612","June 6 - 12, 2026","","","","","","","","","","","","","","","","","","",""
"","A Birthday Party, a Vanishing War Rationale, and an Expanding Enforcement State","<!-- Generated by build_publish_week_v2 (WordPress digest HTML) -->


<p>```markdown This was a week that began with a party and ended with a war's rationale quietly discarded, and in between, the machinery of government bent repeatedly toward personal interest, secrecy, and selective enforcement — even as courts and some state actors pushed back hard enough to leave marks.</p>
<p>The weekend set the tone. Trump turned the White House South Lawn into the site of a commercial UFC fight card to mark his 80th birthday, an event bankrolled in part by federal agencies and sponsored by his family's cryptocurrency venture. Courts declined to intervene despite challenges alleging misuse of public resources and conflicts tied to his financial stake in UFC's parent company. Military ceremonial units were deployed for an associated press event, and when a fighter used the platform to spread a racist, sexist conspiracy theory about Michelle Obama, Trump offered no rebuke. The spectacle sat alongside a more sobering set of judicial actions: after emergency appeals failed, workers removed Trump's name from the Kennedy Center facade under court order, and a separate federal judge ordered restoration of slavery, civil rights, and Indigenous history displays that had been stripped from national parks under an earlier executive order. Both rulings reaffirmed that courts, not unilateral executive will, still governed how public institutions were named and how public history was told. That same weekend, Trump signed a sweeping, multi-year DHS funding package expanding immigration enforcement without new oversight measures, even as a federal judge blocked a separate $1.8 billion fund that could have compensated Trump allies, including January 6 defendants, as supposed victims of government &quot;weaponization.&quot; And in a reversal that would define the week's second half, Trump declared, on his birthday, that the conflict with Iran was over, authorizing reopening of the Strait of Hormuz and thanking Russia and China for their help — a declaration whose terms Iranian officials would later describe very differently.</p>
<p>By Monday, several of these threads had already hardened. Reporting revealed the administration had seriously weighed suspending habeas corpus to speed deportations after the Supreme Court affirmed migrants' right to challenge removals in court — a measure the Constitution reserves for rebellion or invasion. Governor Gavin Newsom announced that Trump had directed Justice Department investigations into him and his wife, with agents contacting associates and demanding records in what Newsom called a political fishing expedition aimed at a likely 2028 rival. The FBI, meanwhile, disrupted a genuine threat, arresting five men across four states in an alleged plot to attack the UFC event with explosive-laden drones and snipers — a reminder that law enforcement's protective function persisted even as other parts of the administration strained public trust. That strain deepened with allegations that FBI Director Kash Patel had diverted more than a million dollars in bonuses to loyalist agents, and with the administration's continued refusal to release the actual text of the Iran memorandum even while insisting a deal was &quot;complete.&quot; Locally, Shasta County voters approved a measure gutting mail-in and early voting in favor of hand counts, prompting California's attorney general to announce a lawsuit arguing counties cannot unilaterally override statewide election law.</p>
<p>Tuesday brought the week's gravest civil-liberties confrontation. Federal agents shot and killed two civilians, Renee Good and Alex Pretti, during immigration enforcement operations in Minnesota. No charges followed. Instead, officials including Stephen Miller and JD Vance reportedly pushed to invoke the Insurrection Act against the protests that erupted in response, while federal prosecutors charged fifteen people with conspiracy over the demonstrations themselves. The asymmetry was stark: lethal force against civilians drew no prosecution, while protest of that force drew prosecution and talk of military suppression. The same day, the Kennedy Center's Trump-appointed board missed its court-ordered deadline to remove his name by twelve hours, then complied only grudgingly, covering the facade with a tarp — a small but telling display of institutional resistance even in defeat. Patel's troubles widened further when he posted details of the sealed UFC-attack investigation on social media, apparently for personal credit, prompting House Judiciary Democrats to formally investigate both that disclosure and the bonus allegations. Elsewhere, the week's recurring symbol of mismanagement took shape: a $14 million no-bid renovation of the Lincoln Memorial Reflecting Pool, awarded to a firm with ties to Trump's golf properties, produced a severe algae bloom within days of completion, prompting conservative media to falsely blame sabotage while workers dumped hydrogen peroxide into the water. Meanwhile, the Iran story deepened considerably: the administration released $24 billion in frozen Iranian assets and granted access to $300 billion more for reconstruction, with analysts warning the deal's vague language effectively ceded Iran control over the Strait of Hormuz — a cession Iran would soon assert by charging transit fees. When Senator Lindsey Graham voiced skepticism about the deal, Trump told reporters Graham would be &quot;in big trouble&quot; if he didn't fall in line, an explicit threat against a sitting senator over a policy disagreement. Separately, internal documents showed the White House ballroom project's cost had ballooned from a promised $200 million to roughly $600 million, more than half of it taxpayer-funded, directly contradicting Trump's earlier claim that no public money was involved. And Trump announced he would keep a Qatari-donated jet as a personal aircraft after leaving office, while the acting Labor Secretary threatened to withhold unemployment insurance funds from Democratic-led states over unsubstantiated fraud claims.</p>
<p>Wednesday brought formal resolution, of a sort, to the Iran question. Trump signed the memorandum of understanding at Versailles, reversing an earlier plan to let Vance sign in his place. A government official read reporters the agreement's fourteen points, confirming sanctions relief, the $300 billion reconstruction fund, and nuclear language that echoed the 2015 deal Trump had once torn up. Republican senators, including Cassidy, Cruz, and Tillis, publicly condemned the agreement as a capitulation, exposing a real rift within the president's own party over both the deal's substance and the secrecy surrounding it. The same day, Reuters reported that deaths in ICE custody had more than doubled under the administration, even as federal prosecutors in Minnesota dropped eighteen of thirty-six cases against immigration-enforcement protesters after a judge found one charging document to be a &quot;false affidavit&quot; — though new charges were filed against others in the same breath. Reporting also catalogued a broader, multi-state pattern of local voting restrictions, from photo ID requirements to drop-box removals to certification refusals, stretching from Huntington Beach to Wausau, with courts intervening in several instances. Convicted January 6 defendants filed federal tort claims seeking compensation, drawing on the same judgment fund that had powered the now-blocked &quot;anti-weaponization&quot; fund, following earlier DOJ settlements with Michael Flynn and Carter Page. DHS announced it would begin relocating detainees from the Alligator Alcatraz facility, citing hurricane season, though advocacy groups remained skeptical and continued pursuing permanent closure through litigation. And hours before a scheduled Senate hearing, Trump abruptly cancelled the confirmation process for a permanent Director of National Intelligence, ensuring a loyalist remained in the acting role and bypassing a core constitutional check on appointments.</p>
<p>Thursday delivered the week's sharpest reversal. At the G7, Trump dismissed the enriched-uranium removal he had once called his war's central objective, calling it &quot;irrelevant,&quot; and praised Iran's leadership as rational and non-radicalized — a striking turnaround from his earlier calls for regime change, offered without explanation for what had actually been won or why the war had been fought. Not every pressure point that day bent toward the administration's wishes, though: Georgia's House Speaker announced Republicans would not redraw the state's congressional map despite Trump's urging to exploit a Supreme Court ruling that had weakened Voting Rights Act protections, citing the need for a deliberate process and organized Democratic opposition. Elsewhere, the Justice Department's Office of Legal Counsel issued a memo arguing that federal disability law does not require community-based care alternatives to institutionalization, explicitly breaking with three decades of courts' understanding of the Olmstead precedent. House Democrats demanded Epstein-related records from Harvard and Bard College over their historical ties to the convicted trafficker. And in a small, almost absurd coda to the ongoing pool saga, a 67-year-old former Olympic canoe racer was arrested for misdemeanor destruction of government property after reaching into the Reflecting Pool to feel its peeling epoxy coating. The administration also moved to sharply accelerate denaturalization proceedings, with CNN reporting plans for at least 250 cases by October, compared with only 166 over the previous eighteen years combined.</p>
<p>The week closed on Friday with the Iran deal still being sold as triumph even as its costs mounted elsewhere. The White House published a fact sheet promoting the memorandum as a historic achievement, even as reporting revealed officials had delayed for months the release of a government report on voting-machine vulnerabilities ahead of the midterms, reportedly out of concern the incoming acting intelligence director would instead chase unfounded fraud claims. A federal judge found that immigration officials had likely detained Salah Sarsour, a Wisconsin mosque president and legal permanent resident, in retaliation for his Palestinian rights advocacy, after Secretary of State Rubio personally signed a memo declaring him deportable — a ruling that reaffirmed First Amendment limits on enforcement power even as other prosecutions continued. The RNC chair falsely claimed the UFC event had outdrawn the Super Bowl by more than a hundred million viewers, while Italian Prime Minister Giorgia Meloni publicly denounced Trump for fabricating details of their G7 meeting, prompting Italy to cancel a planned diplomatic visit. DHS canceled its plan to convert a Georgia warehouse, purchased for $128 million, into a 10,000-bed detention facility, following sustained local opposition and litigation. North Carolina's legislature advanced bills that Black city council members said were designed to dilute their electoral power, over Governor Stein's public objection. Federal investigators who had infiltrated encrypted Signal chats used by Minneapolis protesters secured conspiracy indictments against fifteen people. And a proposed one-time wealth tax on billionaires qualified for California's November ballot despite tens of millions of dollars spent against it by some of the very billionaires it would tax.</p>
<p>Taken as a whole, the week showed a government pulling in several directions at once. Spectacle and self-interest were braided through public institutions, from the lawn to the ballroom to the reflecting pool. A war was announced, signed, and then stripped of its own justification within days, its terms disputed by the very foreign government it concerned. Lethal force against civilians went unanswered while protest of that force drew prosecution, and a mosque leader's detention was found to be retaliation for protected speech. Yet courts intervened to restore erased history and enforce a renaming order; a state legislature refused to exploit a weakened voting-rights ruling; and sustained local opposition halted a major detention facility before it opened. None of these counterweights undid the week's central pattern, but they marked, clearly, that the pattern was still being contested — in courtrooms, in statehouses, and in the gap between what officials claimed and what the record showed. ```</p>
","This week fused spectacle, secrecy, and institutional friction.","2026-10-10 08:16:51","digest","https://thedemocracyclock.com/week-74-digest-a-birthday-party-a-vanishing-war-rationale-and-an-expanding-enforcement-state/","https://thedemocracyclock.com/wp-content/uploads/week74-digest-featured.jpg","week74-digest-featured.jpg","","","","","","","https://thedemocracyclock.com/wp-content/uploads/week74-digest-featured.jpg","https://thedemocracyclock.com/wp-content/uploads/week74-digest-featured.jpg","Digest","Weekly digest week 74, A Birthday Party, a Vanishing War Rationale, and an Expanding Enforcement State, Week 74 – June 13–19, 2026, Power and Authority, Institutions and Governance, Economic Structure, Civil Rights and Dissent, Information, Memory and Manipulation, Trump turns the White House lawn into a UFC arena for his 80th birthday, Courts force Trump's name off the Kennedy Center and restore erased park history, A $70 billion deportation funding bill and a blocked slush fund for allies, FBI raids a voter registration group in Ohio, Trump announces an abrupt Iran ceasefire and naval withdrawal, DOJ clears a $111 billion media merger and Musk becomes the first trillionaire, White House considered suspending habeas corpus for deportations, DOJ investigates Governor Newsom as a potential 2028 rival","publish","","","","","","week-74-digest-a-birthday-party-a-vanishing-war-rationale-and-an-expanding-enforcement-state","","","","","","","","","","74","20260613","20260619","June 13 - 19, 2026","","","","","","","","","","","","","","","","","","",""
"","A Reflecting Pool, a Supreme Court Reversal, and a Housing Bill Held Hostage","<!-- Generated by build_publish_week_v2 (WordPress digest HTML) -->


<p>```markdown This was a week in which a government agency could not keep a swimming pool clean, and the Supreme Court dismantled a precedent that had governed the presidency since 1935. Both stories ran in parallel for seven days, one absurd and one structural, and by Friday it was clear they belonged to the same account of how power was being exercised. Courts pushed back harder than almost any other institution, immigration protections for hundreds of thousands of people were finally and permanently stripped away, nine protesters were sentenced to decades in prison, and a bipartisan vote to limit a war collapsed within forty-eight hours under direct presidential pressure.</p>
<p>**The Weekend**</p>
<p>The weekend set the tone with a pair of Supreme Court rulings that would come to define the week's second half. In twin 6-3 decisions, the Court allowed the administration to terminate Temporary Protected Status for roughly 350,000 Haitians and several thousand Syrians, and separately cleared the way for asylum seekers to be physically turned back at the border. Both rulings arrived despite Trump's documented disparaging remarks about the countries in question, and both would be finalized later in the week with no further avenue for judicial review.</p>
<p>Alongside that, a cluster of federal courts pushed in the opposite direction on enforcement tactics. A judge ordered the release of a religious leader detained for pro-Palestinian speech; another barred most ICE courthouse arrests in New York; a Trump-appointed judge called ICE practices &quot;abhorrent and illegal&quot;; and Human Rights Watch documented unlawful killings and roughly 4,000 detentions tied to a Minnesota operation, where a separate investigation found that 93 percent of street arrests in New York and New Jersey targeted Latinos. The weekend also saw the Justice Department indict 15 Minnesota protest defendants while publicly emphasizing alleged Antifa ties — a framing that would matter more by midweek — and Trump installed William Pulte, a political loyalist with no intelligence background, as acting director of national intelligence. Within a day, Pulte ordered roughly 300 firings at the National Counterterrorism Center.</p>
<p>It was also over the weekend that the Lincoln Memorial Reflecting Pool first became a national story, as Trump began blaming unspecified &quot;vandals&quot; for algae and peeling coating that were, by all available evidence, the product of a botched $14.2 million renovation.</p>
<p>**Monday**</p>
<p>The administration's foreign policy took an abrupt turn. The Treasury Department issued a 60-day license permitting Iranian oil sales in U.S. dollars, following Vice President Vance's announcement of a nuclear inspections agreement reached at a Switzerland summit. Iran almost immediately and publicly disputed the terms Vance had described, particularly around inspector access, leaving a major sanctions reversal resting on a diplomatic claim the other side denied.</p>
<p>The Justice Department also sued New York over its laws barring masked federal enforcement and local cooperation agreements with ICE, while New York filed its own suit over the administration's noncompliance — a dispute over the basic boundary between state and federal authority. Public health policy absorbed further cuts: NIH froze HIV research funding in South Africa, a proposed 2027 budget would eliminate the CDC's HIV-prevention budget entirely, and the House proposed stripping $225 million from the Ryan White program, compounding new Medicaid work requirements that threaten coverage for millions. Trump also renewed his push for a National Guard deployment in Chicago over Governor Pritzker's objections.</p>
<p>Quietly, FEC filings revealed a Republican dark-money network funneling more than $4.3 million into ostensibly progressive PACs designed to boost weaker Democratic primary candidates, while AI industry super PACs spent over $24 million to influence a single New York primary centered on AI regulation — a story that would resolve later in the week.</p>
<p>**Tuesday**</p>
<p>Tuesday brought the sharpest split of the week between judicial restraint and executive escalation. Federal courts blocked the use of a flawed immigration database to purge voter rolls, ruled against the Justice Department in its ninth consecutive voter-file case, quashed subpoenas against Minnesota officials as politically motivated, and saw the Seventh Circuit order DOJ to slow its voter-roll actions in Wisconsin — a near-total judicial rebuff of the administration's effort to centralize control over state voter data ahead of the midterms.</p>
<p>At the same time, nine Texas protesters convicted after a 2025 demonstration at an ICE detention center were sentenced to between 30 and 100 years, including one defendant who had not even been present at the protest. It was the first case to apply Trump's &quot;antifa&quot; domestic terrorism declaration, and the sentences exceeded those handed down for January 6 defendants — an unprecedented use of terrorism statutes against political dissent.</p>
<p>Trump also turned on the press that day, calling New York Times reporters &quot;corrupt and unethical cowards&quot; and their Iran war coverage &quot;TREASONOUS&quot; after a story questioned the war's achievements, announcing he would fold the reporting into an existing lawsuit against the paper. Separately, the Justice Department opened a civil rights investigation into a Brooklyn coffee shop that had briefly banned a pro-Israel congressman, raising its own questions about using federal power against ordinary political speech.</p>
<p>The reflecting pool story escalated in parallel: an Olympic canoeist was arrested for touching the peeling liner, National Guard troops and out-of-state police patrolled the site, and Trump threatened ten-year prison sentences while repeating unsubstantiated damage claims. And in a genuine break from the week's pattern, the Senate passed a war-powers resolution requiring congressional authorization for continued Iran military action, 50-48, with four Republicans joining Democrats — the first time such a measure had cleared both chambers.</p>
<p>**Wednesday**</p>
<p>That bipartisan moment did not survive contact with the president. Trump confronted Senators Cassidy and others at a Capitol lunch, accusing them of disloyalty over the war-powers vote; Cassidy said he matched the president's raised volume.</p>
<p>The same day delivered the week's most consequential single ruling: in Trump v. Slaughter, the Supreme Court overturned Humphrey's Executor, the 1935 precedent that had protected independent agency leaders from removal without cause, following Trump's earlier firing of FTC Commissioner Rebecca Slaughter. Legal experts warned the decision effectively installs a loyalty test for agency leadership across the federal government. The Court also ruled that border officials may deport lawful permanent residents suspected of crimes of &quot;moral turpitude&quot; without the clear-and-convincing evidence previously required, stripping an established due-process safeguard from green-card holders.</p>
<p>Appeals courts continued resisting the administration's voter-roll efforts — the Sixth Circuit rejected a DOJ suit against Michigan — extending an unbroken losing streak across 30 states and the District of Columbia. And the Texas protester sentences were finalized in full: eight defendants received 50 to 100 years and a ninth received 30 years for possessing political materials, with legal experts calling the outcome a direct attack on protest and ideological expression. Separately, ICE and CBP surveillance contract spending reached a record $513 million, and the $24 million tech-industry fight over New York's 12th district primary concluded with the AI-safety-aligned candidate's defeat.</p>
<p>**Thursday**</p>
<p>By Thursday, the war-powers resolution had collapsed entirely. After Trump called Cassidy a &quot;lunatic&quot; and summoned him to a White House briefing, the Senate reversed itself, voting 50-47 against the same measure it had passed two days earlier — a bipartisan check on war powers dismantled within 48 hours through direct presidential pressure on individual senators.</p>
<p>Congress absorbed a second blow to its independence the same day: minutes before a scheduled signing ceremony, Trump canceled his signature on a bipartisan housing bill that had passed 85-5 in the Senate and 358-32 in the House, demanding the Senate first pass the SAVE Act, a voting-restriction measure. He separately conditioned renewal of FISA surveillance authority on the same demand, prompting Rep. Luna to shut down the House floor and triggering a 19-day Senate adjournment.</p>
<p>Courts, meanwhile, kept striking at the underlying premise of those demands: Judge Casper permanently blocked the administration's proof-of-citizenship voter registration order, and Judge Talwani ruled unconstitutional an executive order tying mail-ballot delivery to federal voter-roll submission, both finding that the Constitution grants the president no specific authority over elections.</p>
<p>The Supreme Court's TPS and asylum rulings were finalized the same day in Mullin v. Doe and related cases, barring judicial review of the TPS terminations and upholding the border &quot;metering&quot; policy; Justice Kagan's dissent described the president's statements about the affected countries as &quot;repellent and racially inflected.&quot; Judges also kept pressing the administration on transparency, ordering further disclosure in the Epstein files matter and demanding explanation for a tarp obscuring the Kennedy Center facade after a court-ordered name change.</p>
<p>Away from the courts, Trump commissioned a 250-foot triumphal arch he said would be privately funded, even as a New York Times analysis found his 18 major second-term construction projects carried more than $1 billion in potential taxpayer cost. He also announced on social media that he had directed the Justice Department to investigate oil companies over gas prices. In California, a one-time 5 percent billionaire wealth tax qualified for the November ballot after gathering double the required signatures, prompting tech billionaires to begin funding competing measures to block it. And Senator Wyden warned that HHS was preparing to deport more than 500 unaccompanied migrant children using a legal framework without statutory authority, ahead of a June 30 court deadline.</p>
<p>**Friday**</p>
<p>The week closed with the TPS and asylum rulings fully in effect and the administration treating them as a political victory: a White House fact sheet celebrated the decisions and listed 60 immigration enforcement actions as the &quot;largest and most aggressive&quot; crackdown in American history, even as advocates warned the Court's reasoning put 1.3 million people across more than a dozen TPS-covered countries at risk.</p>
<p>Trump, addressing the Faith &amp; Freedom Coalition, called Democratic opponents &quot;godless communists&quot; and &quot;animals&quot; following a wave of progressive primary wins, falsely linking them to violent communism; Speaker Johnson echoed the rhetoric and separately pledged to shield the administration from oversight if Republicans retained Congress in the midterms. White House deputy chief of staff Stephen Miller stated plainly that the country &quot;doesn't have a future&quot; without ending birthright citizenship, an explicit statement of intent to dismantle a 14th Amendment guarantee.</p>
<p>Civil liberties concerns deepened further: at least half of roughly 90 people arrested protesting an ICE detention center in New Jersey were contacted by FBI agents seeking to recruit them as informants, and Justice Department data showed that 57 percent of more than 750,000 children facing deportation hearings lacked legal representation — a higher rate than for unrepresented adults. In smaller but telling episodes, an anonymous, fabricated child-abuse report briefly separated former Transportation Secretary Pete Buttigieg's family, and Representative Tom Emmer told a political audience that Somalis &quot;don't assimilate&quot; and should &quot;go the hell back,&quot; a sharp reversal from his earlier public praise of Somali immigrants.</p>
<p>**Through the Week**</p>
<p>Threaded through all six days was the reflecting pool, which never stopped being both ridiculous and revealing. A government contractor's failure became, in the president's telling, a conspiracy of leftist saboteurs; an elderly Olympic canoeist was detained for touching the pool's peeling liner; out-of-state police and National Guard troops patrolled a public monument against a threat no evidence supported; and the National Park Service ultimately awarded at least $1.7 million in repair work without competitive bidding to a company owned by a major Trump donor. None of this rose to the constitutional stakes of the week's Supreme Court rulings, but it followed the same pattern seen elsewhere — unverified claims used to justify disproportionate force, and public contracts flowing toward the politically connected.</p>
<p>Taken as a whole, the week showed two institutions moving in opposite directions. The judiciary, from district courts up through the circuit level, repeatedly blocked or narrowed administration efforts to purge voter rolls, restrict mail ballots, and compel state cooperation with federal subpoenas, maintaining what by week's end was a near-unbroken record of resistance on election-related questions. The Supreme Court, by contrast, used the same week to remove a 90-year safeguard on the president's power to fire independent agency leaders and to close off judicial review of major immigration decisions affecting hundreds of thousands of people. Congress, briefly asserting itself through the war-powers vote, folded within two days under direct presidential confrontation, and a housing bill with overwhelming bipartisan support was held hostage to force passage of a voting-restriction measure. Sentences of thirty to one hundred years for protesters, handed down under a newly invoked terrorism framework, sat alongside a reflecting pool controlled by fencing and National Guard troops — different in scale, but part of a single week in which claims of threat, whether to national security or to public property, were repeatedly used to justify the concentration and exercise of power with diminishing institutional resistance outside the courts. ```</p>
","This week combined farce with structural change.","2026-10-10 08:16:55","digest","https://thedemocracyclock.com/week-75-digest-a-reflecting-pool-a-supreme-court-reversal-and-a-housing-bill-held-hostage/","https://thedemocracyclock.com/wp-content/uploads/week75-digest-featured.jpg","week75-digest-featured.jpg","","","","","","","https://thedemocracyclock.com/wp-content/uploads/week75-digest-featured.jpg","https://thedemocracyclock.com/wp-content/uploads/week75-digest-featured.jpg","Digest","Weekly digest week 75, A Reflecting Pool, a Supreme Court Reversal, and a Housing Bill Held Hostage, Week 75 – June 20–26, 2026, Power and Authority, Institutions and Governance, Economic Structure, Civil Rights and Dissent, Information, Memory and Manipulation, Supreme Court strips protected status from Haitians and Syrians, authorizes border turnbacks, Federal courts push back on ICE tactics and document systemic abuse, DOJ frames Minnesota protest defendants as an 'antifa-tied' cell, Trump installs unqualified loyalist atop the intelligence community, Reflecting pool saga begins: Trump blames 'vandals' for renovation failure, No-bid contract for pool repairs awarded to firm tied to Trump donor, State-level accountability measures for federal agents move forward, Treasury waives Iran oil sanctions amid disputed diplomatic claims","publish","","","","","","week-75-digest-a-reflecting-pool-a-supreme-court-reversal-and-a-housing-bill-held-hostage","","","","","","","","","","75","20260620","20260626","June 20 - 26, 2026","","","","","","","","","","","","","","","","","","",""
"","A Court That Giveth and Taketh, a Presidency That Cashes In","<!-- Generated by build_publish_week_v2 (WordPress digest HTML) -->


<p>```markdown This was the week the Supreme Court closed out its term, and it did so with a docket that refused to move in one direction. Within the span of a few days, the justices preserved constitutional guarantees in one case and dismantled a decades-old check on presidential power in the next. Running alongside the rulings was a second story, pieced together through financial disclosures and investigative reporting, showing a president whose family's wealth had grown by billions of dollars through ventures his own administration regulates. By week's end, the two threads — judicial power and presidential profit — had become impossible to separate from the broader question of what checks remain on the executive.</p>
<p>**The Weekend**</p>
<p>The week opened on a somber note. On Saturday, the Supreme Court ruled 6-3 to let the administration strip Temporary Protected Status from roughly 350,000 Haitians and thousands of Syrians, clearing the way for deportations even to Haiti, a country under an active State Department travel warning. The ruling set the tone for an enforcement push that would intensify through the week. That same weekend, civic groups including 50501, the Women's March, and the Next250 coalition staged counter-programming to the administration's official 250th-anniversary events, asserting a fuller account of the nation's history. The administration's own &quot;Freedom 250&quot; fair on the National Mall, by contrast, drew sparse crowds despite heavy promotion, with Fox News hosts falsely describing it as packed and performers withdrawing once they recognized its partisan character. The White House also unveiled a commemorative passport bearing Trump's own portrait and signature, and Speaker Mike Johnson warned a conservative audience that a Democratic House majority would use its committees to investigate Trump's family and donors — an admission, of sorts, of what might be found. In Mississippi, police used teargas against demonstrators seeking accountability for the shooting death of a one-year-old child, while officials withheld the body-camera footage.</p>
<p>**Monday**</p>
<p>By Monday, the Court's term-ending docket began in earnest, and a separate story broke that would recur throughout the week: a Guardian investigation revealed that the White House's National Design Studio, staffed by veterans of the Department of Government Efficiency, had quietly rebuilt sensitive federal websites — a government login gateway, passport applications, children's savings accounts — operating outside the agencies legally responsible for them, without the privacy filings or spending disclosures normally required. The systems handled identity, financial, and passport data for millions of Americans, built and run by a parallel structure largely invisible to statutory oversight. It was, in its quiet way, one of the week's most significant stories: a structural expansion of executive reach that would outlast any single ruling.</p>
<p>The Court itself handed down two major and divergent decisions that day. In Slaughter v. Trump, a 6-3 majority overturned Humphrey's Executor, the 91-year-old precedent that had shielded heads of independent agencies from removal without cause. Adopting a &quot;unitary executive&quot; theory, the ruling gave the president sweeping new control over roughly two dozen agencies Congress had designed to operate independently of direct political control — a decision dissenting justices warned would reshape the structure of the federal government itself. Yet the same day, in a 5-4 ruling, the Court blocked Trump's attempted removal of Federal Reserve governor Lisa Cook, finding he had failed to provide the legally required notice and allowing her to remain on the board while her challenge proceeded. The Court, in other words, expanded removal power broadly while drawing a narrow, almost surgical line to protect the Fed's independence specifically. The justices also declined to hear Trump's final appeal of the $5 million E. Jean Carroll defamation verdict, closing out that chapter with the judgment intact.</p>
<p>Monday's immigration developments compounded the weekend's TPS ruling. North Carolina's legislature overrode gubernatorial vetoes to mandate sheriff cooperation with ICE and to pass anti-DEI education measures, while DHS Secretary Mullin defended deportations to Haiti despite the standing travel warning — a defense Ohio's Republican governor, Mike DeWine, publicly broke with. Elsewhere, reporting showed the administration had redirected funding from more than 900 National Park Service safety and maintenance projects while proposing to cut park staff by nearly a third, even as it sought $10 billion from Congress for Washington beautification, a request the Senate rejected. North Carolina's Senate advanced a bill criminalizing homeless encampments, even as Seattle and New York swore in new Democratic socialist mayors, Katie Wilson and Zohran Mamdani, the latter soon securing a rent freeze covering nearly a million apartments. At the Pentagon, Defense Secretary Pete Hegseth continued an unexplained purge of senior military leadership, removing more than two dozen officers including the former Joint Chiefs chair and top Navy, Coast Guard, and Army leadership.</p>
<p>**Tuesday**</p>
<p>Tuesday brought the Court back to more protective ground. The justices rejected a Republican National Committee challenge to state laws counting mail-in ballots postmarked by Election Day, ruled that geofence warrants require Fourth Amendment protection, and agreed to hear a future case on proof-of-citizenship voting requirements. Away from the Court, Republican Senator Bill Cassidy publicly accused Trump of treating Congress &quot;as an appendage&quot; after being berated over his support for an Iran war-powers resolution — a rare public break from a sitting Republican senator over military transparency, though Cassidy later withdrew his support once belatedly briefed. Trump, meanwhile, dismissed a bipartisan housing bill that had passed 358-32 as &quot;a big yawn,&quot; conditioning his signature on passage of the SAVE Act and blaming Republican holdouts including Lisa Murkowski. Legal resistance widened on multiple fronts: the Justice Department sued Massachusetts and Rhode Island over in-state tuition for undocumented students, federal employee unions sued over disability accommodations, 23 states challenged a Medicaid work-requirement rule, and courts granted injunctions protecting Seattle and Shoreline from DEI-related funding conditions. Trump also declared a fertilizer emergency to permit duty-free phosphate imports from Morocco and threatened to prosecute gas station owners who failed to lower prices — a threat Treasury Secretary Bessent would later echo.</p>
<p>**Wednesday**</p>
<p>Wednesday delivered the week's most consequential cluster of rulings. In Trump v. Barbara, the Court upheld birthright citizenship, striking down Trump's executive order and affirming the 14th Amendment's guarantee for children born on U.S. soil — a genuine preservation of a foundational constitutional right, though the margin was narrower than expected, with four justices expressing openness to revisiting the precedent in the future. In a separate 6-3 ruling, the Court upheld state bans on transgender athletes in women's sports, overturning lower-court decisions in Idaho and West Virginia and clearing the way for similar bans across roughly 25 other states. A third ruling eliminated limits on coordinated party campaign spending, extending a two-decade trend of dismantling campaign finance restrictions.</p>
<p>Away from the Court, HHS restructured its civil rights office to elevate religious exemptions, a move legal experts warned could enable healthcare providers to refuse care related to LGBTQ+ health, reproductive services, and vaccines. An HHS report found at least 5 million Americans had lost health insurance in the first half of the year due to the end of ACA subsidies — a loss Dr. Oz publicly minimized by suggesting exercise could offset healthcare costs. The Atlantic reported internal White House discussion of a &quot;250 pardons for 250 years&quot; initiative, alongside accounts of pardons being offered through international lobbying for roughly $2 million. And early reporting previewed Trump's forthcoming financial disclosure, pointing to $2.2 billion in earnings, much of it from cryptocurrency.</p>
<p>**Thursday**</p>
<p>By Thursday, the week's threads began to converge. One day after the Court upheld birthright citizenship, Acting Attorney General Blanche directed federal prosecutors to pursue fraud charges in &quot;birth tourism&quot; cases — despite acknowledging the practice accounts for less than one percent of U.S. births — an apparent attempt to narrow through enforcement what the Court had just affirmed. A federal judge separately blocked a USPS plan to deny mail-ballot delivery to states that refused to share voter rolls with DHS, the second judicial setback for the administration's mail-voting restrictions in recent weeks. Florida's state education board voted to bar undocumented and non-citizen students from all 28 public universities, a move critics said exceeded its authority. In New York, nearly half a million residents lost coverage as the state's Essential Plan ended, a direct consequence of federal Medicaid cuts and the expiration of ACA subsidies.</p>
<p>ICE arrested more than 10,000 people in five days, nearly doubling its prior daily pace, while new student loan borrowing caps and the elimination of income-driven repayment plans took effect. New reporting detailed Trump's substantial NVIDIA and Amazon holdings while he set policy affecting those firms, stock purchases made ahead of his own tariff-pause announcement, and an undisclosed $50 million loan. And in a case testing the boundaries of military dissent, an active-duty Air Force officer, Major Jason Watson, was arrested in uniform while holding a sign calling for Trump and Vance's impeachment; the Air Force opened an investigation that could end his career.</p>
<p>**Friday**</p>
<p>The week closed with its heaviest convergence yet. The Court weakened the Voting Rights Act, giving southern legislatures greater latitude to redraw districts previously protected to ensure minority representation — a decision experts said would meaningfully reduce the number of Black representatives in Congress. A House Democratic investigation titled &quot;From Vanity to Insanity&quot; alleged the 250th-anniversary celebration had been turned into a vehicle for self-dealing, with donor funds routed through a shadow entity, sponsorships sold for access, and civic programming replaced by partisan content.</p>
<p>Trump's 927-page ethics disclosure confirmed the $2.2 billion in earnings previewed earlier in the week, more than $1.4 billion of it from family crypto ventures, even as the SEC eased enforcement on exchanges listing his coin and the Senate Banking Committee voted down a measure barring presidential crypto ownership. Separate reporting showed Trump's sons had taken a 20 percent stake in a company tied to a Kazakhstan mining deal secured by the administration, and that at least 14 companies connected to the Trump and Lutnick families had received or were being considered for $8.9 billion in federal funding.</p>
<p>In New Orleans, a judge sealed his courtroom in violation of state law during the indictment of the state's attorney general, and journalists who objected were handcuffed — a decision the state supreme court later stayed over the procedural violations. The Fifth Circuit, meanwhile, ruled that the government cannot detain immigrants longer than 90 days without a bond hearing, restoring a measure of judicial review amid the enforcement surge. The administration allocated $68 million to a politically connected contractor for its July 4th celebration, while federally funded &quot;Freedom Trucks&quot; exhibits presented a sanitized version of American history omitting slavery and Native removal. And legal experts, echoing Speaker Johnson's warning from the weekend, predicted that a Democratic House majority would move quickly to investigate alleged corruption, a proposed slush fund, and possible emoluments violations.</p>
<p>Taken as a whole, the week offers a rare, condensed view of a government institution pulling in two directions at once. The Supreme Court affirmed birthright citizenship and mail-ballot access even as it stripped humanitarian protections from hundreds of thousands of people, gutted a long-standing check on presidential removal power, and narrowed voting-rights protections that had shaped congressional representation for half a century — often by margins thin enough to invite reversal. Set against that judicial record, the week's financial disclosures turned what had been reported allegation into documented fact: a sitting president earning billions from an industry his administration regulates, with family members profiting from government-brokered deals abroad and a shadow web infrastructure handling citizens' data beyond the reach of ordinary oversight. Courts, state officials, journalists, and even members of the president's own party pushed back at nearly every turn — through injunctions, public dissent, and investigative reporting — but the week's cumulative record suggests an executive branch testing, and in several cases finding, the limits of what existing checks can still restrain. ```</p>
","This was a week defined by the Supreme Court's year-end docket dump, which cut in sharply different directions: the Court preserved birthright citizenship and mail-in ballot","2026-10-10 08:16:59","digest","https://thedemocracyclock.com/week-76-digest-a-court-that-giveth-and-taketh-a-presidency-that-cashes-in/","https://thedemocracyclock.com/wp-content/uploads/week76-digest-featured.jpg","week76-digest-featured.jpg","","","","","","","https://thedemocracyclock.com/wp-content/uploads/week76-digest-featured.jpg","https://thedemocracyclock.com/wp-content/uploads/week76-digest-featured.jpg","Digest","Weekly digest week 76, A Court That Giveth and Taketh, a Presidency That Cashes In, Week 76 – June 27 to July 3, 2026, Power and Authority, Institutions and Governance, Economic Structure, Civil Rights and Dissent, Information, Memory and Manipulation, Supreme Court strips Temporary Protected Status from Haitians and Syrians, Civil society stages counter-programming for the nation's 250th anniversary, Trump's official anniversary fair draws sparse crowds amid inflated coverage, Commemorative passport features Trump's portrait and signature, Speaker Johnson warns of Democratic 'targeting' if midterms are lost, Mississippi police use force against protesters seeking justice for a child's killing, White House builds parallel federal websites outside normal oversight, Supreme Court overturns 91-year-old check on presidential removal power","publish","","","","","","week-76-digest-a-court-that-giveth-and-taketh-a-presidency-that-cashes-in","","","","","","","","","","76","20260627","20260703","June 27 - July 3, 2026","","","","","","","","","","","","","","","","","","",""
"","A Semiquincentennial of Spectacle, Shootings, and Strained Alliances","<!-- Generated by build_publish_week_v2 (WordPress digest HTML) -->


<p>```markdown The country's 250th anniversary fell this week, and the week that followed showed, in compressed form, nearly every strand of tension that has come to define American public life: ceremony bent toward politics, federal force turned lethal against bystanders, alliances tested abroad, and courts repeatedly asked to hold the line at home. It began with fireworks and a flag-draped stage, and it ended with a farmworker's death, a Senate campaign's collapse, and a housing bill signed into law without the president's signature.</p>
<p>**The Weekend**</p>
<p>The weekend's commemorations set the tone. A storm-delayed, late-night address on the National Mall saw the president describe political opponents as communists and repeat claims of election fraud, and a follow-up speech at Mt. Rushmore called for voter-ID legislation and warned, without evidence, of a century of lost elections if it failed to pass. At one point he appeared to reference serving a third term before catching himself. What might have been a unifying national commemoration instead became an occasion for campaign rhetoric and a preview of fights over voting rules that would recur throughout the week.</p>
<p>The celebration carried a literal toll as well. An 850,000-firework display — roughly 121 times the previous year's show — released an estimated nine metric tons of toxic compounds into the air over a major American city, triggering a Code Red and then a Code Purple air-quality alert, thousands of emergency calls, and hospital visits. Internal documents suggested officials had anticipated the pollution beforehand. Separately, hundreds of masked Patriot Front marchers carried Confederate flags through the capital chanting &quot;Reclaim America,&quot; and the White House did not respond to questions about whether the president condemned the demonstration. Days later, a House Natural Resources Committee report alleged that congressional funds meant for the bipartisan America250 program had instead been routed to a parallel &quot;Freedom 250&quot; entity, including payments to the firm that organized the rally preceding the January 6th Capitol riot — adding a financial dimension to the weekend's political theater.</p>
<p>Other threads emerged early and would develop through the week. Reporting revealed that nearly a million people lost a combined $3.81 billion on the president's memecoin as its value collapsed 97 percent, while he personally extracted $636 million in upfront fees — a stark asymmetry between presidential profit and public loss that drew little formal response. On the Democratic side, early fractures surfaced in Senate primary contests: Dan Goldman lost his Brooklyn primary to a more pro-Palestinian challenger, Mallory McMorrow withdrew from Michigan's race, and a Brooklyn café's refusal to serve Goldman drew a federal civil rights inquiry. In Maine, allegations against Senate nominee Graham Platner began building pressure that would culminate later in the week. And in an unrelated but telling episode, the president personally called FIFA's president to reverse a red-card suspension against a U.S. soccer player — the first such reversal since 1962 — drawing international notice to the reach of his personal interventions.</p>
<p>**Tuesday**</p>
<p>By Tuesday, the week's gravest story began. An ICE officer in Houston shot and killed Lorenzo Salgado Araujo, a 52-year-old construction worker who had lived in the United States for 35 years, during what officials described as a mistaken-identity traffic stop. The Department of Homeland Security claimed Salgado Araujo had &quot;weaponized&quot; his vehicle; his family and three witnesses who had been riding with him disputed that account. No body-camera footage existed. The Harris County Medical Examiner would go on to rule the death a homicide. The case would not recede over the following days — it would deepen.</p>
<p>The same day, the Supreme Court narrowed legal protections for immigrants in two separate rulings. A 6-3 decision held that Temporary Protected Status determinations are largely shielded from judicial review, threatening status for more than a million people, including over 300,000 Haitians. A second ruling approved reinstatement of the &quot;metering&quot; policy limiting asylum claims at the southern border. Later reporting would detail the practical consequences: tens of thousands of healthcare and caregiving workers stood to lose work authorization, compounding an existing caregiver shortage. Against this, the 11th Circuit struck down the higher-education provision of Florida's Stop Woke Act in a 2-1 ruling, finding the state had been &quot;puppeteering&quot; educators' speech on race and gender — one of several moments this week in which courts pushed back against expansive state or federal authority even as other rulings narrowed protections elsewhere.</p>
<p>**Wednesday**</p>
<p>On Wednesday, attention shifted to a NATO summit that unraveled in public view. The president criticized allies for not backing strikes on Iran, ordered a trade cutoff with Spain over a base-access dispute, confused Iran with Japan and Zelensky with Putin, and used rhetoric toward Iran's civilian infrastructure that observers described as genocidal. A German official said plainly that &quot;Europeans don't take Trump seriously any longer.&quot; Amid an alleged credible missile threat, the Secret Service moved the president through a catering truck to a smaller aircraft while journalists and senior officials remained aboard the original Air Force One as an apparent decoy, with reporters ordered to lower their window shades — leaving the people meant to document the presidency unknowingly serving as a shield for it.</p>
<p>The same day, back in Houston, three eyewitnesses to Salgado Araujo's shooting — including his brother — were detained by ICE at an undisclosed location, prompting fear among family and advocates that they would be deported before they could testify. The Justice Department simultaneously escalated pressure on state election administration, sending letters to all 50 states threatening criminal prosecution over noncitizen-voting claims, announcing election monitors for Democratic-leaning jurisdictions in six states, and demanding voter data from Lansing, Michigan. In a separate but related legal track, Judge Lewis Kaplan ordered release of the $5.8 million judgment E. Jean Carroll had won against the president, after the Supreme Court declined to review the case; the president immediately filed notice of appeal. Defense Secretary Hegseth also announced a new Pentagon-DOJ taskforce to prosecute unauthorized press disclosures, while a military officer who had called for impeachment was restricted to base under a gag order — a pairing of actions aimed, in different ways, at narrowing dissent.</p>
<p>**Thursday**</p>
<p>By Thursday, courts continued to reject delay. The Second Circuit denied the administration's bid to postpone the Carroll payment, and the D.C. Circuit rejected a request to pause the removal of the president's name from the Kennedy Center, finding no evidence to support the administration's claimed financial harm. In a separate and striking move, the president announced he would seek an unprecedented rehearing of the Supreme Court's recent decision upholding birthright citizenship — a ruling the Court had issued only a week earlier — calling it &quot;wrong&quot; and citing a Texas hospital's maternity marketing to Mexican mothers as evidence of &quot;birth tourism.&quot; Meanwhile, in Houston, pressure for accountability sustained itself: DHS's own Inspector General, rather than an independent body, was assigned to investigate the shooting; Representative Sylvia Garcia demanded a full inquiry with evidence preservation; and hundreds marched down Canal Street building a memorial as LULAC offered a reward and gathered nearly 70,000 petition signatures. Illinois Governor J.B. Pritzker, reacting to the NATO summit's confusion, publicly suggested the president was &quot;suffering from dementia,&quot; injecting fitness-for-office questions into open political discourse.</p>
<p>**Friday**</p>
<p>Friday brought a second fatal immigration enforcement action, distinct from the one in Houston. Agents in tactical gear raided two California cannabis facilities operating as Glass House Farms, deploying chemical munitions against protesters. A 56-year-old farmworker, Jaime Alanis, fell 30 feet to his death during the operation. A U.S. Army veteran, George Retes, was detained for days without charge. In total, 375 people, including minors, were arrested. Both the Alanis family and Retes filed lawsuits. Coming less than a week after the Houston shooting, the raid marked a second instance of lethal federal immigration enforcement within the same cycle, reinforcing a pattern rather than an isolated episode.</p>
<p>The same day, the Graham Platner story reached its conclusion. Facing sexual assault allegations and resurfaced controversial social media posts, the Democratic Senate nominee in Maine withdrew his candidacy, ending a crisis that had drawn pressure from Bernie Sanders and most of the party's leadership — a resolution to a thread that had been building since the opening days of the week. Separately, the president declined to sign a bipartisan housing affordability bill that had passed with large majorities, stating he would withhold his signature &quot;in protest&quot; unless the Senate passed the SAVE America Act. The bill became law anyway at midnight without his signature, the constitutional process functioning despite the attempted leverage. The week closed with two further regulatory moves: a new rule cutting habitat protections for endangered species, described by environmentalists as the largest such rollback in fifty years, and a second War Powers Act notification on Iran that was interpreted internally as restarting the statute's 60-day clock — an interpretation legal analysts said had no basis in law. In Minnesota, Secretary of State Rubio revoked the legal status of a Laotian immigrant whom the governor had pardoned weeks earlier and had him deported, using the case to criticize state sanctuary policies.</p>
<p>Taken as a whole, the week showed a federal government reaching further into realms long governed by norms, process, and institutional restraint — commemorations turned partisan, alliances strained by confusion and threat, immigration enforcement resulting in two separate deaths within days of each other, and a demand to revisit a constitutional ruling barely a week old. But it also showed resistance built into the system rather than imposed from outside it: courts that refused delay tactics, an appeals panel that struck down a speech-restrictive law, a housing bill that became law despite an attempt to hold it hostage, and a grassroots mobilization in Houston that kept pressure on federal investigators who might otherwise have let a death go unexamined. The week did not resolve the tension between these forces. It simply made it visible, day by day, from a storm-delayed speech on the Mall to a farmworker's fall in a California field. ```</p>
","The week began with the nation's 250th anniversary converted into campaign theater: a late-night Mall speech attacking opponents as communists, a Mt.","2026-10-10 08:17:05","digest","https://thedemocracyclock.com/week-77-digest-a-semiquincentennial-of-spectacle-shootings-and-strained-alliances/","https://thedemocracyclock.com/wp-content/uploads/week77-digest-featured.jpg","week77-digest-featured.jpg","","","","","","","https://thedemocracyclock.com/wp-content/uploads/week77-digest-featured.jpg","https://thedemocracyclock.com/wp-content/uploads/week77-digest-featured.jpg","Digest","Weekly digest week 77, A Semiquincentennial of Spectacle, Shootings, and Strained Alliances, Week 77 – July 4–10, 2026, Power and Authority, Institutions and Governance, Economic Structure, Civil Rights and Dissent, Information, Memory and Manipulation, July 4th becomes a campaign rally, not a commemoration, Toxic fireworks display triggers worst air quality of any major city, White nationalist march in the capital goes uncondemned, Pardons and emissions rollback move together, Early fractures in Democratic primary races, Trump pressures FIFA to reverse a World Cup suspension, House Democrats allege diversion of America250 funds to a parallel Trump-branded operation, Trump's memecoin collapses as investors lose billions while he profits","publish","","","","","","week-77-digest-a-semiquincentennial-of-spectacle-shootings-and-strained-alliances","","","","","","","","","","77","20260704","20260710","July 4 - 10, 2026","","","","","","","","","","","","","","","","","","",""
"","The Week Executive Power Stopped Asking Permission","<!-- Generated by build_publish_week_v2 (WordPress digest HTML) -->


<p>```markdown This was a week in which the presidency moved like an institution no longer waiting to be told no. Across seven days, the executive branch expanded military action without new congressional sign-off, converted a routine housing bill into leverage for voting restrictions, watched immigration agents kill three civilians who were not their targets, and closed with a nationally televised speech threatening the broadcast licenses of networks that declined to carry it. Courts, a scattering of Republicans, and journalists pushed back throughout, with results that were real but partial.</p>
<p>The pattern was visible before the weekend had properly started. Trump declined to sign a bipartisan housing bill, letting it become law automatically rather than attaching his name to it—a deliberate inaction meant to pressure the Senate into passing the Save America Act, a mail-in-ballot ban and voter-ID measure that lacked the votes to pass on its own. Around the same time, the administration notified Congress that hostilities with Iran had resumed, asserting a fresh 60-day war-powers clock despite having claimed only weeks earlier that a ceasefire was holding. Neither move asked permission. Both would recur, in variation, all week.</p>
<p>At Camp David, Trump convened a closed session on a reconciliation-based military funding package, inviting only hardline Freedom Caucus members and confiscating attendees' phones. Moderate Republicans were shut out entirely; one invitee who did attend indicated afterward that she would vote against the resulting package anyway. It was a small episode next to the week's larger stories, but it set a tone: negotiation narrowed to those already in agreement, dissent filtered out before it could reach the table.</p>
<p>Then came Houston. An ICE agent shot and killed Lorenzo Salgado Araujo, a business owner and father who was not the agency's intended target, amid a surge of enforcement activity staffed partly by agents hired without standard vetting. It was the first of three such deaths within the week, each in a different city, each involving someone the government had not set out to arrest. Almost simultaneously, the Justice Department subpoenaed four New York Times reporters to testify before a grand jury over their coverage of Secret Service concerns about the Qatari-donated Air Force One—a subpoena that followed an eight-hour FBI investigation directed from inside the White House. Press freedom and immigration enforcement, two of the week's defining threads, were both already in motion before Monday arrived.</p>
<p>Monday delivered the week's clearest instance of judicial pushback holding. Federal Judge Kathleen Williams voided a $10 billion lawsuit Trump had filed against the IRS, finding it had been filed in bad faith to manufacture a fraudulent $1.776 billion settlement that would have shielded Trump, his family, and his associates from tax-crime prosecution. She sanctioned his attorneys and referred some for professional discipline. It was a rare case of a court not merely slowing an executive maneuver but naming it for what it was and unwinding it outright.</p>
<p>The same day brought a second fatal ICE shooting, this one in Maine. Officer David Brouillette, hired despite a documented history of domestic-violence allegations and without standard vetting, killed Johan Sebastián Durán Guerrero, a Colombian national authorized to work in the United States, during a vehicle stop with no body camera present. Separately, Trump removed three members of an independent federal commission that works with states on election administration, a move Senate Democrats characterized as interference ahead of the midterms. By proclamation, the administration also shrank the Bears Ears and Grand Staircase-Escalante national monuments by roughly 90 percent each, stripping protection from nearly three million acres, disbanding the Bears Ears Commission, and opening the land to mining. And Trump tied renewal of an expired surveillance law to passage of the Save America Act—another unrelated priority pressed into service of the voting-restriction push.</p>
<p>Tuesday brought a third death connected to immigration enforcement: a 28-year-old man fleeing an ICE encounter at a Florida gas station was struck and killed by a tractor-trailer, on the very day border czar Tom Homan announced ICE would pause most vehicle stops to review procedures following the two prior shootings. The timing underscored how far operational pressure had outrun any attempt at reform. The same day, Mahmoud Khalil, detained for 104 days, sued Trump officials and allied groups under the Ku Klux Klan Act of 1871, alleging a coordinated campaign—branded internally as Project Esther—to identify and deport pro-Palestinian activists. A report from Physicians for Human Rights and UC Berkeley documented 203 injuries, including blindings and traumatic brain injuries, from 412 incidents of crowd-control weapon misuse against immigration-enforcement protesters over the preceding year, with federal officials responsible for nearly two-thirds of them; ICE separately pepper-sprayed Senator Andy Kim during a protest outside a New Jersey detention facility. And Trump removed Cathy Harris from the Merit Systems Protection Board, the body charged with protecting merit-based civil-service hiring, following reporting that the administration had secretly influenced an earlier MSPB ruling in its own favor.</p>
<p>By Wednesday, the one-day-old ICE vehicle-stop pause was gone. Trump personally insisted the stops continue as a &quot;Crime Fighting tool,&quot; and DHS Secretary Markwayne Mullin fell in line, even as the department separately offered undocumented immigrants $2,600 to leave voluntarily. The reversal came less than 24 hours after the policy had been announced, and days after it had followed two fatal shootings of non-targets. Elsewhere, Senate Democrats under Chuck Schumer denied the $1.15 trillion defense authorization bill the votes needed to advance, citing ongoing military exchanges with Iran despite a war-powers resolution passed the previous month—a concrete assertion of congressional leverage against unauthorized warmaking. Trump imposed 25 percent tariffs on Brazil, timed to coincide with an election pitting Lula against Jair Bolsonaro's son, despite a documented U.S. trade surplus with Brazil that undercut the administration's stated rationale. And Todd Blanche, Trump's former personal attorney and acting attorney general, began a contentious confirmation hearing in which he was pressed on both his role in the voided IRS settlement and his handling of redacted Epstein files.</p>
<p>Thursday was the week's loudest day. In a primetime address, Trump revived claims that China had accessed 2020 voter data and that the CIA had covered it up, directed federal agencies to investigate and potentially prosecute officials over the alleged coverup, and called for revoking the broadcast licenses of NBC and ABC after they declined to air the speech live—an escalation FCC Chair Brendan Carr had already signaled he might support. Within hours, the claims collapsed under their own weight. CNN and Senator Mark Warner publicly debunked the specifics; Representative Thomas Massie contradicted the voter-data framing; and John Solomon, the White House's own hired analyst behind the underlying report, admitted on camera that &quot;the intel community has zero evidence&quot; of vote-flipping in 2020, 2022, or 2024. The speech's central claim was dismantled not by adversaries but by the man commissioned to support it.</p>
<p>The same day, the House passed the Save America Act 217–209 along party lines, attaching it to a State Department spending bill destined for a Senate filibuster—the culmination of a week spent tying the measure to unrelated legislation. A House vote to cut $3.3 billion in Israel military aid failed 314–104, but more than 100 Democrats, including Nancy Pelosi and Whip Katherine Clark, broke with leadership to support it, exposing a generational split inside the party. And FBI Director Kash Patel and Chief of Staff Susie Wiles personally ran a White House-directed leak investigation into the Air Force One reporting, confiscating officials' phones, while Stephen Miller delivered a speech describing political opponents in dehumanizing terms and launching a rhetorical campaign against what he called &quot;radical left terrorism.&quot;</p>
<p>Friday closed the loop on several of the week's threads. DHS Secretary Mullin warned state election officials they would be treated as investigative priorities if they refused to run voter rolls through a federal matching tool that courts have blocked sixteen times, while Trump separately ordered DHS to direct states to deem noncitizens ineligible to vote using that same disputed tool. The FBI notified staff it would no longer independently investigate violent encounters involving ICE agents—removing, by week's end, the oversight mechanism that had previously produced evidence used to prosecute agents in such cases. A panel of federal judges unanimously appointed Roger Rogoff as U.S. attorney for the Western District of Washington; Trump fired him about an hour after he took the oath. And despite testimony from a former DOJ pardon attorney alleging retaliatory firing, and judicial criticism over the voided IRS settlement, the Senate confirmed Todd Blanche as attorney general.</p>
<p>The week did not end only in executive consolidation. Over 600 communities began a weekend of voter registration drives, teach-ins, and vigils honoring the late Representative John Lewis, alongside a bipartisan petition against a border-wall project and continued protests near ICE facilities—among them a shooting of a protester by an off-duty detention-center employee. The civic response ran on its own track, parallel to the week's official actions rather than growing out of them.</p>
<p>Taken together, the week showed an executive branch testing boundaries on several fronts simultaneously rather than one at a time: war powers, voting rules, press oversight, civil-service protections, and lethal force in immigration enforcement all moved in the same seven days, each reinforcing the others. Institutional resistance was neither absent nor sufficient—a federal judge voided a fraudulent settlement and sanctioned the lawyers who built it, a Senate majority leader denied a defense bill its votes, a hired analyst contradicted his own commissioned report, and hundreds of communities organized in the streets. But a safety pause ordered after two deaths lasted barely a day, an oversight body lost its members, an independently appointed prosecutor lost his job within the hour, and a Cabinet confirmation proceeded despite documented concerns about its nominee's fitness. The ledger from this week will not be settled by any single verdict; it will be read, instead, in which of these countervailing forces proves durable once the next week begins. ```</p>
","This week showed an executive branch testing how far it could extend without resistance from Congress or the courts.","2026-10-10 08:17:09","digest","https://thedemocracyclock.com/week-78-digest-the-week-executive-power-stopped-asking-permission/","https://thedemocracyclock.com/wp-content/uploads/week78-digest-featured.jpg","week78-digest-featured.jpg","","","","","","","https://thedemocracyclock.com/wp-content/uploads/week78-digest-featured.jpg","https://thedemocracyclock.com/wp-content/uploads/week78-digest-featured.jpg","Digest","Weekly digest week 78, The Week Executive Power Stopped Asking Permission, Week 78 – July 11–17, 2026, Power and Authority, Institutions and Governance, Economic Structure, Civil Rights and Dissent, Information, Memory and Manipulation, Trump withholds signature from housing bill to pressure Senate on voting restrictions, Trump notifies Congress of resumed Iran strikes, claims fresh 60-day war-powers window, Trump holds secret Camp David meeting excluding moderate Republicans, ICE agent kills non-target civilian in Houston, opening a week of fatal enforcement incidents, DOJ subpoenas New York Times reporters over Air Force One security story, Federal judge voids Trump's manufactured IRS settlement, sanctions his lawyers, Second fatal ICE shooting in a week kills non-target in Maine, Trump removes three members of independent election commission","publish","","","","","","week-78-digest-the-week-executive-power-stopped-asking-permission","","","","","","","","","","78","20260711","20260717","July 11 - 17, 2026","","","","","","","","","","","","","","","","","","",""
"","War Funding, Vanishing Casualties, and a Voting Bill Riding Shotgun on Defense Policy","<!-- Generated by build_publish_week_v2 (WordPress digest HTML) -->


<p>```markdown This was a week in which the gap between what Washington said and what Washington did became the story itself. The Iran war entered its fifth month with the Pentagon asking for tens of billions more in funding even as it grew less transparent about the war's human cost, while House Republicans used a defense bill to carry voting restrictions that could not pass on their own, and states lined up in federal court to challenge a push to tie disaster aid to election rules. By week's end, Congress had voted twice to assert control over a war it could not actually stop, and the administration had extended its reach from the battlefield into the halls of the Smithsonian.</p>
<p>The weekend set the tone. President Trump directed the Department of Homeland Security to flag noncitizens on state voter rolls and pressed Congress to pass the Save America Act, while Secretary Markwayne Mullin threatened state officials with prosecution for declining to use a verification tool that courts had already blocked. Stephen Bannon floated invoking a national-security emergency order to force the law through. At the same time, Secretary of State Rubio warned of &quot;Radical Left terrorism&quot; even as data continued to show right-wing political violence far more prevalent — rhetoric delivered against a backdrop of hundreds of coordinated protests over ICE shootings, voter suppression, and AI datacenter expansion. Also emerging over the weekend was the first indication of a story that would recur all week: in the days before an Iranian strike killed two U.S. soldiers, the Pentagon had not disclosed three earlier attacks on American forces in Jordan that injured dozens of troops. A federal immigration agent with a documented history of domestic violence allegedly shot and killed a Colombian immigrant in Maine, and reporting indicated the FBI had quietly stopped investigating ICE confrontations despite a string of killings, even as DOJ and DHS denied it. Amid this, the Third Circuit became the first federal appeals court to strike down a state assault weapons ban, setting up likely Supreme Court review of similar laws in more than ten states, and the bipartisan 21st Century ROAD to Housing Act became law over Trump's objection — a rare legislative achievement as the House Judiciary chair acknowledged Congress was essentially finished legislating before the midterms.</p>
<p>By Monday, the administration's attention turned outward and backward at once. Trump signed three proclamations imposing 50 percent tariffs on Canadian automobiles, dairy, and alcohol, citing discriminatory trade practices and wildfire smoke; Canadian officials called it a violation of the USMCA and warned of damage to a decades-long alliance. The Justice Department sought broad phone records belonging to New York Times reporters and their relatives in connection with reporting on a Qatar-donated Air Force One, before withdrawing the subpoenas amid accusations of intimidation. A ceremonial Captive Nations Week proclamation framed communism as the gravest foreign threat in language that blurred the line between authoritarian regimes abroad and political dissent at home. Meanwhile, gasoline hit $4 a gallon nationally and Brent crude surged past $91 as the widening Iran conflict rattled energy markets. The ACLU sued HHS over a childcare funding freeze based on unverified claims from a viral video, the Justice Department found UC San Diego's medical school had violated civil rights law through its admissions practices, and reporting revealed that corporate PACs — SpaceX, Home Depot, Walmart, Toyota, and Google among them — had funneled hundreds of thousands of dollars to lawmakers sponsoring bills expanding ICE's authority. In a smaller but telling counter-development, ICE announced it would require body cameras for vehicle stops following the fatal shootings, and Citizens Bank ended its financing relationships with private prison operators running ICE facilities.</p>
<p>Tuesday brought the week's first direct reckoning over the war's true scope. Defense Secretary Hegseth appeared before the Senate requesting a $454 billion defense budget increase along with $67 billion in emergency Iran war funding, and senators from both parties pressed him on contradictions — about Iran's remaining military capability, about unauthorized strikes in the Caribbean, and about whether the war had any congressional authorization at all. The same day, Trump declared that Israeli Prime Minister Netanyahu would not be arrested in the United States under any circumstances, overriding an outstanding International Criminal Court warrant and asserting personal authority over a matter normally left to domestic law enforcement. Courts, meanwhile, delivered a mixed set of rulings: a fired U.S. Attorney sued over his removal less than an hour after being appointed, a federal appeals court upheld Peter Navarro's contempt convictions, and a Washington suburb ended a license-plate surveillance contract after documented abuse — even as reporting showed ICE had failed to equip most officers with body cameras despite having the funding to do so. HHS Secretary Robert F. Kennedy Jr. announced withholding more than $1 billion in additional Medicaid funds from California and Minnesota based on unsubstantiated fraud claims, layered atop funds already withheld since the previous year. Trump's own rhetoric sharpened further: he posted that Iran would &quot;pay many times over&quot; for the dead soldiers, falsely blamed immigrants for a fire actually set by a U.S. Army veteran, and mischaracterized Venezuela's crisis as a natural disaster.</p>
<p>Wednesday was when the voting-restrictions storyline fused formally with war funding. The House passed a $95 billion budget resolution allocating $73 billion for Iran war operations, $12 billion in farm aid, and $10 billion toward advancing the Save America Act — using the reconciliation process specifically to bypass the Senate filibuster. The same day, Brent crude climbed above $94 a barrel, Arizona terminated SNAP benefits for 440,000 residents under cuts in the One Big Beautiful Bill Act, and the TSA began privatizing airport security screening at two airports, unwinding a post-9/11 federal safeguard. House Judiciary Chair Jim Jordan referred former special counsel Jack Smith to the acting attorney general over alleged false testimony, a move Smith's lawyers called retaliation for his investigation of the president. Separate reporting found the United States had collected more than $13 billion from Venezuelan oil sales with no public accounting, an external review of the Gates Foundation documented roughly thirty undisclosed meetings between Bill Gates and Jeffrey Epstein between 2011 and 2014, and a federal judge ordered Trump to disclose financial details in his defamation suit against the BBC. In Madison, Wisconsin, a police officer fatally shot a man during an arrest, an incident captured on video that triggered local protests and a state-led independent investigation.</p>
<p>Thursday was arguably the week's hinge point for war oversight. The House passed a $1.15 trillion defense authorization bill that incorporated the Save America Act's mail-ballot ban and voter ID mandates alongside expanded U.S.-Israel defense cooperation — embedding a contested election policy inside legislation that is, in ordinary years, considered must-pass. On the same day, it emerged that the Pentagon had quietly reduced its official Iran war death toll from eighteen to fourteen, removing four service members killed after a declared ceasefire, a revision critics said appeared designed to avoid triggering war powers requirements tied to casualty thresholds. Trump told reporters he was close to deciding on a &quot;massive attack&quot; on Iran larger than any prior operation, and separately threatened to bomb Iranian bridges or power plants — a threat against civilian infrastructure that would, if carried out, violate international law. The administration also imposed new 10 to 12.5 percent tariffs on goods from more than eighty countries, citing forced-labor enforcement failures and invoking a different statutory authority than the one the Supreme Court had struck down months earlier; two small businesses immediately sued, even as the U.S. trade representative told the Senate tariffs were not raising prices, contradicting both inflation data and senators' own cost estimates. Brent crude crossed $100 a barrel that day, up 42 percent in twenty days, following Houthi attacks on Saudi tankers and Iranian strikes near the Iraq-Kuwait border. Separate reporting detailed that officials overseeing $58.5 billion in Pentagon AI spending and a $20 billion private-equity-styled investment office held undisclosed personal financial stakes in related ventures, one tied to a Trump family member, while Jim Jordan's referral of Jack Smith was formalized and former Barclays CEO Jes Staley testified before Congress about his past relationship with Jeffrey Epstein.</p>
<p>Friday brought the week's attempt at congressional reassertion — and its limits. The House passed, for the second time, a resolution directing Trump to end hostilities with Iran, joined by four Republicans, but the Senate narrowly rejected a nearly identical measure by a 47-49 vote. A senior Democrat moved to force litigation compelling compliance with existing war powers obligations the administration had simply ignored. The same day, a coalition of twenty-five states and the District of Columbia sued over FEMA and DHS conditions requiring paper ballots, citizenship verification, and immigration enforcement cooperation as prerequisites for more than $1 billion and $740 million in federal disaster and security grants. Trump signed an executive order directing federal agencies to post signage outside the Smithsonian's National Museum of American History warning visitors of alleged &quot;ideological capture&quot; and pointing them to alternative historical sources — a formal federal directive, backed by physical signage, extending a rhetorical campaign against the museum's curatorial independence into government action. Courts again delivered a mixed record: judges blocked the termination of work authorization for asylum seekers and TPS holders, ruled FDA restrictions on mifepristone arbitrary and ordered reconsideration, and the Fourth Circuit rejected an attempt to redetain a Georgetown scholar over pro-Palestinian speech, while a dozen states won a temporary block on the Paramount-Warner Bros merger. But a federal panel declined to block a Tennessee redistricting map that splits Memphis's Black population across three districts. The Justice Department sued Milwaukee over its ban on masked, unidentified federal agents and sued Colorado over in-state tuition for undocumented students — its fourteenth such suit nationally — while Trump ordered ICE to resume vehicle stops despite a safety suspension put in place after a fatal shooting, even as a congressional briefing revealed only one disciplinary referral among fifty-six excessive-force complaints against ICE officers. The week closed with reporting that federal debt held by the public had exceeded 100 percent of GDP, even as the administration requested an additional $11.1 billion in agricultural assistance, pushing total 2026 farm support above $55 billion.</p>
<p>Taken as a whole, the week illustrated how difficult it has become to separate the machinery of war from the machinery of domestic politics. A defense budget swelled while the public accounting of the war it funded grew less reliable, not more. Congress exercised its constitutional war powers twice and was overruled or ignored both times, while a policy that could not survive ordinary legislative debate was carried instead inside a bill few in Congress would vote against. States went to court by the dozens to defend their authority over elections and disaster relief, courts split between checking and permitting executive action, and an order aimed at how history itself is presented in a national museum showed that the week's exercises of power were not confined to the battlefield or the ballot box. Nothing was resolved by Friday; much of it had simply been pushed, unresolved, into the weeks ahead. ```</p>
","This week was dominated by the widening gap between what the administration said about the Iran war and what the record showed.","2026-10-10 08:17:20","digest","https://thedemocracyclock.com/week-79-digest-war-funding-vanishing-casualties-and-a-voting-bill-riding-shotgun-on-defense-policy/","https://thedemocracyclock.com/wp-content/uploads/week79-digest-featured.jpg","week79-digest-featured.jpg","","","","","","","https://thedemocracyclock.com/wp-content/uploads/week79-digest-featured.jpg","https://thedemocracyclock.com/wp-content/uploads/week79-digest-featured.jpg","Digest","Weekly digest week 79, War Funding, Vanishing Casualties, and a Voting Bill Riding Shotgun on Defense Policy, Week 79 – July 18–24, 2026, Power and Authority, Institutions and Governance, Economic Structure, Civil Rights and Dissent, Information, Memory and Manipulation, Trump escalates push for nationwide voter ID and roll-purging law, Rubio frames dissent as terrorism amid a wave of mass protests, Pentagon withheld information on prior Iranian strikes before fatal attack, Fatal ICE shooting and halted oversight raise accountability concerns, Federal appeals court strikes down New Jersey's assault weapons ban, Housing law enacted over presidential objection; Congress's productivity questioned, Trump imposes sweeping new tariffs on Canada, DOJ subpoenas phone records of New York Times reporters and relatives","publish","","","","","","week-79-digest-war-funding-vanishing-casualties-and-a-voting-bill-riding-shotgun-on-defense-policy","","","","","","","","","","79","20260718","20260724","July 18 - 24, 2026","","","","","","","","","","","","","","","","","","",""
"","This Week in Democracy: History Rewritten, Powers Tested, and a Nomination Held Hostage","<!-- Generated by build_publish_week_v2 (WordPress digest HTML) -->


<p>```markdown # This Week in Democracy: History Rewritten, Powers Tested, and a Nomination Held Hostage</p>
<p>*Week 80 – July 25–31, 2026*</p>
<p>The week of July 25–31 moved on three parallel tracks that, by its end, had become difficult to separate: a sustained effort to control how federal institutions present American history, a military and economic standoff with Iran that generated both inflated rhetoric and real casualties, and a Justice Department confirmation fight that turned on the president's personal finances. Courts and a handful of senators pushed back at several points, but the overall trajectory was one of executive authority testing its limits while the usual checks strained to keep up.</p>
<p>**The Weekend**</p>
<p>The weekend set the tone. A Trump-appointed preservation board voted to gut Section 106 of the National Historic Preservation Act, eliminating six decades of required public and tribal consultation before federal agencies alter historic sites. The timing was not incidental: a disputed triumphal arch near Arlington National Cemetery and a proposal to open the Chaco Canyon buffer zone, a UNESCO World Heritage Indigenous site, to mineral extraction were both already drawing legal objections. The same weekend, an executive order directed officials to post signs outside the Smithsonian's National Museum of American History declaring its exhibits inaccurate, building on a White House report accusing the museum of bias. It was the opening move in what would become a week-long campaign against the institution.</p>
<p>Economic and military policy moved in tandem. After the Supreme Court struck down the administration's emergency tariffs, the president tried Section 122 of the Trade Act, then pivoted to Section 301 as a 150-day deadline lapsed, citing forced-labor justifications. Legal analysts noted the maneuvering could let tariffs persist indefinitely without congressional approval — a workaround, not a retreat. Second-quarter GDP growth came in at 1.5%, well below forecasts, with economists tying the shortfall to Iran war disruptions in the Strait of Hormuz and tariff-driven price increases. Meanwhile, four House Republicans joined Democrats in a symbolic vote demanding troop withdrawal from Iran — a small but real crack in party unity — even as border czar Tom Homan acknowledged on television that an ICE officer involved in a fatal shooting should never have cleared vetting given a documented history of abuse.</p>
<p>**Monday**</p>
<p>The ICE vetting concern had become a pattern rather than an isolated admission. After fatal shootings in Texas and Maine prompted a brief pause in vehicle stops, the president ordered enforcement resumed despite the documented risk, and the family of one victim, Longoria, filed a federal lawsuit alleging a violation of both use-of-force policy and a standing court order against racial profiling.</p>
<p>The same day produced a different kind of harm. The New York Post published an unverified claim that thousands of 9/11 families wanted Mayor Mamdani excluded from an anniversary ceremony. Within hours, Fox Business, Fox News, and CBS New York had echoed or amplified it, and the claimed signature count inflated from roughly 1,100 to as high as 15,000 as it spread. Separately, Taylor Farms lobbied the White House to delay public disclosure of a multi-state cyclospora outbreak linked to its products, a request a former FDA commissioner said fell outside normal practice.</p>
<p>At a Michigan rally that evening, the president added to a growing list of unsubstantiated claims — asserting he had attended a G20 summit he had in fact boycotted, making false statements about ammunition stockpiles, posting AI-generated images including a fabricated movie poster, and declining to say where $13 billion in seized Venezuelan assets had gone. Senate Majority Leader John Thune acknowledged that the votes did not exist to repeal the filibuster for the president's SAVE America Act, with at least fifteen Republican senators opposed under any circumstance. And in the Arizona borderlands, federal contractors felled ancient cottonwood trees for wall construction despite an earlier no-fell pledge, touching off a tree-sit occupation, while the administration asked the Supreme Court to fully enforce its blocked mail-voting executive order.</p>
<p>**Tuesday**</p>
<p>Tuesday was the week's most crowded day. The president pressed Health Secretary Robert F. Kennedy Jr. to deepen cuts to the childhood immunization schedule despite a federal judge having already blocked such changes and internal polling showing the move unpopular — a direct push against judicial restraint during a period of rising measles cases. In New Jersey, a routine software error that had allowed fewer than 400 noncitizens to vote, already corrected with no fraud or changed outcomes found, became the basis for House Republican hearings, a federal probe, and a Homeland Security official's claim that a single illegal vote &quot;cancels out&quot; a citizen's.</p>
<p>The FCC opened a license-renewal challenge against eight ABC-owned stations over editorial content, a move a bipartisan group of former FCC officials warned violated both the Communications Act and the Constitution. Senator Mitch McConnell, six weeks after a hospitalizing fall and still uncleared to resume duties, faced a formal demand from Kentucky's governor that he prove his fitness or resign, with an August 3 deadline for calling a special election looming.</p>
<p>Rhetoric around Iran escalated sharply: in a Fox interview, the president claimed personal control over the Strait of Hormuz, asserted he had halted eight wars including an India-Pakistan nuclear standoff, and threatened to destroy Iranian bridges and power plants within hours absent a deal, as Iran's Revolutionary Guard threatened to close the strait and Saudi refineries reportedly burned. The day closed on a different note at Senator Lindsey Graham's funeral, where a Fox host's eulogy focused on praising the president rather than the deceased, and senior aide Stephen Miller described Democratic leaders as &quot;freaks, weirdos, losers, and crazies&quot; on air.</p>
<p>Quietly, the 9/11 story began to unravel: Popular Information reported that the petition's organizer had no verified list of victims' families, prompting CBS to revise its headline and the Post to silently alter its framing — neither issuing a transparent correction.</p>
<p>**Wednesday**</p>
<p>Wednesday brought the Smithsonian fight into open congressional view. A House subcommittee questioned museum director Anthea Hartig over alleged bias, and a committee member was found to have coordinated hearing questions with Christian nationalist activists who, despite lacking historical credentials, had been shaping White House museum policy directly. Vice President Vance delayed Board of Regents nominations to allow more ideologically aligned appointments, while the administration threatened to withhold federal funding from the institution altogether — three simultaneous levers of pressure on one museum system.</p>
<p>CBS, meanwhile, removed its social media posts about the Mamdani petition after privately acknowledging inaccuracies, but left the original article uncorrected online, citing a division between its national and local news operations. In Madison, police forcibly cleared a community memorial for Corey Ruiz, a man killed by officers, resulting in sixteen arrests and further confrontations that night.</p>
<p>**Thursday**</p>
<p>Thursday carried multiple major threads at once. At a Senate hearing on Covid origins, Dr. Anthony Fauci invoked his Fifth Amendment right rather than answer questions from Senator Rand Paul, who has previously called for his imprisonment; Paul announced he would pursue a contempt of Congress vote the following week.</p>
<p>The attorney general confirmation of Todd Blanche stalled when Senators Cornyn and Tillis demanded written assurance that a $1.8 billion fund tied to the president's personal IRS settlement would be eliminated. The president first called the fund &quot;dead,&quot; then reversed course, vowing to revive it and threatening to withdraw Blanche's nomination simply to wait out the two senators' terms while keeping him as acting attorney general indefinitely. In the same stretch, the Senate unanimously opposed any pardon for Ghislaine Maxwell, Epstein survivors delivered documentary files to Senate offices, and the Justice Department complied with a judge's order to produce unredacted Epstein files for private review — a sign that judicial pressure could still extract partial transparency even amid the standoff.</p>
<p>The Pentagon, separately, revised Iran war casualty figures upward to 18 dead and 624 wounded after public scrutiny restored previously removed names. The president invoked Defense Production Act authority over critical minerals, delegating export-restriction power to the Commerce Secretary, and announced a $22 million purchase of 250 Cadillac Escalades for the White House fleet even as Americans faced rising gas prices and war-related costs exceeding $1,200 per household. A mislabeled, AI-generated map of Africa displayed at a State Department-linked health conference in Brazil added an embarrassing coda.</p>
<p>Asked about the 9/11 petition story, the president endorsed its premise directly, telling a reporter that victims' families were &quot;very unhappy&quot; with Mayor Mamdani — reviving a claim CBS's own reporting had already undercut. And a court-appointed monitor found California's largest ICE facility out of compliance with all eight court-ordered healthcare standards, as San Jose residents rallied against a proposed detention facility by invoking the history of Japanese American internment.</p>
<p>**Friday**</p>
<p>The week closed with two failures of legislative restraint and one of personal concession. The Senate voted 49–50 against a resolution requiring troop withdrawal from Iran absent explicit authorization, with only three Republicans in support — the second such attempt to fail within two weeks. The president declined Republican senators' request to formally limit his tax-immunity fund, deepening the Blanche standoff and demanding the Senate cancel its August recess to pass his legislative priority instead.</p>
<p>Immigration enforcement widened further: the administration ended federal legal-representation funding for more than 20,000 unaccompanied immigrant children, briefly offered a no-bid $150 million contract to a Trump-connected law firm before withdrawing it under public pressure, and confirmed that a detained hunger striker had been subjected to forced medical treatment. Pima County reported nineteen migrant deaths in July, the highest monthly total since 2024.</p>
<p>Courts offered a counterweight on voting rights: the Kansas Court of Appeals blocked an attempt to discard mail ballots arriving after Election Day, preserving a grace period protecting tens of thousands of votes, even as the administration pressed the Supreme Court to enforce its mail-voting order and the FBI was reported to have obtained a voter's IP address in a fraud inquiry a former Justice Department official called a &quot;fishing expedition.&quot; California announced its minimum wage would rise to $17.40 an hour in 2027, a state-level response to what the governor described as federal inaction on wages.</p>
<p>Taken together, the week showed executive power advancing along several fronts at once — over historical memory, trade policy, immigration enforcement, war powers, and now the appointment of the nation's chief law enforcement officer — while the institutions meant to check that power produced mixed results. Courts blocked some actions and compelled partial disclosure in others. A bipartisan handful of senators held firm against eliminating the filibuster and against confirming an attorney general without conditions. But two war powers votes failed, a disinformation campaign reached millions before any real correction, and children lost legal representation as enforcement expanded. The record of the week suggests not a single dramatic rupture but a steady accumulation of tests — of historical truth, of institutional independence, of due process — whose cumulative weight will be easier to assess with distance than it was to see in real time. ```</p>
","The week unfolded across three intertwined tracks: a campaign to rewrite how federal institutions present American history, a wartime economy and conflict with Iran generating","2026-10-10 08:17:30","digest","https://thedemocracyclock.com/week-80-digest-this-week-in-democracy-history-rewritten-powers-tested-and-a-nomination-held-hostage/","https://thedemocracyclock.com/wp-content/uploads/week80-digest-featured.jpg","week80-digest-featured.jpg","","","","","","","https://thedemocracyclock.com/wp-content/uploads/week80-digest-featured.jpg","https://thedemocracyclock.com/wp-content/uploads/week80-digest-featured.jpg","Digest","Weekly digest week 80, This Week in Democracy: History Rewritten, Powers Tested, and a Nomination Held Hostage, Week 80 – July 25–31, 2026, Power and Authority, Institutions and Governance, Economic Structure, Civil Rights and Dissent, Information, Memory and Manipulation, A preservation board moves to strip public and tribal input from federal projects, Trump orders warning signs at the Smithsonian's history museum, Tariffs return under a third legal theory after Supreme Court rejection, A bipartisan war powers vote and early ICE accountability questions, GDP growth slows as war and tariffs weigh on the economy, ICE enforcement intensifies as vetting and safety questions mount, A false 9/11 petition story begins its spread through major media, A food company lobbies the White House to delay a public health recall","publish","","","","","","week-80-digest-this-week-in-democracy-history-rewritten-powers-tested-and-a-nomination-held-hostage","","","","","","","","","","80","20260725","20260731","July 25 - 31, 2026","","","","","","","","","","","","","","","","","","",""
"","This Week in Democracy: Birthright Citizenship Defied, a Fund Dies to Confirm an Attorney General, and ICE's Record Month","<!-- Generated by build_publish_week_v2 (WordPress digest HTML) -->


<p>```markdown The first week of August unfolded as a study in the uses and limits of presidential power: a week in which the executive repeatedly tested boundaries set by courts, Congress, and the Constitution, sometimes retreating under pressure and sometimes pressing forward in open defiance. By week's end, record immigration enforcement figures, a contested attorney general confirmation, and a presidential answer to a Supreme Court defeat had converged into a single narrative about how far executive authority could be stretched before something gave way.</p>
<p>**The Weekend**</p>
<p>The administration escalated a fight with the Smithsonian, issuing an executive order that accused the National Museum of American History of &quot;extreme political activism&quot; and mandated warning signage—part of a broader campaign reportedly shaped by activist David Barton's influence over how the administration wanted national history told. At the same time, a brewing standoff over the attorney general nomination surfaced publicly: with Senators John Cornyn and Thom Tillis blocking Todd Blanche's confirmation over a disputed $1.8 billion &quot;anti-weaponization&quot; fund, Trump threatened to simply keep Blanche on as acting attorney general indefinitely, sidestepping the Senate's confirmation role altogether. Elsewhere, Trump Media's new &quot;Truth API&quot; service began selling early access to the president's market-moving posts for up to $100,000 a month, drawing requests from senators for an SEC investigation into whether the arrangement converted presidential communication into a vehicle for personal profit. Health Secretary Robert F. Kennedy Jr., amid a 35-year high in measles cases, urged parents to vaccinate their children while simultaneously calling vaccination a &quot;personal choice&quot; and repeating false claims linking vaccines to autism—a split message that did little to steady public confidence during an active outbreak. A mass shooting in Twin Falls, Idaho, that killed three people added a somber note to the weekend, while Texas's decision to pause new data center construction, following New York's earlier move, hinted at a shifting national posture toward AI infrastructure investment.</p>
<p>**Monday**</p>
<p>The week's legal and institutional fault lines began to widen. A coalition of 25 states, joined separately by 23 more states and the governors of Kentucky and Pennsylvania, filed suit in the Court of International Trade challenging tariffs that now covered 99.4 percent of all U.S. imports, arguing the duties exceeded statutory authority and defied an earlier Supreme Court tariff ruling. The same day, court records revealed that DHS and ICE had sought and obtained orders to force-feed at least ten detained immigrants since 2025, including an Afghan man restrained for nearly six months, frequently without legal representation present during the proceedings—a practice widely classified internationally as a form of torture. The Justice Department, meanwhile, announced a record 25 new denaturalization complaints, bringing the total since January 2025 to 123, part of what officials called the largest coordinated denaturalization effort in the department's history. In North Carolina, the state Senate passed a voter suppression bill without debating Democratic amendments; one senator invoked post-Reconstruction history before walking out, and protesters chanting in the gallery were removed from the chamber. James Comey's defense team filed motions alleging vindictive and selective prosecution, citing irregularities in the grand jury process, even as judges in multiple courts were separately reported describing Justice Department attorneys' conduct as &quot;unlawful,&quot; &quot;unethical,&quot; and &quot;dishonest&quot;—criticism tied partly to the collapsing Reflecting Pool vandalism case. That collapse fed directly into a presidential outburst: Trump spread false claims about the alleged vandalism on Truth Social, then attacked U.S. Attorney Jeanine Pirro by name for dropping the related charges, accusing her of having &quot;folded like an umbrella.&quot;</p>
<p>**Tuesday**</p>
<p>The day brought a mixed set of judicial outcomes. In Arizona, federal contractors building border wall segments used broad statutory waivers to bypass the Endangered Species Act, felling cottonwood trees that housed nesting threatened birds—an example of executive authority overriding environmental law without legislative or judicial review. In a sharply different direction, a federal judge dismissed seditious conspiracy charges against Oath Keepers members tied to January 6, at the Justice Department's own request; the judge expressed regret that the case would not reach a different conclusion, a notable acknowledgment from the bench. Reporting also surfaced that ICE had detained a Johns Hopkins researcher and a University of Maryland pharmacy instructor, both holding valid work authorization, at U.S. airports, exposing inconsistencies in supposed enforcement priorities before both were released. Separately, new reporting found that billions of dollars in tariff refunds were flowing primarily to corporations rather than to the consumers who had actually borne the higher costs. Investigators also released surveillance and bodycam footage from the Twin Falls shooting, confirming the gunman had acted alone and that bystander intervention likely limited the casualty count.</p>
<p>**Wednesday**</p>
<p>The day offered a notable counterpoint to the week's pattern of executive assertion. In Missouri, voters overwhelmingly rejected a measure that would have required constitutional amendments to win majorities in every congressional district—a change that would have made future citizen-led amendments nearly impossible. In Kansas, voters rejected, for a second time, a proposal to replace judicial nominating commissions with direct elections for state Supreme Court justices. Both results preserved mechanisms that have protected reproductive rights, Medicaid expansion, and judicial independence from partisan restructuring. The same day, the White House revived its effort to remove Federal Reserve Governor Lisa Cook, sending her a letter demanding a response to previously dismissed fraud allegations within three weeks, despite a Supreme Court ruling in June that had already allowed her to remain in her position. New Mexico's attorney general filed suit against the Justice Department, alleging it had reneged on a 2019 agreement to share unredacted investigative materials tied to Jeffrey Epstein's Zorro Ranch activities, obstructing the state's efforts to identify victims and co-conspirators. Trump's own legal team, meanwhile, moved to block a court order requiring him to disclose detailed financial records in his $10 billion defamation suit against the BBC, calling the demands &quot;shockingly broad.&quot; And following a Supreme Court decision backing the administration, a judge lifted the stay protecting Temporary Protected Status for roughly 350,000 Haitian nationals; ICE began summoning Haitians in Ohio for ankle-monitor enforcement restricting their movement to within 75 miles of home.</p>
<p>**Thursday**</p>
<p>Thursday was the week's fulcrum. Weeks after the Supreme Court ruled 6–3 in Trump v. Barbara that Trump's original birthright citizenship order was unconstitutional, the president signed two new executive orders attempting to achieve similar ends through narrower categories, including a &quot;birth tourism&quot; framework, and called the Court's earlier decision &quot;very unfortunate.&quot; The move amounted to a direct test of how far an administration could go in reformulating a policy after a definitive constitutional ruling against it. The same day, the Republican-led Senate Homeland Security Committee voted along party lines to hold Dr. Anthony Fauci in contempt of Congress after he invoked Fifth Amendment protections more than one hundred times during testimony; the committee had also controversially obtained a backup copy of his personal phone. Trump separately signed a proclamation imposing a 15 percent tariff and minimum import prices on polysilicon, a critical material for semiconductors and solar panels, citing national security and the collapse of domestic production capacity. ICE and TSA expanded airport enforcement operations, aiming for 2,000 daily immigration arrests and targeting people with pending visa and asylum applications, prompting some airlines to refuse cooperation absent judicial warrants. Journalist Georgia Fort, indicted for documenting a protest at a Minnesota church where an ICE official served as pastor, moved to dismiss her case, with her attorneys citing false statements in the search warrant applications and arguing the prosecution amounted to retaliation for her reporting. Trump also threatened &quot;long term jail sentences&quot; for officials who leaked information about U.S. munitions shortages tied to the Iran conflict, even as he denied the shortages existed. And the Justice Department's own internal watchdog, its Office of Professional Responsibility, was revealed to have received a record 1,666 misconduct complaints in 2025 even as its staff shrank from 29 to 16 and its director was fired without replacement.</p>
<p>**Friday**</p>
<p>Friday closed the week with resolution on several fronts. Todd Blanche's path to confirmation as attorney general finally cleared after Senator Bill Cassidy withdrew his opposition; the final holdout had been resolved only after Blanche agreed to terminate the disputed $1.8 billion anti-weaponization fund that had stalled his nomination for weeks, converting Monday's threat of unilateral acting authority into a negotiated, if contested, confirmation. The Washington Post reported that ICE arrests had hit a record monthly high of 43,000 in July, the largest total of Trump's second term, bringing detentions to more than 238,000 people over the year's first seven months, a pace apparently unaffected by recent controversies over fatal shootings involving agents. An Associated Press investigation separately found that at least 52 parents and spouses of active-duty service members had been detained since January 2025, with at least six deported, after a 2025 policy eliminated the longstanding bipartisan exemption protecting military families from deportation. ICE also announced a body-camera policy requiring every field officer to wear one by September, but the policy grants the agency's director discretion to delay or withhold footage of officer-involved deaths if release is not deemed &quot;in the best interests of the agency,&quot; a provision drawing scrutiny following two recent fatal shootings that had gone unrecorded. An appeals court, meanwhile, reaffirmed that the White House ballroom project required congressional approval, finding no precedent for a president unilaterally demolishing taxpayer-funded portions of the White House—even as construction continued on the ground with a 250-person crew working around the clock. A Reuters analysis found that federal judges, including ten Republican appointees, had ruled against the administration in 75 of 93 cases raising First Amendment claims, spanning law firm retaliation, journalist restrictions, university funding cuts, and protest-related force. And reporting from Popular Information exposed a Senate Republican dark-money group operating a network of fake local news sites in competitive states, including a demonstrably false attack ad against Senator Jon Ossoff that had already reached 78 million impressions.</p>
<p>Taken as a whole, the week traced a recognizable pattern: executive assertion met by institutional resistance, followed in some cases by retreat and in others by renewed defiance. The Supreme Court's rejection of the original birthright citizenship order did not end the effort to restrict it; it simply prompted a reformulated one. The standoff over the Justice Department's slush fund did not disappear—it was traded away to secure a confirmation vote. Courts continued to serve as the most consistent check on executive overreach, ruling against the administration in the overwhelming majority of First Amendment cases and blocking unilateral action on tariffs, voter rolls, and the White House grounds itself. Yet enforcement agencies continued to expand their reach into airports, hospitals, and military families' lives, often with diminishing transparency about the consequences. And twice during the week, voters in Missouri and Kansas demonstrated that constitutional guardrails built to resist concentrated power still retain their own kind of durability—proof that the contest over how authority is exercised in American life was not confined to Washington, but being decided, ballot by ballot, in the states as well. ```</p>
","This week's defining pattern was defiance of institutional checks followed by selective, negotiated retreat.","2026-10-10 08:17:38","digest","https://thedemocracyclock.com/week-81-digest-this-week-in-democracy-birthright-citizenship-defied-a-fund-dies-to-confirm-an-attorney-general-and-ice-s-record-month/","https://thedemocracyclock.com/wp-content/uploads/week81-digest-featured.jpg","week81-digest-featured.jpg","","","","","","","https://thedemocracyclock.com/wp-content/uploads/week81-digest-featured.jpg","https://thedemocracyclock.com/wp-content/uploads/week81-digest-featured.jpg","Digest","Weekly digest week 81, This Week in Democracy: Birthright Citizenship Defied, a Fund Dies to Confirm an Attorney General, and ICE's Record Month, Week 81 – August 1–7, 2026, Power and Authority, Institutions and Governance, Economic Structure, Civil Rights and Dissent, Information, Memory and Manipulation, Trump administration escalates fight with the Smithsonian over American history exhibits, Trump threatens to bypass Senate and keep his AG pick as 'acting' attorney general, Trump Media launches paid early-access tier to presidential Truth Social posts, Health secretary urges measles vaccination while spreading vaccine misinformation, Mass shooting in Twin Falls, Idaho kills three, Texas joins New York in pausing data center construction, States sue over sweeping new tariffs affecting nearly all U.S. imports, DHS and ICE revealed to have sought court orders to force-feed detained hunger strikers","publish","","","","","","week-81-digest-this-week-in-democracy-birthright-citizenship-defied-a-fund-dies-to-confirm-an-attorney-general-and-ice-s-record-month","","","","","","","","","","81","20260801","20260807","August 1 - 7, 2026","","","","","","","","","","","","","","","","","","",""
"","The Attorney General's Lawyer, a Ballroom at the Supreme Court, and Shock Gloves at the Border","<!-- Generated by build_publish_week_v2 (WordPress digest HTML) -->


<p>```markdown This was a week in which three separate institutions bent toward the same center of gravity. The Justice Department, the federal courts handling the White House's own property disputes, and the machinery of immigration enforcement all moved, in their own ways, further from the constraints that had defined them before. By week's end, a crypto pardon, a family-linked bank charter, and a repealed anti-money-laundering rule sat alongside continued defiance of federal court orders and a rapidly expanding immigration enforcement apparatus — developments that, taken individually, might read as isolated stories, but which together describe a single week's accumulation of precedent.</p>
<p>**The Weekend**</p>
<p>The weekend began with a setback for the president. A three-judge appeals panel ruled that Trump could not build a White House ballroom without congressional approval, finding that a president is, in the court's words, a &quot;temporary tenant&quot; of the property he occupies. Trump called the ruling politically motivated and a national security threat, and promised to appeal — a promise that would harden into a formal Supreme Court petition before the week was out. Modest as it might sound, the ballroom dispute became one of the week's clearest tests of whether a president accepts limits on his authority over public property or simply routes around them.</p>
<p>That same weekend, in a 50-49 vote just before a five-week recess, the Senate confirmed Todd Blanche — Trump's former personal criminal defense attorney — as attorney general, after assurances that a disputed &quot;anti-weaponization fund&quot; would not go forward. The confirmation placed a man who had spent years defending Trump in court atop the federal law enforcement apparatus meant to operate independently of the president it serves. The implications would not stay theoretical for long: Trump himself offered an early preview of what an accommodating Justice Department might look like, publicly attacking U.S. Attorney Jeanine Pirro for dropping vandalism charges against a former Olympian and demanding she reverse the decision, despite evidence the underlying damage stemmed from faulty installation rather than vandalism.</p>
<p>The weekend also carried early signs of economic trouble that would recur throughout the week. The Labor Department reported a 23,000-job loss in July, with more than 100,000 in downward revisions to prior months, and polling showed inflation concern nearly doubling since 2024, from 24 percent to 36 percent of respondents. Administration officials would spend much of the following days denying this data existed, even as it appeared on-screen during interviews — insisting the economy was thriving in a pattern that ran counter to figures the public could verify. Elsewhere over the weekend, the Senate voted along party lines against a federal voter ID mandate, and ICE summoned Haitian nationals under Temporary Protected Status to an Ohio facility, fitting them with ankle monitors without advance notice — a quiet escalation that would be extended further later in the week.</p>
<p>**Monday**</p>
<p>The pace accelerated. Trump signed Executive Order 14420, substantially rewriting the childhood vaccine schedule: splitting the MMR vaccine into three separate shots, reducing the number of universally recommended childhood vaccines from 18 to 11 diseases, and directing the Attorney General to challenge state vaccine mandates. Trump and HHS Secretary Robert Kennedy repeatedly invoked a discredited link between vaccines and autism in defending the order. Whatever its legal durability, the order moved federal health policy decisively away from CDC guidance and toward claims the scientific community has rejected, with public health consequences that would unfold over a longer horizon than this single week.</p>
<p>The same day, the Justice Department announced a program offering cities up to $300 million in policing grants in exchange for adopting federal immigration enforcement and anti-homelessness policies and agreeing to reimburse future federal deployments; several Democratic-led cities declined to apply, rejecting the conditions attached to the money. DHS, meanwhile, published procurement plans to spend up to $20 million on electric-shock &quot;G.L.O.V.E.&quot; devices for ICE agents, despite manufacturer warnings against their use on vulnerable populations — a significant escalation in the force capability available to an agency already facing criticism over its tactics. And in North Carolina, the Republican-controlled legislature passed a bill allowing the state Supreme Court's GOP majority to remove judges without independent recommendation, building on a documented pattern of selectively pursuing ethics complaints against Democratic justices while excusing comparable conduct by Republicans.</p>
<p>Monday's developments connected directly to the attorney general's confirmation two days earlier. The Justice Department issued a memo broadening executive privilege to cover communications with any outside adviser the president consults — a change that would let the White House resist congressional subpoenas aimed at private citizens and companies, potentially blunting a future opposition Congress's oversight power. The department also sued New York, Connecticut, and Vermont over in-state tuition policies for undocumented students, while separate reporting revealed that more than $323 million had been redirected from National Park Service funding toward White House grounds projects — a nearly 5,000 percent increase since 2024.</p>
<p>**Tuesday**</p>
<p>Tuesday extended the immigration enforcement theme into the realm of political speech. The State Department revoked more than 175,000 visas, including over 100 from parents suspected of seeking birthright citizenship for their children, and others targeting individuals for political commentary, such as a Turkish student who had criticized her university's position on Gaza. The scale and apparent purpose of the revocations — reaching into constitutional birthright citizenship questions and punishing speech — marked a significant expansion of immigration authority as an instrument against dissent.</p>
<p>The same day, a watchdog analysis found that Supreme Court Justice Samuel Alito had gained up to $2.9 million from oil and gas holdings he had not disclosed, prompting calls for recusal as the Court prepared to hear a climate-liability case involving the same industry; both Alito and the Court rejected the calls. Blanche was formally sworn in as attorney general that day as well, in a ceremony closed to the press but attended by FBI Director Kash Patel, administered by a former Trump defense lawyer turned federal judge. A retired conservative judge described Blanche as &quot;the symbol of Donald Trump's corruption of the rule of law.&quot; Separately, José Mejía Hernández suffered a brain bleed and traumatic injury during an ICE arrest in Arlington, Virginia; DHS said he had tried to flee, while his lawyers alleged excessive and unjustified force.</p>
<p>**Wednesday**</p>
<p>Wednesday brought a lawsuit testing the boundaries of presidential self-dealing. Intercept Media and the Freedom of the Press Foundation sued Trump over &quot;Truth API,&quot; a subscription service charging up to $100,000 per month for early access to presidential posts announcing official government business, alleging First and Fifth Amendment violations. The same day, the Justice Department arrested Heidi Beirich, a prominent researcher of far-right extremism, on financial crime charges connected to a broader case against the Southern Poverty Law Center — an arrest her attorney characterized as politically motivated retaliation. The Treasury Department and FinCEN eliminated the requirement that companies report beneficial ownership information, a rule enacted in 2020 to curb money laundering, and ordered the deletion of data already collected under it. And press secretary Karoline Leavitt announced she would step down by the end of August, closing a twenty-month tenure marked by attempts to control press access, the blocking of the Associated Press, and a documented pattern of falsehoods from the White House podium.</p>
<p>**Thursday**</p>
<p>Thursday was the week's densest day. HHS finalized a rule eliminating Medicaid and CHIP funding for gender-affirming care for transgender youth, effective October 13, despite nearly 90 percent of the 35,000 public comments received opposing the change. A federal judge dismissed the administration's lawsuit alleging Harvard had failed to protect Jewish students, finding the government had not plausibly shown an ongoing civil rights violation — a rare judicial check on the administration's use of litigation to pressure university compliance. The Trump-allied Kennedy Center board, separately, voted to inscribe Trump's name on the building and proceed with a renovation closure plan, directly defying a May federal court ruling that only Congress could rename the venue — an open act of institutional defiance distinct from, but structurally similar to, the ballroom fight playing out in parallel.</p>
<p>The financial threads converged sharply that day as well. Trump pardoned Binance founder Changpeng Zhao, who had pleaded guilty to anti-money-laundering violations, while new reporting detailed roughly $2.2 billion in personal revenue accrued during his presidency through crypto ventures, a $10 billion IRS settlement, and a $400 million plane gift from Qatar. Trump also signed a proclamation imposing tariffs of up to 100 percent on unmanned aircraft systems, invoking Section 232 national security authority to bypass ordinary trade negotiation. And court documents revealed a federal surveillance operation — &quot;Operation Puppet Master&quot; — that had infiltrated meetings and surveilled progressive organizations and labor unions in Minnesota following a killing by federal agents, with fifteen people ultimately charged.</p>
<p>**Friday**</p>
<p>By Friday, the week's major threads arrived at once. The administration formally petitioned the Supreme Court to stay the appeals court order halting White House ballroom construction, arguing the injunction threatened presidential security, with the lower ruling otherwise set to take effect August 21 — completing the arc from appeals court loss to direct Supreme Court confrontation. The Office of the Comptroller of the Currency granted conditional approval for a bank charter to World Liberty Financial Trust Company, a crypto venture roughly 38 percent owned by Trump and his family, allowing it to issue a Trump-backed stablecoin under a regulator operating within his own administration. The Justice Department again refused a judge's order to release unredacted Epstein investigation documents required by statute, while it was separately confirmed that Blanche, as acting attorney general, had approved a second indictment of James Comey and reauthorized firing squad executions. And ICE and TSA began coordinating airport arrests of individuals with expired visas, including legally employed workers, while DHS extended mandatory ankle monitoring to Haitian immigrants in Springfield, Ohio without public explanation — prompting Senator Angus King to ask publicly whether the agency's shock-glove plans reflected de-escalation or intimidation. Retail sales, meanwhile, fell 0.6 percent against a forecast increase, closing out a week of economic data that consistently undercut official messaging.</p>
<p>Viewed end to end, the week records less a single event than the compounding of several ongoing tests: whether a Justice Department led by the president's own former lawyer can act independently of him; whether courts retain the practical power to constrain presidential decisions about public property once a president decides to appeal past them; and whether financial entanglement between a president's family and the regulators meant to oversee them carries any institutional cost. None of these questions were resolved this week. But the distance each covered — from an appeals court ruling to a Supreme Court petition, from a judge's order to a board's open defiance, from a pardoned crypto founder to a bank charter for the president's own family business — was measured in days, not years, and the record of that pace is itself part of what the week leaves behind. ```</p>
","This week was defined by the completion of one long-building story and the acceleration of several others.","2026-10-10 08:17:45","digest","https://thedemocracyclock.com/week-82-digest-the-attorney-general-s-lawyer-a-ballroom-at-the-supreme-court-and-shock-gloves-at-the-border/","https://thedemocracyclock.com/wp-content/uploads/week82-digest-featured.jpg","week82-digest-featured.jpg","","","","","","","https://thedemocracyclock.com/wp-content/uploads/week82-digest-featured.jpg","https://thedemocracyclock.com/wp-content/uploads/week82-digest-featured.jpg","Digest","Weekly digest week 82, The Attorney General's Lawyer, a Ballroom at the Supreme Court, and Shock Gloves at the Border, Week 82 — August 8–14, 2026, Power and Authority, Institutions and Governance, Economic Structure, Civil Rights and Dissent, Information, Memory and Manipulation, Appeals court blocks White House ballroom; Trump vows Supreme Court fight, Senate confirms Trump's former personal lawyer as attorney general, Trump presses U.S. Attorney to revive dropped prosecution, Weak jobs data and rising inflation concern undercut economic narrative, Administration officials deny economic data on Sunday television, Senate rejects voter ID bill; Rand Paul bypasses chamber to target Fauci, ICE fits Haitian immigrants with ankle monitors in Ohio, Trump signs executive order overhauling childhood vaccine schedule","publish","","","","","","week-82-digest-the-attorney-general-s-lawyer-a-ballroom-at-the-supreme-court-and-shock-gloves-at-the-border","","","","","","","","","","82","20260808","20260814","August 8 - 14, 2026","","","","","","","","","","","","","","","","","","",""
"","The Week the Guardrails Were Tested — and Mostly Held","<!-- Generated by build_publish_week_v2 (WordPress digest HTML) -->


<p>```markdown The week began with a blunt admission. Attorney General Todd Blanche, appearing on NBC's Meet the Press shortly after his confirmation, told interviewer Kristen Welker that &quot;no attorney general should ever pledge&quot; independence from the president. It was a small sentence with large implications, and it echoed through the days that followed, as the Justice Department kept pressing states for voter roll data it had already lost in court twenty-two times, and as prosecutors prepared to defend one of the more peculiar cases in recent memory: a charge against former FBI Director James Comey over an Instagram photo of seashells arranged to spell &quot;8647.&quot;</p>
<p>That same weekend, immigration enforcement intensified in ways that stretched due process past its usual limits. ICE agents began arresting people inside courthouses, the same practice a judge had already found created a chilling effect on anyone seeking legal recourse. Newly appointed immigration judges—some explicitly cast as &quot;deportation judges&quot;—ran mass hearings with as little as fifteen days' notice, generating tens of thousands of in-absentia removal orders for people who never had a real chance to appear. A Texas Tribune investigation added another data point: children held in detention well past the twenty-day legal limit. Taken together, the weekend's immigration news described a system optimized for speed and volume, with notice and hearing rights treated as obstacles rather than safeguards.</p>
<p>Financial self-dealing surfaced too. Late Friday, the Office of the Comptroller of the Currency granted a preliminary bank charter to World Liberty Financial, a crypto venture tied to the Trump and Witkoff families that has already funneled more than $1.6 billion to them; Trump himself had personally made close to $600 million selling stablecoins through the venture. A federal regulator, appointed by the president, had just approved a banking charter enriching the president's own family—a transaction that would later prompt Senator Elizabeth Warren to introduce legislation barring presidents from owning banks. Alongside this, Trump staged a photo-op crediting himself for a drug-price drop that had actually resulted from Biden-era Medicare negotiations, claimed inflation was falling, asserted the U.S. controlled the Strait of Hormuz, and posted a long list of exaggerated statistics on crime and prices. He also found time to redirect military engineering: a new national security memorandum ordered the Navy to revert to older steam catapults on aircraft carriers, and he floated redesigning the carrier command island and adding golden seals to the White House ballroom—personal taste overriding professional judgment on hardware meant to last decades.</p>
<p>By Monday, the Supreme Court delivered a piece of news that cut the other way. The justices rejected Trump's petition for rehearing in the E. Jean Carroll case, leaving the $5 million jury verdict against him intact despite his repeated efforts to undo it. It was a reminder that at least one court remained unmoved by presidential pressure on a matter already settled by a jury.</p>
<p>The press freedom story, which would run through much of the week, opened that same day. ABC filed a First Amendment lawsuit against the FCC, accusing Chair Brendan Carr of demanding early license renewal for its eight stations in retaliation for editorial decisions Trump disliked, including coverage involving Jimmy Kimmel. Monday also brought a sharper, more personal confrontation: at a Georgia rally, Senator Jon Ossoff criticized Trump's reliance on aide Natalie Harp and his handling of military matters. The White House answered not with substance but with insults—communications director Steve Cheung responded crudely, and when a CNN reporter asked Trump to address Ossoff's criticism, the official White House Rapid Response account attacked the reporter directly, invoking her children. It was official government communication turned into a tool of intimidation against a journalist doing her job. Monday closed with Trump, in an Oval Office press conference, threatening to &quot;bomb the shit out of&quot; Oman if it interfered with reopening the Strait of Hormuz, while declaring his intent to claim the strait as U.S. territory—a statement at odds with basic principles of international law and alliance diplomacy, delivered alongside a defense of reduced military exercises with South Korea.</p>
<p>Tuesday deepened both threads. Disney and ABC formally filed their complaint against the FCC, this time in granular detail: more than 600 document requests, 13,000 pages of demands, and allegations of a chilling effect reaching even entertainment programming like The View. The Pentagon, separately, ordered thirty universities—including Harvard, MIT, and Johns Hopkins—to terminate foreign academic partnerships within two weeks or risk losing federal funding, a move that used financial leverage to reach into questions of academic judgment normally left to the institutions themselves. Internationally, Secretary of State Marco Rubio announced sanctions against the president and a senior prosecutor of the International Criminal Court over its Gaza investigations, saying the goal was to &quot;disable&quot; the court's operations. And in a story that received less immediate attention but carried long-term weight, Christian nationalist figures with influence in the administration floated repealing the Nineteenth Amendment in favor of household voting arrangements in which women would defer to men at the ballot box—a proposal, not formal policy, but one voiced by people with real proximity to power.</p>
<p>Wednesday was quieter by comparison. The national debt passed $40 trillion, with interest payments now exceeding the defense budget, a fiscal marker that would connect later in the week to rising consumer costs. Rhode Island's governor ordered a statewide pause on new license plate readers pending a sixty-day privacy review, a small but notable instance of state government responsiveness to surveillance concerns. Transportation Secretary Sean Duffy's six-episode YouTube series, filmed over seven months of his tenure, premiered to just over 5,000 views—an odd footnote about how cabinet officials were spending their time and the department's platforms. And the Ossoff feud continued on cable news, with the senator defending his earlier remarks about Natalie Harp, a sign that the personal clash from Monday had not faded.</p>
<p>Thursday brought the week's most consequential cluster of developments. Chief Justice John Roberts stayed a lower court order that had halted construction of Trump's 90,000-square-foot White House ballroom, a project already 65 percent complete and expected to cost more than $400 million. A federal appeals court had found the project likely required congressional approval, but the stay allowed work to continue while that question remains under review—a procedural pause, not a final resolution, though one that let a disputed exercise of executive authority over public property keep moving forward in the meantime. The same day, documents obtained through FOIA litigation showed FCC Chair Brendan Carr had been in direct communication with White House officials and Sinclair Broadcast Group while overseeing the very license decisions ABC was now suing over—evidence that strengthened the broadcaster's claim that its regulator was acting as a political instrument rather than a neutral arbiter. The Justice Department, meanwhile, argued in court that Comey's seashell Instagram post could reasonably be read as a threat against the president, defending a prosecution his lawyers call vindictive and unconstitutional—a case that traced directly back to Blanche's weekend remarks about loyalty over independence. And at the Pentagon, Spokesman John Ullyot resigned after three months, criticizing Defense Secretary Pete Hegseth for involving his wife in sensitive official duties; Senator Chris Coons, from the other party, separately called the arrangement &quot;not normal,&quot; a rare moment of bipartisan unease over how classified information was being handled at the department's senior levels. Thursday closed with more evidence of the presidency blending with private commerce: a donor-funded White House renovation tour, and continued sales of early access to Trump's Truth Social posts for as much as $100,000 a month.</p>
<p>Friday arrived with a cluster of institutional course corrections alongside new instances of pressure on the press. The Pentagon fired the publisher, editor, and a reporter at Stars and Stripes, the military-funded news outlet, after it reported on poor conditions aboard the USS Abraham Lincoln—conditions Trump had separately dismissed as &quot;fake news.&quot; The firings were a distinct mechanism from the ABC/FCC lawsuit: not regulatory pressure on a private broadcaster, but direct personnel retaliation inside a military-run newsroom, aimed at journalists covering the welfare of service members. On the accountability side, the Department of Homeland Security walked back a sweeping claim it had made about noncitizen voting in Nevada. After meeting with state officials, DHS acknowledged it could confirm only 185 noncitizens on Nevada's voter rolls, a steep retreat from an earlier claimed figure of nearly 16,000, and part of a broader assertion of 278,000 such registrations across four states that had never been substantiated. It was a specific, checkable claim that collapsed on contact with actual data.</p>
<p>The courts, too, did not move in a single direction. A federal appeals court upheld protections limiting immigration enforcement at houses of worship, a clear check on enforcement overreach. But a federal judge also ruled that a Defense Production Act order allowed a disputed California oil pipeline to keep operating over the state's objections, and the Justice Department's Office of Legal Counsel concluded the Constitution requires presidential control over the Foreign Service Grievance Board—two rulings that, in different ways, validated expansive federal authority over state and institutional prerogatives. Treasury Secretary Scott Bessent formally eliminated beneficial-ownership disclosure requirements for shell companies, completing a rollback that began earlier when FinCEN dismantled and destroyed the underlying registry—removing a congressionally mandated anti-corruption tool with little public notice. And the week's economic pressures became more tangible: gasoline hit $4.11 a gallon, school lunch costs rose 11 percent, and a more-than-40-percent cut to food safety inspection funding was linked to the largest cyclospora outbreak in U.S. history. Asked about the terms of a new beef trade deal, Trump told reporters simply, &quot;I don't want to say,&quot; closing the week with a small but telling refusal of disclosure.</p>
<p>Seen as a whole, the week showed executive power testing its limits on several fronts at once—legal, financial, military, and rhetorical—while the institutions meant to check that power produced a mixed but not uniformly deferential record. A jury's verdict against the president stood. A regulator's coordination with the White House came to light through litigation, not official transparency. A specific, inflated claim about voter fraud fell apart once state officials asked for evidence. Journalists at a Pentagon-funded outlet lost their jobs for reporting facts the administration found inconvenient, even as a different broadcaster pressed its own case through the federal courts. None of these outcomes was final; the ballroom project proceeds under a stay, not a verdict, and the ABC/FCC lawsuit remains unresolved. But the pattern of the week was legible: pressure applied broadly and often successfully, met by scattered, real, and sometimes effective resistance from courts, state officials, and local governments unwilling to simply accept the administration's claims at face value. ```</p>
","This week opened with the attorney general publicly refusing to promise that the Justice Department would act independently of the president, and the week's events largely bore","2026-10-10 08:17:51","digest","https://thedemocracyclock.com/week-83-digest-the-week-the-guardrails-were-tested-and-mostly-held/","https://thedemocracyclock.com/wp-content/uploads/week83-digest-featured.jpg","week83-digest-featured.jpg","","","","","","","https://thedemocracyclock.com/wp-content/uploads/week83-digest-featured.jpg","https://thedemocracyclock.com/wp-content/uploads/week83-digest-featured.jpg","Digest","Weekly digest week 83, The Week the Guardrails Were Tested — and Mostly Held, Week 83 – August 15–21, 2026, Power and Authority, Institutions and Governance, Economic Structure, Civil Rights and Dissent, Information, Memory and Manipulation, Attorney General refuses to pledge DOJ independence from the White House, Immigration courts speed deportations through courthouse arrests and mass hearings, Trump family crypto venture wins a bank charter, A string of false presidential and administration claims on prices, crime, and Iran, Presidential whims reshape military hardware and the White House grounds, Supreme Court declines to reopen E. Jean Carroll verdict, ABC sues the FCC over retaliatory license demands, Senator Ossoff confronts Trump's record and conduct; White House retaliates with personal attacks","publish","","","","","","week-83-digest-the-week-the-guardrails-were-tested-and-mostly-held","","","","","","","","","","83","20260815","20260821","August 15 - 21, 2026","","","","","","","","","","","","","","","","","","",""
"","This Week in Democracy: Tariffs, Ballots, and a Lake Renamed","<!-- Generated by build_publish_week_v2 (WordPress digest HTML) -->


<p>```markdown This was a week defined by escalation on multiple fronts at once: a trade relationship with Canada that broke down entirely and then kept getting worse, a mail-in voting fight that swung back and forth through the courts almost daily, and a string of financial entanglements that tied presidential power to private gain in increasingly concrete ways. Against that backdrop, immigration enforcement expanded to record levels even as a wave of local governments moved in the opposite direction, severing their own surveillance contracts. By week's end, thousands gathered on the National Mall to invoke a march held six decades earlier — a reminder that institutional pressure was being met, unevenly, by civic response.</p>
<p>**The Weekend**</p>
<p>The week began with a Friday-night collapse. Canadian Prime Minister Mark Carney walked away from nearly-finished trade talks over last-minute American demands touching trucking rules, sovereignty, and language protections. Within hours, 50% U.S. tariffs took effect on $20 billion of Canadian goods, and Carney announced Canada would match them dollar for dollar. It was the opening move in a dispute that would harden through the week rather than cool.</p>
<p>The rest of the weekend offered a study in contrasts. In Washington, federal grounds around the Capitol and National Mall were reconfigured for a presidentially organized IndyCar race — manhole covers welded down, flights rerouted, artwork at the National Gallery specially protected — a considerable diversion of public infrastructure toward a branded entertainment spectacle. In South Carolina, Trump turned a Senate primary into a personal loyalty test, rallying for Darline Graham against Ralph Norman and backing her with $827,000 from his super PAC, after a string of losses by his endorsed candidates elsewhere. Cracks within his own coalition surfaced publicly, too: Marjorie Taylor Greene called him a &quot;Trojan horse,&quot; prompting Trump to label her, along with Tucker Carlson and Thomas Massie, &quot;losers&quot; on social media. A separate decision to suspend tariffs on imported ground beef to ease consumer prices drew fury from cattle ranchers, some lifelong supporters, who said they had lost faith in him. Meanwhile, Treasury Secretary Scott Bessent intervened directly in the Japanese yen market and doubled a long-term bond buyback program — moves financial analysts compared to a faltering military campaign, a sign that market confidence was already under real strain. And a Stars and Stripes reporter, Liz Korte, was fired by Defense Secretary Hegseth after writing about the hardships facing military families displaced by the Iran war, a firing that would return as a lawsuit later in the week.</p>
<p>**Monday**</p>
<p>Monday delivered the week's most consequential single ruling. A divided Supreme Court, voting 6-3, lifted an injunction that had blocked Trump's executive order restricting mail-in voting, finding the states' challenge procedurally premature rather than addressing the order's merits. That technical distinction mattered enormously in practice: it cleared the way for the U.S. Postal Service to begin implementing new ballot rules just weeks before the midterms, launching a legal tug-of-war that would run through the entire week.</p>
<p>The same day, immigration enforcement widened its reach in two distinct ways. The wife of an active-duty Army sergeant stationed at Fort Bliss was deported to Honduras despite having no criminal record, one of more than fifty identified cases of military family members swept up after prior protections were rolled back. And the Department of Homeland Security advanced plans to spend up to $20 million equipping ICE officers with electric-shock gloves, over objections from civil rights groups citing documented abuse. Separately, USCIS fraud-detection officers were pulled off asylum processing and redirected toward screening South African refugees and investigating alleged noncitizen voters — the first sign of a pattern that would become explicit two days later. Nevada and regional water agencies sued the Interior Department over a new Colorado River allocation plan cutting the state's share by roughly 71% while sparing upper-basin states, and a report that Hakeem Jeffries had met privately with Jared Kushner drew a pointed public warning from Speaker Mike Johnson.</p>
<p>**Tuesday**</p>
<p>Tuesday's developments were fewer but sharply pointed. The EPA proposed making Clean Air Act emissions disclosure voluntary for datacenters, cutting public visibility into pollution tied to disease just as datacenter construction accelerates nationwide. In a separate and unusually direct maneuver, Trump's lawyers suggested the Kennedy Center might need to be demolished unless courts allowed renovation and naming plans tied to the president to proceed — leverage applied to a national cultural institution whose fundraising and ticket sales had collapsed after his name was added to the building.</p>
<p>The trade dispute with Canada widened further: 50% tariffs hit Canadian toilet paper, tissue, and dairy, with autos and steel tariffs announced for January 2027, and Canada responded by targeting nearly 900 American products effective September 8. The mail-voting fight continued its churn as well, with a district judge finding that USPS had already violated a prior injunction by proceeding with rulemaking, though the judge stopped short of ordering further remedy.</p>
<p>**Wednesday**</p>
<p>Wednesday was the most institutionally dense day of the week. Trump declared a national emergency restricting foreign-made equipment in the U.S. bulk-power system, a move granting broad executive control over energy infrastructure procurement with little legislative involvement. A divided Third Circuit panel ruled that criminal charges against Rep. LaMonica McIver, stemming from a congressional oversight visit to an immigration facility, could proceed, rejecting her speech-and-debate defense — a decision with direct consequences for how far members of Congress can go in challenging executive agencies without facing prosecution themselves. In an unusual breach of judicial convention, sitting Justice Clarence Thomas sat for roughly 9.5 hours of one-on-one podcast interviews with Senator Ted Cruz.</p>
<p>The reassignment of fraud-detection officers toward voter-data screening, first visible on Monday, became fully explicit: hundreds of USCIS officers were formally redirected to examine voter rolls for possible noncitizen registrations, halting routine immigration-fraud work less than three months before the midterms. In Texas, a federal judge declined to order the extradition of an ICE agent charged in Minnesota with shooting a Venezuelan man, and the state's governor separately refused the request, allowing the agent's release.</p>
<p>Against this backdrop of expanding federal authority, a notably different story unfolded at the local level. On the same day, city councils and county commissions in Asheville, Kendall County, Wylie, and Pflugerville all voted to terminate or decline renewal of license-plate surveillance contracts with Flock Safety, one jurisdiction acting after discovering 1.6 million unauthorized data searches. The Justice Department, meanwhile, signaled it would appeal rather than comply with a judge's order requiring further unredaction of the Epstein files.</p>
<p>**Thursday**</p>
<p>Thursday paired symbolism with substance. Trump signed an executive order directing federal agencies to rename Lake Ontario &quot;Lake America,&quot; a gesture aimed squarely at Canada amid the active trade dispute; Canada rejected it outright, and several U.S. governors dismissed the move as well.</p>
<p>Far more consequential was a set of financial disclosures: the administration had canceled offshore wind leases and directed $1.2 billion to the German firm RWE in exchange for abandoning them, with $900 million of that sum used to acquire a stake in a Louisiana LNG project owned by a private equity fund run by a Trump inaugural donor — a transaction now under congressional investigation.</p>
<p>Immigration enforcement intensified in Danbury, Connecticut, where immigrant-rights groups reported dozens of arrests over several days, including parents detained in front of school-bus stops, part of a national pattern in which arrest numbers were hitting record highs even as the share involving violent criminal history shrank. Three Stars and Stripes employees, including colleagues of the reporter fired the previous weekend, sued the Department of Defense and Secretary Hegseth over what they described as retaliation for covering conditions aboard the USS Abraham Lincoln. Former Border Patrol Commander Greg Bovino said publicly that his security detail had been pulled and suggested officials may want him dead, framing it as retaliation for his criticism of the administration. Three Secret Service officials, including the communications director, were placed on leave amid an investigation reportedly connected to FBI Director Kash Patel's search for a media leak source. And HHS Secretary Robert F. Kennedy Jr. suggested Pennsylvania's documented measles deaths might have been fabricated by a governor's staffer, even as new documents surfaced showing he had given false congressional testimony about a 2019 trip to Samoa tied to vaccine skepticism.</p>
<p>**Friday**</p>
<p>The week closed with a measure of legal whiplash resolved, for the moment, in favor of voters: a federal judge temporarily blocked USPS from enforcing the new mail-voting rule for fourteen days pending further review, one day after 24 states and the District of Columbia sued arguing the rule usurped state and congressional authority over elections. It was the latest swing in a dispute that had moved from Supreme Court clearance to rule implementation to a judge finding a violation to a fresh injunction within the span of a single week, leaving voters and election officials with genuine uncertainty just ahead of the midterms.</p>
<p>That uncertainty stood alongside a very different kind of public response: thousands gathered on the National Mall for a &quot;Defend the Vote&quot; march echoing the 1963 March on Washington, with speakers including Rep. Alexandria Ocasio-Cortez framing the midterms as a referendum on eroding rights.</p>
<p>New reporting added further weight to the week's financial throughline, finding that Trump had earned at least $1.4 billion from cryptocurrency products in 2025, funded partly by foreign governments and entities under investigation, while a separate report revealed a $500 million investment in his family's crypto venture from a UAE national security official — arriving as the UAE was separately seeking access to American AI chips. ICE closed the week by confirming it had detained a record 49,571 people in a single month, a majority without criminal convictions, while awarding a $16.7 million no-bid contract for the electric-shock gloves first proposed days earlier, despite objections from sitting senators. Private prison operator GEO Group donated $1.4 million to a Trump-aligned super PAC shortly after winning DHS detention contracts worth more than $160 million annually, while Meta agreed separately to pay $17.1 billion to settle claims that it had endangered children through addictive platform design.</p>
<p>The week's final note was almost incidental: at a NASA ceremony meant to honor the Artemis II astronauts, Trump delivered a lengthy, self-focused political speech that was met with silence from an audience of scientists and military families.</p>
<p>**Taken as a whole**</p>
<p>The week showed executive power reaching simultaneously into trade policy, electoral administration, energy infrastructure, cultural institutions, and even geography, while oversight mechanisms struggled to keep pace. Courts split a difference between enabling and restraining a contested voting rule within days of each other; Congress saw one of its own members face prosecution for conducting oversight; and financial arrangements linking the presidency to campaign donors and foreign investors grew more concrete and more documented. Yet the week also recorded real friction against that expansion — from ranchers and allies breaking publicly with the president, to city councils severing surveillance contracts, to tens of thousands marching under a banner recalling 1963. Neither current fully prevailed by Friday; both left a mark on the record. ```</p>
","This was a week of simultaneous pressure on several fronts.","2026-10-10 08:18:07","digest","https://thedemocracyclock.com/week-84-digest-this-week-in-democracy-tariffs-ballots-and-a-lake-renamed/","https://thedemocracyclock.com/wp-content/uploads/week84-digest-featured.jpg","week84-digest-featured.jpg","","","","","","","https://thedemocracyclock.com/wp-content/uploads/week84-digest-featured.jpg","https://thedemocracyclock.com/wp-content/uploads/week84-digest-featured.jpg","Digest","Weekly digest week 84, This Week in Democracy: Tariffs, Ballots, and a Lake Renamed, Week 84 – August 22–28, 2026, Power and Authority, Institutions and Governance, Economic Structure, Civil Rights and Dissent, Information, Memory and Manipulation, Canada walks away from trade talks; tariff war begins, Trump stages IndyCar spectacle on the National Mall, Trump personalizes a Senate primary in South Carolina, Cracks open within Trump's coalition, Beef tariff suspension angers ranchers and farmers, Treasury Department intervenes in bond and currency markets, A military journalist is fired after reporting on war's toll on families, Supreme Court clears way for mail-in voting crackdown","publish","","","","","","week-84-digest-this-week-in-democracy-tariffs-ballots-and-a-lake-renamed","","","","","","","","","","84","20260822","20260828","August 22 - 28, 2026","","","","","","","","","","","","","","","","","","",""
"","Lake America, War Powers, and the Mail-In Ballot Fight","<!-- Generated by build_publish_week_v2 (WordPress digest HTML) -->


<p>```markdown This was a week in which the machinery of government moved on several fronts at once, and the pattern connecting them grew clearer by Friday than it had been on Saturday. A presidential order over a lake's name, a fight over how mail-in ballots get verified, continued strikes near the Strait of Hormuz, and a string of court rulings on executive power all unfolded alongside each other — each testing, in its own way, how far current officeholders could extend their reach before courts, Congress, or public pressure pushed back.</p>
<p>The weekend began with a gesture that looked almost trivial: an executive order directing federal agencies to rename Lake Ontario &quot;Lake America.&quot; Google complied for U.S. users almost immediately; Canada's government rejected the change outright, noting the lake's Indigenous name and origins. The episode landed inside an already-tense trade relationship over steel tariffs, and it set a tone that would recur throughout the week — a willingness to use presidential authority to reach into private platforms and international relationships over matters with little practical stakes but real symbolic weight. Apple's later compliance with the same renaming effort, after direct outreach from the president, extended the pattern into the following week.</p>
<p>Alongside the lake dispute, the Department of Homeland Security was revealed to be using an obscure customs statute to obtain phone, financial, and social-media records on journalists, unions, and nonprofit groups — bypassing a judge who had twice rejected warrant requests in similar cases for lack of probable cause. The maneuver would resurface days later when Senator Ron Wyden and Representative Pramila Jayapal formally requested a GAO investigation into the practice, arguing it circumvented judicial oversight entirely. Over the same two days, ICE deported commentator Milo Yiannopoulos within 24 hours of his arrest for a visa overstay — a pace well outside the norm that raised questions about whether enforcement speed tracks political notoriety. A Pentagon-brokered deal granting the United States majority control over Venezuelan oil reserves, arranged through a politically connected private operator despite constitutional restrictions in Venezuela on private oil ownership, suggested that resource diplomacy was increasingly running through military channels rather than the State Department. The weekend closed with a notable intra-party result: Florida Democrats nominated DSA-backed Angie Nixon over establishment favorite Alex Vindman, a signal of the pressures building within the party ahead of the midterms.</p>
<p>By Monday, the courts were active on multiple fronts. The Supreme Court, in a 5–4 decision, allowed construction of a $400 million White House ballroom to proceed, ruling that the National Trust for Historic Preservation lacked standing to challenge it — a decision that left the underlying legality of the project unresolved even as Chief Justice Roberts, in dissent, warned it likely violated federal law requiring congressional authorization for such construction. That same day, federal judge Indira Talwani blocked a new 95-page Postal Service rule imposing fresh verification requirements on mail ballots, finding the government had not produced evidence of fraud sufficient to justify the change. The ruling mattered immediately: a whistleblower had separately told Senator Richard Blumenthal that the rushed verification system could reject entire batches of up to 10,000 ballots over a single scanning error, raising the uncomfortable question of whether the flaw was accidental or intentional. Monday also brought word that the Pentagon had quietly hired retired colonels and social-media personalities as government employees to amplify Defense Secretary Pete Hegseth's messaging, and that a federal judge had struck down New York's climate superfund law, siding with oil companies and the Justice Department against a $75 billion damages requirement passed by the state legislature. DHS, meanwhile, redirected immigration officers to scrutinize voter rolls after claiming — without verified data — that nearly 250,000 noncitizens were registered across four states. Trump closed the day by calling for FCC action against NBC over poll coverage and declining to rule out nuclear weapons against Iran when asked directly by a reporter.</p>
<p>Tuesday opened with the House passing a continuing resolution through December 11, averting a shutdown with a wide bipartisan margin, even as two Democrats — Jared Golden and Marie Gluesenkamp Perez — drew sharp rebukes from their own leadership for joining Republicans on a procedural vote. The day's larger story, though, was military: Trump ordered new airstrikes on Iranian targets near the Strait of Hormuz, warning of harsher retaliation if Iran responded, as reports surfaced of civilian casualties, including a wedding struck in Hormozgan province. The Pentagon's internal troubles deepened in parallel: Hegseth restricted press access to the building, and three Stars and Stripes journalists were fired after critical coverage of shipboard conditions, prompting a First Amendment lawsuit. House Democrats responded by calling for Hegseth's impeachment, citing corruption allegations, troop mistreatment, and the unauthorized nature of the ongoing strikes. The day's most direct warning for the coming election came from Homeland Security Secretary Markwayne Mullin, who declined to rule out ICE presence at polling places despite federal law barring armed agents from election sites. Massachusetts held its Senate primary, with Ed Markey leading Seth Moulton. And a joint report from Human Rights Watch and Physicians for Human Rights documented 52 deaths in ICE custody in under eighteen months — nearly four times the rate under the previous administration, with inadequate medical care suspected in most cases.</p>
<p>Wednesday carried the election-administration story further. Homeland Security Investigations formally launched a nine-state voter-fraud surge, directing agents to pursue leads through mid-October — pulling immigration enforcement personnel directly into election oversight weeks before voting began. The Justice Department issued a new legal opinion reversing a Clinton-era interpretation, now requiring any state receiving TANF or SSI funds to report undocumented immigrants across its entire government rather than just the administering agency, a change with clear implications for mixed-status families. Congressional Democrats formally requested that the GAO probe DHS's surveillance of journalists and unions. Separately, Epstein survivors publicly pressed billionaire Leon Black to comply with House oversight subpoenas ahead of a scheduled deposition, while federal courts rejected two administration positions — dismissing a DOJ lawsuit against California's trans-inclusive school sports policy for inadequate notice, and facing a new suit from Patagonia and conservation groups over reductions to Bears Ears and Grand Staircase-Escalante. The U.S. Mint, meanwhile, began selling dollar coins bearing Trump's likeness, marketed as &quot;gold&quot; despite being made of base metals.</p>
<p>Thursday was the week's busiest day for consequential rulings. Federal judge Deborah Boardman blocked the administration's second attempt to narrow birthright citizenship, ruling flatly that no executive order can override existing Supreme Court precedent. The mail-ballot fight reached a new stage of urgency: Judge Talwani questioned the constitutionality of extending her earlier block at a hearing, even as Solicitor General John Sauer simultaneously petitioned the Supreme Court to enforce the very same restrictions — setting up a direct confrontation over who controls ballot rules weeks before voting. Leon Black failed to appear for his scheduled deposition, instead suing to challenge the House Oversight Committee's authority; Chairman James Comer declined to immediately pursue contempt. Senator Thom Tillis became the most prominent Republican to break publicly with the administration, calling Hegseth's management the worst he had witnessed and urging his removal over culture-war distractions from readiness problems. Interior Secretary Doug Burgum announced construction of a 250-foot triumphal arch between the Lincoln Memorial and Arlington National Cemetery, again without the congressional authorization required by the 1986 Commemorative Works Act — an echo of the ballroom project days earlier. Separately, the Justice Department blocked civil rights prosecutors from charging an ICE officer who shot a Venezuelan man in Minneapolis, and Texas Governor Greg Abbott refused to sign an extradition warrant Minnesota sought in the case. Representative Suhas Subramanyam disclosed that the DOJ had wiretapped his phone calls, calling it part of a pattern of surveillance against the president's political opponents. Steve Bannon publicly announced that ICE agents would &quot;surround the polls&quot; in November, amplifying Mullin's earlier comments into an explicit threat. The House passed legislation conditioning federal student aid on universities certifying they do not participate in boycotts of Israel, with 33 Democrats joining Republicans, while Speaker Mike Johnson canceled all House votes for the final two weeks of September. Oil and diesel prices, meanwhile, climbed for a fourth straight session as the Navy blockaded Iranian exports and two tankers were attacked near Oman — a tangible domestic cost of the still-unresolved conflict.</p>
<p>Friday closed the week with the mail-ballot dispute arriving formally at the Supreme Court, as the administration pressed justices to revive the USPS rules a lower court had blocked; Justice Ketanji Brown Jackson set a September 8 deadline for responses, even as the system's own implementation portal remained non-functional. New EOIR training instructed immigration judges to sharply limit continuances — the legal delays that let immigrants secure counsel — with reporting showing the policy applied even to abused children and crime survivors. That policy's human cost appeared in the same day's reporting: a five-year-old child and his father were deported to Mexico without apparent judicial review, part of a broader pattern of people flown in shackles to countries they had never visited. Separate investigations revealed that a Florida police department had shared license-plate data with 365 agencies nationwide, that opioid settlement funds had been diverted to purchase surveillance cameras, and that a surveillance vendor had demonstrated protest-monitoring capability to police using footage from an actual demonstration. The administration's deadline to compile citizenship data for state election officials arrived despite the effort having lost 23 consecutive legal challenges over its reliability. The Commerce Department quietly removed language barring political interference from Census Bureau reports, ahead of the 2030 count. An inspector general report detailed misconduct allegations against former Labor Secretary Lori Chavez-DeRemer, based on testimony from 38 witnesses — one of the week's few instances of an internal watchdog process working as intended. The Supreme Court otherwise closed out a quiet docket with routine denials and procedural orders.</p>
<p>Taken as a whole, the week showed a government pulling in two directions at once. Courts in Massachusetts, Maryland, and elsewhere repeatedly blocked specific executive actions — on mail ballots, on birthright citizenship, on climate liability, on trans-inclusive school policy — while the administration just as consistently pressed forward through appeals, new rules, or quiet reassignments of federal personnel. The cumulative effect on election administration was the week's most serious throughline: a verification system a whistleblower warned could silently discard thousands of ballots, immigration agents redirected toward voter rolls, a nine-state fraud surge timed to the midterms, and public statements from a cabinet secretary and a prominent political operative both raising the prospect of armed federal presence at polling places. None of these actions, individually, decided an election. Together, they described a system under sustained pressure from the agencies meant to administer it fairly, checked only by judges, whistleblowers, and a press corps that was itself facing surveillance, firings, and restricted access even as it reported the story. ```</p>
","This week moved on several tracks at once.","2026-10-10 08:18:15","digest","https://thedemocracyclock.com/week-85-digest-lake-america-war-powers-and-the-mail-in-ballot-fight/","https://thedemocracyclock.com/wp-content/uploads/week85-digest-featured.jpg","week85-digest-featured.jpg","","","","","","","https://thedemocracyclock.com/wp-content/uploads/week85-digest-featured.jpg","https://thedemocracyclock.com/wp-content/uploads/week85-digest-featured.jpg","Digest","Weekly digest week 85, Lake America, War Powers, and the Mail-In Ballot Fight, Week 85 — August 29–September 4, 2026, Power and Authority, Institutions and Governance, Economic Structure, Civil Rights and Dissent, Information, Memory and Manipulation, Trump renames Lake Ontario ""Lake America,"" escalating dispute with Canada, DHS uses obscure customs law to surveil journalists and unions without warrants, Rapid deportation of Milo Yiannopoulos raises selective-enforcement questions, Trump administration strikes Venezuela oil deal through Pentagon office, CFTC and Kalshi crack down on insider trading tied to White House access, Angie Nixon's grassroots primary win signals Democratic realignment, Supreme Court allows White House ballroom construction to proceed without resolving legality, Federal judge blocks new USPS mail-ballot verification rule","publish","","","","","","week-85-digest-lake-america-war-powers-and-the-mail-in-ballot-fight","","","","","","","","","","85","20260829","20260904","August 29 - September 4, 2026","","","","","","","","","","","","","","","","","","",""
"","The Map, the Money, and the Memorial","<!-- Generated by build_publish_week_v2 (WordPress digest HTML) -->


<p>```markdown # The Map, the Money, and the Memorial ### Week 86 – September 5–11, 2026</p>
<p>This was a week defined by three separate contests over the same basic question: who gets to decide what is true, what is fair, and what is owed. A congressional map in Missouri bounced between four courts in a matter of days. A president promised every American adult a $5,000 check, then suggested he might not need Congress to deliver it. And on the 25th anniversary of September 11th, the same president repeated a fabricated story about his own heroism at Ground Zero, appeared to fall asleep at a Pentagon memorial, and skipped the main ceremony in New York. Underneath it all, courts spent the week pushing back — not always successfully, but persistently — against an executive branch testing how far its reach could extend.</p>
<p>**The Weekend**</p>
<p>The weekend opened with a split verdict from the judiciary. A federal judge allowed the Pentagon to proceed with firing journalists from Stars and Stripes in a First Amendment dispute, a loss for press independence inside the military. At nearly the same time, another judge extended an injunction blocking the administration's mail-in voting restrictions, weeks before the midterms — a restriction the Department of Justice immediately signaled it would keep fighting. A separate ruling forced disclosure of who had structured a disputed $1.8 billion fund meant to compensate people the administration considered victims of political &quot;lawfare.&quot; The plan had been quietly abandoned amid bipartisan criticism, but its origins were now subject to judicial scrutiny. Meanwhile, the Justice Department's pressure campaign against hospitals providing gender-affirming care to minors continued, adding a New York hospital to a growing list that had dropped the service under investigative threat rather than through legislation or formal rulemaking.</p>
<p>In a preview of the week's final chapter, Rudy Giuliani used a Newsmax appearance to disparage New York Mayor Zohran Mamdani's Muslim faith, suggesting he skip the 9/11 memorial entirely — a religiously charged attempt to exclude a sitting official from a solemn civic occasion. It was also over the weekend that the president began telling reporters and Fox News he had personally led rescue efforts at Ground Zero and been evacuated by firefighters from a collapsing building — claims fact-checkers and eyewitnesses say are simply false. That story would not stay still; it would grow across the week.</p>
<p>**Monday**</p>
<p>Monday brought less visible but still consequential developments. Rep. Chellie Pingree publicly called on Congress and the Cabinet to exercise their oversight powers rather than continue enabling the president's conduct — an unusual public airing of fitness-for-office concerns from inside the legislative branch. The Department of Health and Human Services released a non-peer-reviewed report attempting to link &quot;gender ideology&quot; to left-wing political violence, a document experts said violated federal information-quality standards and extended the administration's pressure campaign against transgender healthcare into the realm of pseudoscience.</p>
<p>The president, meanwhile, posted a flurry of AI-generated images — renamed American territories, a depicted strike on Iran's Kharg Island, himself rendered as a superhero — alongside a claim that he had made &quot;hundreds of billions&quot; trading stocks from the Oval Office. The mixture of governance communication with fantasy imagery, paired with an offhand acknowledgment of personal stock trading from the seat of the presidency, pointed toward questions the week would not resolve.</p>
<p>**Tuesday**</p>
<p>By Tuesday, the week's central story began in earnest. Missouri's state supreme court ruled that Trump-backed congressional maps must go before voters in a referendum. Hours later, a federal judge issued a temporary restraining order requiring the maps be used anyway. Then Justice Kavanaugh denied an emergency request to employ the same maps — three rulings, three different outcomes, within about 72 hours, days before an election. It was a vivid illustration of how fragile redistricting protections had become.</p>
<p>The same day, the president signed a cluster of executive orders and proclamations: redistributing Defense Production Act energy authority to the Interior Secretary, ordering new veterans' data-sharing systems, and imposing tariffs and import bans on Canadian alcohol, dairy, and vehicles, escalating a trade dispute with a longtime ally. Separately, reporting revealed that Elon Musk's America PAC-funded voter data operation, votesafe.org, had expanded through affiliated groups — including one that had sent outdated registration forms to deceased voters, and a Heritage Foundation-linked group that spent $650,000 promoting a white-labeled version during Fox News coverage without disclosing the Musk connection. Unlike the federal vote.gov, the site collects and monetizes detailed personal and psychological data, raising concerns about a hidden surveillance infrastructure built around voter registration itself.</p>
<p>At a Tunnel to Towers Foundation ceremony, the president repeated his fabricated 9/11 rescue story, adding new details that CNN and other outlets documented as impossible given his actual location that day. Elsewhere, Smithsonian secretary Lonnie Bunch III — the institution's first Black leader — announced his retirement after sustained administration attacks on the museum's content. New York's city government, under Mayor Mamdani, released 170,000 pages of long-withheld 9/11 health records showing officials had known post-9/11 air quality was toxic while publicly calling it safe. In Germany, the far-right, anti-immigrant AfD party won a major state election in Saxony-Anhalt, drawing public praise from Vice President Vance and Elon Musk. And Houthi attacks on Saudi oil facilities began pushing global energy prices upward, a trend that would intensify through the week.</p>
<p>**Wednesday**</p>
<p>Wednesday's Dallas convention speech became the week's loudest moment. The president pledged $5,000 &quot;dividend&quot; payments to every American adult, contingent on Republicans retaining Congress in the midterms, without explaining how it would be funded. In the same speech, he proposed renaming New Mexico &quot;New America&quot; and other landmarks after himself. The reaction from within his own party was immediate: former Freedom Caucus chair Bob Good, Rep. Chip Roy, Governor DeSantis, and donor Joe Lonsdale all raised doubts about the plan's legality, feasibility, or basic arithmetic, even as Vice President Vance defended it on Fox News using tariff revenue figures that were quickly fact-checked as inaccurate.</p>
<p>The same day, the administration proposed adding a citizenship question to the census and eliminating race and ethnicity data collection used since 1790 — a change that could exclude millions from apportionment counts and reshape the constitutional basis for representation. A documentary reported that DOGE had accessed and shared sensitive Social Security data, prompting Nobel laureate Geoffrey Hinton to warn that the access pattern resembled what would be needed to manipulate elections through AI-enabled targeting.</p>
<p>The Missouri redistricting fight continued without pause, as a federal judge issued a new order requiring use of the Trump-backed map just hours after Kavanaugh's denial, prompting immediate appeals. Democratic lawmakers countered with their own economic messaging event in Dallas, Governor Pritzker launched a $20 million PAC aimed at House races, and Epstein survivors staged a &quot;reading room&quot; near the convention site. Overnight, the United States and Iran exchanged direct military strikes near the Strait of Hormuz — American forces destroyed five Iranian oil tankers, and Iran retaliated against U.S. ships, tankers, and a base in Jordan — pushing oil above $100 a barrel without congressional authorization for the engagement.</p>
<p>**Thursday**</p>
<p>Thursday brought the Missouri saga to what looked like a resolution, at least for a moment. The Eighth Circuit declined to block the Trump-backed map, prompting an emergency Supreme Court appeal — and the Court ultimately sided against the Republican-backed map, ordering the use of 2022 districts instead. Separately, the First Circuit, in a unanimous ruling from a panel of Biden appointees, held that the president lacked authority to regulate state election policy and declined to stay the injunction against his mail-voting order — the second appellate rejection of the policy in a matter of weeks.</p>
<p>Even as courts pushed back, the Justice Department sent letters to at least 30 senior state election officials ordering them to retain all 2024 election records, implying investigation without clarifying scope — a maneuver civil rights advocates read as a pressure tactic rather than a genuine inquiry. Separately, LULAC, Common Cause, UnidosUS, and the city of Denver sued over a DHS policy authorizing armed ICE agents at polling places in the 2026 elections.</p>
<p>Energy markets kept worsening: Houthi forces seized the port of Mocha, a critical shipping chokepoint, and combined with the Iran conflict, oil hit $109 a barrel while diesel reached a record $6.00 a gallon. The EPA, meanwhile, proposed rule changes easing pollution permitting requirements for AI data centers, eliminating public-participation steps for smaller emissions sources. And the president announced a unilateral tariff-free beef import policy from Brazil without industry consultation, even as reports surfaced of $45,000 in cash gifts to young female staffers and $20,000 to a co-defendant, raising ethics questions.</p>
<p>**Friday**</p>
<p>Friday was the 25th anniversary of September 11th, and it became the week's most pointed convergence of memory and politics. At a Pentagon memorial, the president repeated his fabricated Ground Zero rescue story once more, this time tying the legacy of 9/11 directly to justifying the ongoing conflict with Iran. He was photographed appearing to fall asleep during the ceremony, skipped the primary memorial service in New York altogether, and was publicly criticized by 9/11 widow Terry Strada for prioritizing business ties with Saudi Arabia over accountability to victims' families.</p>
<p>The same day, at the close of his convention appearances, the president had supporters recite a pledge of personal loyalty to him, including language about being willing to &quot;cheat like hell&quot; — a moment Governor Newsom described as replacing the Pledge of Allegiance with allegiance to one man. In a Fox interview, the president also suggested he might not need congressional approval to deliver the $5,000 checks promised days earlier.</p>
<p>The Missouri redistricting fight reached its conclusion: the state's supreme court held Secretary of State Hoskins in contempt for defying the earlier order and rejected his attempt to block the referendum on primary day, while the U.S. Supreme Court blocked the federal ruling that had revived the gerrymandered map. Threatened impeachments of state justices went unrealized in Missouri, even as a parallel court-packing effort succeeded in Utah.</p>
<p>Elsewhere, reporting revealed the Justice Department's ongoing investigation of COVID-era scientists including Anthony Fauci, and the completion of the first deportation ever carried out through the Alien Terrorist Removal Court, a venue that permits secret evidence the subject never sees. A separate report described Border Patrol's use of &quot;Predictive Intelligence Targeting Teams&quot; to analyze Americans' financial activity in directing local police stops, without individualized suspicion. Smaller stories closed out the week: Corey Lewandowski's reported offer to help Qatari officials with visas in exchange for private employment while at DHS, and Secretary of State Rubio's hiring of a speechwriter previously fired for retweeting a Nazi symbol.</p>
<p>**The Week in Sum**</p>
<p>Taken as a whole, the week showed an executive branch testing the outer edges of its authority on several fronts at once — electoral maps, campaign finance norms, historical memory, data privacy, and military engagement — while the judiciary, including appellate panels and justices not typically aligned with voting-rights advocates, repeatedly drew lines the administration could not cross. The Missouri map returned to its pre-gerrymander form. Mail-in voting protections held. But the week also left behind evidence of what courts cannot easily reach: a presidential pledge of personal loyalty from a political rally, a fabricated story of heroism repeated at a national memorial, and a trillion-dollar promise whose legality even allies could not explain. Twenty-five years after September 11th, the argument was no longer only about what the government could do — it was about what the public would be asked to believe. ```</p>
","This week's defining fight was fought over a congressional map in Missouri, where a federal judge, a state supreme court, an appeals court, and the US Supreme Court issued","2026-10-10 08:18:27","digest","https://thedemocracyclock.com/week-86-digest-the-map-the-money-and-the-memorial/","https://thedemocracyclock.com/wp-content/uploads/week86-digest-featured.jpg","week86-digest-featured.jpg","","","","","","","https://thedemocracyclock.com/wp-content/uploads/week86-digest-featured.jpg","https://thedemocracyclock.com/wp-content/uploads/week86-digest-featured.jpg","Digest","Weekly digest week 86, The Map, the Money, and the Memorial, Week 86 – September 5–11, 2026, Power and Authority, Institutions and Governance, Economic Structure, Civil Rights and Dissent, Information, Memory and Manipulation, Courts split on press freedom and voting access as the week begins, Judge orders disclosure of disputed $1.8 billion 'anti-weaponization' fund, DOJ pressure forces more hospitals to end gender-affirming care for minors, Giuliani attacks Muslim NYC mayor ahead of 9/11 commemoration, Trump begins making false claims about his role in 9/11, DOJ appeals mail-voting block to the Supreme Court, Congress member publicly questions Trump's fitness for office, HHS releases unreviewed report linking transgender support to political violence","publish","","","","","","week-86-digest-the-map-the-money-and-the-memorial","","","","","","","","","","86","20260905","20260911","September 5 - 11, 2026","","","","","","","","","","","","","","","","","","",""
"","The Week the Guardrails Were Tested","<!-- Generated by build_publish_week_v2 (WordPress digest HTML) -->


<p>```markdown This was a week in which several long-running pressures reached visible breaking points. The nation's leading artificial intelligence companies called publicly for a slowdown in their own industry, only to be dismissed by the White House as a liability dodge or a hoax. Warnings hardened that House Republicans might refuse to seat a Democratic majority if they lose the midterms. The president used federal money and access as leverage against a cultural institution, a hurricane-stricken state, and finally the press itself. And even as these pressures built, courts, the Federal Reserve, and Congress pushed back in ways that mattered.</p>
<p>The weekend opened with an unusual moment of alignment among rivals. Anthropic's Dario Amodei published a proposal urging the AI industry to slow the pace of frontier development, citing a recent AI-enabled hacking incident. Within hours, OpenAI's Sam Altman, Google DeepMind's Demis Hassabis, and Elon Musk had all endorsed the idea; Altman and Amodei went further, agreeing to give independent evaluators employee-level access to their systems. Reports soon surfaced of confidential talks between the companies about coordinated action — a rare instance of competitors accepting mutual disadvantage in the name of caution.</p>
<p>That same weekend, a different kind of warning took shape. Speaker Mike Johnson told a Trump convention crowd that Republicans &quot;will not allow&quot; Democrats to take the House majority. Conservative federal judge J. Michael Luttig responded with a pointed public warning: Johnson could install a loyalist House clerk who would simply decline to list newly elected Democrats on the roll — a scenario Luttig compared explicitly to the 2021 attempt to overturn the presidential election. He repeated the warning in a follow-up piece describing Trump and a &quot;servile&quot; Congress as the greatest threat facing the coming midterms. At the same convention, Trump promised a $5,000 &quot;dividend&quot; to every adult citizen if Republicans held both chambers, a commitment estimated at $1.2 trillion — far beyond actual tariff revenue. Johnson defended the plan on television as &quot;creative&quot; while avoiding questions about how it would be paid for.</p>
<p>Courts and advocacy groups spent the weekend testing the edges of election administration. The First Circuit Court of Appeals kept in place a block on new USPS mail-ballot rules pending Supreme Court review, while LULAC, Common Cause, UnidosUS, and the city of Denver sued to prevent armed ICE agents from entering polling places, invoking an 1865 law after DHS Secretary Mullin suggested such a deployment. Trump, meanwhile, spent the weekend at his Irish golf course amid large protests, telling reporters he had &quot;won three times&quot; and repeating his unfounded 2024 fraud claims. A related storyline also emerged: a top Senate campaign staffer for Jon Husted was dismissed after Nazi-themed content surfaced on his social media, and Texas Republican candidate Bo French posted a xenophobic image targeting South Asian and Hispanic students, drawing condemnation from Senators Cornyn and Cruz even as some right-wing media figures defended him. Separately, an advertising campaign funded by Musk directed swing-state voters to a &quot;voter registration&quot; website that quietly profiled users and shared their data with advertising platforms.</p>
<p>By Monday, the human cost of immigration policy became difficult to separate from abstraction. The administration's termination of Temporary Protected Status for roughly 350,000 Haitians had triggered ankle-monitor requirements and an enforcement wave in Springfield, Ohio; a student named Pierre Damas Bel died in an apparent suicide after being forced to wear a monitor, a case that came to symbolize the toll of the policy on schools and the broader community. The same day, twenty-eight jurisdictions — six cities and counties, New York, twenty-one other states, D.C., and Pennsylvania's governor — filed lawsuits against an expanded &quot;public charge&quot; rule that broadens the government's ability to deny green cards based on benefits use, arguing it violates federal rulemaking procedures and threatens billions of dollars in harm.</p>
<p>The AI divide widened on Monday as well. White House advisor David Sacks accused the industry's safety advocates of using the issue to dodge liability, even as members of both parties in the House urged Speaker Johnson to reconvene Congress to consider safeguards. Senator Bernie Sanders drafted legislation imposing criminal penalties for superintelligence research, and Representative Seth Magaziner publicly criticized the administration's anti-regulation posture. Adding weight to the industry's warnings, an Anthropic researcher, Jacob Coxon, resigned publicly, alleging that both his former employer and OpenAI understood the risks of their work but felt locked into a race to build self-improving systems first. Meanwhile the Bo French story continued to metastasize: Governor Abbott offered only mild criticism, and separate reporting surfaced a Florida House candidate's attendance at the 2017 Charlottesville rally and a New York state senator's tribute to a relative who served the Nazi regime — both prompting hasty retractions.</p>
<p>Tuesday's news centered on the use of institutional leverage. After a federal court blocked Trump's name from being placed on the Kennedy Center's facade, Trump threatened to withhold a $257 million renovation unless the ruling was reversed, and his appointed board voted to close the building, citing safety concerns that Democratic lawmakers disputed. Commerce Secretary Howard Lutnick, whose wife sits on the board, posted selectively edited security footage to justify the closure. The same day, a DHS Office of Inspector General report documented detainees confined to undersized metal cages for up to two hours at Florida's &quot;Alligator Alcatraz&quot; facility, along with overcrowding and inadequate hygiene before its closure earlier in the year. DHS's claims about election fraud took another hit as well: a whistleblower disclosed that the agency had generated thousands of potentially unreliable law enforcement records against California voters while telling officers they faced no personal liability for questionable database searches, and DHS's earlier claim of nearly 16,000 non-citizens on Nevada's voter rolls collapsed under scrutiny to just 185 verified cases. Elsewhere, FBI Director Kash Patel and Treasury Secretary Scott Bessent testified before the Senate, a revised crypto ethics bill from Senator Lummis was found to grandfather in Trump's existing crypto holdings, the EPA rescinded greenhouse gas limits on power plants, and Trump called AI safety concerns a &quot;hoax&quot; on social media while economic advisor Kevin Hassett labeled regulation &quot;a recipe for disaster.&quot;</p>
<p>Wednesday brought a dense cluster of congressional action. The House passed, for the third time, a war powers resolution directing Trump to end hostilities against Iran absent explicit authorization, and also passed a sanctions bill granting the president broad new tariff authority over countries buying Russian energy. Representative Thomas Massie introduced eight articles of impeachment against Defense Secretary Pete Hegseth over alleged war-powers violations and extrajudicial killings. The House Oversight Committee, and then the full House, voted to hold billionaire Leon Black in contempt for refusing to comply with subpoenas tied to Jeffrey Epstein's network. In a rare instance of institutional resistance to White House pressure, the Federal Reserve unanimously raised interest rates a quarter point — its first increase in three years — despite Trump's repeated demands for cuts. Courts were also active: a federal judge ruled DHS could not threaten prosecution against a citizen for criticizing ICE, and the ACLU joined seventeen researchers in suing over a 235-keyword system used to block NIH grants on topics such as gender and climate. ICE detained exiled Nicaraguan journalist Luis Galeano despite his pending asylum claim, and human rights lawyer Noura Erakat was arrested for trespassing after attempting to speak against a county's Israeli bond investment at a restricted public hearing.</p>
<p>Thursday opened with Speaker Johnson canceling votes and sending the House home until November 9 — a move that prevented any floor vote on Massie's impeachment articles against Hegseth and shielded members from taking a public position on the Iran war ahead of the midterms. Trump, meanwhile, escalated his use of institutional leverage: he claimed credit for &quot;saving&quot; the Kennedy Center even as fact-checks showed he was withholding congressionally appropriated funds, called board members &quot;dumb&quot; and &quot;garbage&quot; in a private meeting, and told a North Carolina rally he would withhold federal disaster relief unless his preferred Senate candidate won. Representative María Elvira Salazar broke publicly with the president on immigration enforcement, citing data that half of the 50,000 people detained in July had no criminal record and calling for a &quot;dignified&quot; approach. Senator Bill Cassidy publicly blamed administration vaccine skepticism for measles deaths during the worst outbreak in three decades, and it emerged that the CDC had quietly altered its &quot;vaccines do not cause autism&quot; guidance with a qualifying asterisk. Trump closed the day with a string of unverified claims — falling gas prices, $1.5 trillion in tariff revenue, a repeated $5,000 dividend promise, threatened tariffs on Europe, and a claim that U.S. forces had &quot;taken out&quot; Venezuela's oil infrastructure in 48 minutes.</p>
<p>Friday delivered the week's sharpest confrontation with a democratic norm. Trump announced an immediate ban on CNN, MSNBC, and Politico from the White House, calling their coverage &quot;fake news&quot; and dismissing a direct constitutional question about the First Amendment. CNN, Politico, and the White House Correspondents' Association condemned the move as unconstitutional. The same day brought two forms of institutional pushback: the Supreme Court struck down Trump's sweeping tariffs on most countries, part of a string of judicial defeats this term, and the Senate blocked the Clarity Act crypto bill by a single vote, preventing legislation that would have benefited the president's personal crypto holdings through built-in loopholes. Nine civil rights organizations, including the NAACP, sued DHS, ICE, the Justice Department, and the FBI, alleging that rescinded polling-place enforcement limits and an expanded &quot;Unlawful Voter Initiative&quot; violate the Voting Rights Act's protections against intimidation. Separately, six U.S. officials said the Pentagon's public casualty database had undercounted American deaths in the Iran war, while satellite imagery revealed severe, undisclosed damage to U.S. bases across the Middle East. Trump also said it was &quot;not possible&quot; for a Jewish or Black person to legitimately vote Democratic, and a conservative pundit's investigation detailed a network of neo-Nazi and white nationalist influence within the Claremont Institute, tied to prominent Republican figures including Vice President JD Vance. The week closed with smaller but telling notes: the SEC moved to rescind a rule protecting pension funds from pay-to-play corruption, a federal watchdog found $6.7 billion had been paid to federal employees who were not working after workforce cuts, and Trump pressed South Dakota's governor about adding his likeness to Mount Rushmore while continuing to threaten the Kennedy Center's demolition.</p>
<p>Taken as a whole, the week showed a government pulling in two directions at once. Executive power reached repeatedly for institutional leverage — over a cultural venue, over disaster aid, over the press itself — while courts, the Federal Reserve, and even elements of Congress and the president's own party pushed back with real consequence. Warnings about whether the midterm results will be honored grew more specific and more credible, articulated not by partisans alone but by a sitting Speaker and a respected conservative judge. And an industry built on technological acceleration found itself, however briefly, arguing for restraint against a government uninterested in slowing down. None of these threads resolved this week. But each left a documented record — in court rulings, inspector general findings, whistleblower disclosures, and public votes — that will outlast the news cycle in which it appeared. ```</p>
","This was a week in which several long-running pressures reached visible breaking points.","2026-10-10 08:18:41","digest","https://thedemocracyclock.com/week-87-digest-the-week-the-guardrails-were-tested/","https://thedemocracyclock.com/wp-content/uploads/week87-digest-featured.jpg","week87-digest-featured.jpg","","","","","","","https://thedemocracyclock.com/wp-content/uploads/week87-digest-featured.jpg","https://thedemocracyclock.com/wp-content/uploads/week87-digest-featured.jpg","Digest","Weekly digest week 87, The Week the Guardrails Were Tested, Week 87 – September 12–18, 2026, Power and Authority, Institutions and Governance, Economic Structure, Civil Rights and Dissent, Information, Memory and Manipulation, AI industry leaders call for a coordinated development slowdown, Warnings grow that Republicans could refuse to seat a Democratic midterm majority, Trump ties a $5,000 payment and disaster politics to Republican control of Congress, Courts and advocacy groups push back on election-related enforcement risks, Trump travels to Ireland for golf amid protests and continues false election claims, Racist and extremist content surfaces in Republican campaigns; a senator's staffer departs, Elon Musk's voter-registration site harvests personal data, TPS termination and ICE enforcement destabilize Springfield, Ohio's Haitian community","publish","","","","","","week-87-digest-the-week-the-guardrails-were-tested","","","","","","","","","","87","20260912","20260918","September 12 - 18, 2026","","","","","","","","","","","","","","","","","","",""
"","The Press Ban That Wouldn't Stick","<!-- Generated by build_publish_week_v2 (WordPress digest HTML) -->


<p>```markdown This week began with a president deciding, on a Friday evening, that three news organizations no longer had a place in his White House — and it ended, seven days later, with his administration blocking those same reporters from a state dinner hours after a federal judge had ordered their access restored. In between came a sprawl of enforcement violence, quiet institutional takeovers, and a Republican Party visibly uneasy with where its own leader was taking it. Courts intervened again and again over the course of the week; the administration's typical response was to appeal, delay, or simply ignore them.</p>
<p>The week's central story began over the weekend of September 19 and 20, when Trump announced that CNN, MSNBC, and Politico were banned &quot;effective immediately&quot; from the White House, citing what he described as unfair coverage. By Saturday morning the announcement had become policy: Secret Service agents were turning reporters away at the gates and confiscating their hard passes, reportedly catching the White House's own press office off guard. Trump suggested the ban might soon widen to include the New York Times and Washington Post. That same weekend, a nationwide accounting found that the administration had cut, frozen, or delayed roughly $177 billion in federal grants across all fifty states — nearly a tenth of federal discretionary spending — disrupting maternal health, nutrition, disaster relief, and education programs regardless of which states or communities depended on them. Other institutional moves surfaced alongside it: thousands protested outside the Kennedy Center as Trump-allied board members voted to close it following a minor ceiling incident that Democratic board members called a pretext; Trump moved to install a political-appointee board with veto power over NIH biomedical grants despite a congressional provision meant to block exactly that; and he floated converting a planned triumphal arch into a military complex for drones and snipers, citing an unverified request from the armed forces. Early cracks in Republican unity also appeared, with Rep. María Elvira Salazar warning that mass deportation was costing Trump support among Hispanic voters, and Senators Cassidy and Grassley separately criticizing a $5,000 payment scheme and a diesel export policy. And on September 20, immigration enforcement turned violent in three separate incidents within a single day: a Guatemalan man died fleeing an ICE traffic stop in Michigan, a Venezuelan DoorDash driver was shot and wounded by an agent in Austin, and a Black U.S. citizen mistaken for a fugitive was beaten by agents in Evanston, Illinois.</p>
<p>By Monday, the press dispute had become a lawsuit and then a full industry response. CNN, MS Now, and Politico sued the administration over the ban, alleging violations of the First and Fifth Amendments, with a hearing set before Trump-appointed Judge Timothy Kelly. In an unusual show of solidarity, ABC, CBS, CNN, Fox News, and NBC suspended their shared pool coverage of the president altogether, leaving at least one presidential event without press audio. The White House answered not by backing down but by launching &quot;Trump TV,&quot; a curated YouTube stream, alongside a renewed push for its official app as a direct-to-citizen news channel — an attempt to route around independent journalism entirely rather than negotiate with it. The same day, a federal appeals panel ruled that the administration's practice of deporting migrants to third countries with no connection to them violated due process; DHS said it would continue the policy anyway during the appeal, having already sent more than 25,000 people to dozens of countries under paid bilateral arrangements. ICE violence continued as well, with agents tackling and pepper-spraying an independent photographer covering a Minneapolis protest, even as further reporting detailed the mistaken-detention injuries in Evanston. In smaller but telling episodes, Trump praised New York City Mayor Mamdani during a UN meeting despite Mamdani's pending lawsuit against the administration, and farm-state anger simmered over below-market beef imports and a dubious potash deal with sanctioned Belarus.</p>
<p>Tuesday shifted focus briefly away from the press fight, though not away from institutional strain. Eight states sued the Interior Department over settlements that canceled East Coast offshore wind leases in exchange for hundreds of millions in Judgment Fund payments to developers, arguing the deals misused settlement authority to redirect energy policy without congressional sign-off. In Mississippi, a grand jury declined to charge anyone in the July death of Nolan Wells, a Black teenager, despite the family's independent autopsy documenting unexplained blunt-force injuries. Reporting also filled in more detail on the Austin shooting victim from the weekend: an asylum seeker with a valid work permit who was discharged to ICE custody with a bullet still in his body, left in pain overnight until public outcry forced his return to a hospital — the officer involved was a recent hire without the body camera the administration had promised all agents would wear. Separately, ProPublica reported that the FBI had built a corruption case against Senator Susan Collins over an alleged pay-to-play defense-contracting scheme, only for the probe to be shut down after the administration dismantled specialized public-corruption units the previous year. A food-safety recall of more than 167,000 pounds of uninspected, mislabeled meat followed closely on the heels of Trump's push to loosen restrictions on foreign meat imports. And at the UN, Secretary-General António Guterres warned of an &quot;extraordinary transfer of power&quot; from governments to private corporations and individuals — a global framing that echoed much of what was unfolding domestically that same week.</p>
<p>Wednesday brought the first notable crack in Republican solidarity over the president's family. Senator John Curtis called for a Senate subpoena of Donald Trump Jr. over reports that a Putin-aligned Russian oligarch had helped fund his wedding, applying the same standard Republicans had once used against Hunter Biden. Election-related concerns sharpened as well: the DSCC, DCCC, DGA, and congressional leaders sued DHS, ICE, and the FBI over a reported policy to station armed federal officers at polling places, arguing it would violate election law and intimidate voters, especially naturalized citizens. Meanwhile, California and eleven other states quietly settled their antitrust challenge to the $110 billion Paramount-Warner Bros. merger, securing no divestitures and only a toothless &quot;Editorial Independence Board&quot; controlled by the acquiring family, plus a labor exemption critics called a union-buster — a settlement that handed major media consolidation to a politically aligned owner in the same week the White House was fighting to control press access elsewhere. That fight continued on its own track: reporting indicated Trump had revoked press credentials again after an aide showed him critical coverage, even as the administration kept promoting its own app and CNN's Kaitlan Collins asserted her right to cover UN events independent of White House credentialing. Elsewhere, more than a million people were removed from Affordable Care Act coverage over fraud concerns, and Governor Newsom signed a law making it a felony to seize ballots from county election offices — a direct response to an earlier sheriff's confiscation of over 650,000 ballots.</p>
<p>Thursday delivered the week's sharpest turn. Judge Timothy Kelly ruled that the administration had likely violated due process and First Amendment protections, ordering credentials restored for 78 journalists for two weeks and finding the government's national-security rationale pretextual. Yet that same morning, White House staff denied access to reporters covering Trump's event with Chinese President Xi Jinping, forcing an emergency motion before access was finally granted — a direct test of whether a court order could actually bind the executive's daily conduct. Elsewhere, the Justice Department's Civil Rights Division dismissed more than fifty long-running school desegregation cases, closing federal oversight mechanisms that in some instances had existed for decades. New reporting detailed a broader pattern behind a historic settlement: DoorDash's $131.5 million payment to New York City for underpaying more than 260,000 workers was the latest in a string of wage-theft settlements stretching back to 2020 across multiple states. On immigration, the State Department pledged at least $410 million toward third-country deportations even as the Solicitor General asked the Supreme Court to permit the practice to resume following the appellate ruling against it. And at home, the administration signed $300 million in contracts for a White House ballroom routed through an office exempt from federal building codes, after the original architect resigned over safety concerns — Trump reportedly responded, &quot;I am the code.&quot; Republican unease continued in smaller ways, with Senator John Kennedy criticizing the press ban while still agreeing with its underlying premise, and reporting emerging that RFK Jr. had diverted Office of Minority Health funds toward personal security while accepting gifts tied to his policy interests.</p>
<p>By Friday, the press-access confrontation reached its clearest point of defiance. Hours after Judge Kelly's order, the administration barred CNN and MS Now editorial staff from a state dinner honoring President Xi, permitting only limited technical crews — and Trump posted a digitally altered photo of himself with Xi that replaced a State Department official's likeness with that of a Trump aide, without disclosure. The Senate, meanwhile, voted down a House-passed resolution to end the 200-day military conflict with Iran, 49-50, despite support from four Republican senators, after 19 U.S. service members had been killed and more than 750 injured in the conflict. Election-related news cut in two directions: the California Supreme Court ordered the return of the more than 650,000 ballots a sheriff had unlawfully seized, and Texas's highest criminal court let stand the acquittal of Crystal Mason, previously convicted for an innocent voting mistake — while a DHS whistleblower alleged that federal agents had used citizens' Social Security numbers to impersonate voters and check their registration histories, prompting senators to request a state investigation, and Nevada's secretary of state separately rejected a DHS list falsely claiming 185 registered voters were noncitizens. Justice Ketanji Brown Jackson publicly warned that the Supreme Court's use of its emergency docket risked becoming an &quot;end-run&quot; around ordinary review, issued hours after the administration filed yet another emergency deportation request; separately, a federal judge found ICE detention conditions in Manhattan &quot;inhumane and unconstitutional&quot; and ordered remedial action. The week closed with a nonpartisan GAO audit finding ICE had wasted tens of millions of dollars without a coherent strategic plan for a $45 billion appropriation, and Senator John Cornyn publicly declining to fundraise for Texas Senate nominee Ken Paxton, warning that weak candidates cost parties their majorities.</p>
<p>Taken as a whole, the week put a fine point on a familiar but hardening dynamic: courts, state officials, and even members of the president's own party pushed back repeatedly against the exercise of executive power, while the administration's most common response was not to comply but to appeal, delay, or simply proceed as though the ruling had not been made. A press ban became a lawsuit, a lawsuit became a court order, and the order was defied at the very next opportunity. A deportation policy was found unlawful and continued anyway, backed by new funding, while the government asked the Supreme Court to bless it retroactively. Public institutions — a cultural landmark, a biomedical funding agency, a construction project exempt from fire codes — were reshaped around personal preference rather than established process. And an immigration enforcement system expanded through rapid, poorly vetted hiring produced, within one week, a death, a shooting, a beating, and a judicial finding of unconstitutional detention conditions. None of these threads resolved by Friday. What the week showed, instead, was the shape of the argument now underway over how much institutional resistance — legal, legislative, or simply factual — a modern executive is required to heed. ```</p>
","This week's defining fight was over who gets to see the presidency.","2026-10-10 08:18:49","digest","https://thedemocracyclock.com/week-88-digest-the-press-ban-that-wouldn-t-stick/","https://thedemocracyclock.com/wp-content/uploads/week88-digest-featured.jpg","week88-digest-featured.jpg","","","","","","","https://thedemocracyclock.com/wp-content/uploads/week88-digest-featured.jpg","https://thedemocracyclock.com/wp-content/uploads/week88-digest-featured.jpg","Digest","Weekly digest week 88, The Press Ban That Wouldn't Stick, Week 88 – September 19–25, 2026, Power and Authority, Institutions and Governance, Economic Structure, Civil Rights and Dissent, Information, Memory and Manipulation, Trump bans CNN, MSNBC, and Politico from the White House; Secret Service seizes press credentials, Federal grant disruptions reach $177 billion nationwide, Kennedy Center closure and Trump-driven takeover continue, Trump moves to politicize NIH grant funding and announces new arch/military and AI initiatives, Early signs of Republican discontent, Three violent ICE encounters in a single day, News organizations sue over press ban; networks boycott coverage; White House launches 'Trump TV', Appeals court rules third-country deportation policy unlawful; administration vows to continue","publish","","","","","","week-88-digest-the-press-ban-that-wouldn-t-stick","","","","","","","","","","88","20260919","20260925","September 19 - 25, 2026","","","","","","","","","","","","","","","","","","",""
"","A Government That Won't Spend, Won't Show Up, and Won't Rule Out Emergency Powers","<!-- Generated by build_publish_week_v2 (WordPress digest HTML) -->


<p>```markdown This was the week the executive branch treated congressional appropriations, court orders, and press credentials as negotiable propositions rather than binding obligations, while the machinery of a national election seven weeks away ran increasingly short of guardrails.</p>
<p>The pattern announced itself immediately. Over the weekend, the administration said it would not spend $810 million that Congress had appropriated for HHS, refugee, and minority-serving programs, dismissing the money as waste. The Government Accountability Office had already concluded that the underlying maneuver — a so-called pocket rescission — was unconstitutional, and a second rescission of roughly $1 billion followed within a day. Senators Patty Murray and Susan Collins both condemned the move, though Collins drew particular scrutiny for having voted to confirm an OMB director who had long signaled he would pursue exactly this kind of impoundment. The same weekend brought a second institutional jolt: the Supreme Court, over the dissent of its three liberal justices, let the administration resume using an overhauled citizenship-verification database to screen voter rolls, despite a lower court's finding that the system violated privacy law. A related case on the scope of pre-election voter purges was set for argument in December, meaning the practical risk of erroneous purges — including of naturalized citizens — would run well ahead of any final judicial resolution.</p>
<p>A third weekend story concerned the press. Federal judge Timothy Kelly ordered the White House to restore credentials for CNN, MSNBC, and Politico, finding no national-security justification for having stripped them. The ruling did not hold for long in practice: within hours the outlets were shut out of state dinner coverage, and in the following days they lost their turns in the Air Force One press pool, with a friendlier outlet substituted in CNN's place. A government that treats a direct court order as an obstacle to route around, rather than a command to obey, set a tone that would recur throughout the week. Separately, career Justice Department prosecutor Sheri Mecklenburg resigned, alleging that a Trump-aligned U.S. Attorney had personally ordered felony charges against protesters over her objection, then blamed her when the prosecution collapsed.</p>
<p>By Monday, the funding story had a companion: taxpayer money spent to promote the president politically. The administration aired a taxpayer-funded, black-and-white advertisement built around Trump's 2024 campaign rhetoric during NFL broadcasts, at a cost of roughly $319,000, while Trump separately released a &quot;Final Battle&quot; video vowing to &quot;demolish the deep state&quot; and &quot;rout the fake news media.&quot; Former Kennedy Center employees alleged a smaller but similarly themed diversion, saying $1.4 million budgeted for roof repairs had instead gone toward a $4.4 million repainting project connected to adding Trump's name to the building. Monday also brought the week's first clear economic warning signs: mortgage rates reached 7.50 percent, gas hit $4.48 a gallon, and a Republican nominee for the Texas Railroad Commission was reported to have repeatedly called for public executions of political opponents without losing his party's endorsement — a reminder that economic strain and extreme rhetoric were both shaping the environment heading into the midterms.</p>
<p>Tuesday centered on Capitol Hill, where Special Counsel Jack Smith testified before the Senate Judiciary Committee, defending his investigations and warning of what he called unprecedented threats to the rule of law, including his claim that Trump had personally threatened him with jail. The hearing's more memorable moment, however, was an attempted ambush that fell apart in real time: Senator Eric Schmitt tried to allege a secret meeting between Smith and a Georgia prosecutor based on a text referencing a &quot;Hawks&quot; game, which turned out to describe an Iowa Hawkeyes basketball game rather than anything resembling the insinuated meeting. Republican staff had reportedly warned Schmitt the underlying texts were unvetted, and withheld them from Democrats beforehand regardless. The same day, the GAO's formal finding that the $810 million cancellation violated the Constitution gave the impoundment fight its first authoritative legal grounding. In a smaller but telling episode, a new government chatbot at America.gov was found fact-checking several of Trump's routine false claims within hours of launch; the administration restricted its answers by Tuesday afternoon, then restored them by evening. Tuesday also brought a substantive policy blow: the administration removed roughly 760,000 people from ACA coverage, citing unverified fraud, even as a bond market sell-off and an Iowa farm crisis tied to tariffs added to Republican anxiety about the Midwest. Trump, meanwhile, publicly claimed &quot;complete authority&quot; over the spending of his super PAC, MAGA Inc., a direct assertion of the kind of coordination federal law is designed to prevent.</p>
<p>Wednesday widened the funding fight into formal litigation. Seven states sued in California over the $810 million rescission, and New York separately sued the Department of Housing and Urban Development over $56.1 million in withheld housing counseling funds — the impoundment question now squarely before the courts rather than only before Congress and the GAO. The same day, a Trump-appointed judge blocked release of Jack Smith's final report on the classified documents investigation, departing from standard practice and limiting public accountability over that inquiry. The Supreme Court's conservative majority, in a separate case, lifted a requirement that immigrants be given notice and a chance to raise fears of torture or persecution before being deported to third countries, with full argument deferred to December. Wednesday also brought a grave institutional failure in Tennessee: Christa Pike survived two doses of lethal injection drugs and was transported to a medical facility in critical condition after Governor Bill Lee denied clemency and the Supreme Court lifted a stay blocking her execution. Lee subsequently suspended all executions in the state and ordered an independent inquiry, an acknowledgment that something had gone seriously wrong with the protocol itself. And at Quantico, Defense Secretary Pete Hegseth delivered a speech announcing new personnel standards that explicitly excluded categories of people he derided with slurs, framing press criticism of the military as &quot;treason&quot; — a public commitment to ideological conformity inside an institution built to serve the Constitution rather than any single leader. The Senate, for its part, failed to advance a bill restricting congressional stock trading and blocked a separate bill addressing consumer electricity costs tied to data-center growth, further evidence of gridlock on ethics and cost-of-living questions.</p>
<p>Thursday turned on a single interview. Trump told TIME magazine he would not rule out declaring a state of emergency or invoking the Insurrection Act before the midterms, said he regretted appointing Supreme Court justices who had ruled against him, and discussed the possibility of &quot;annihilating&quot; Iran. Taken together, the remarks amounted to a sitting president declining, on the record, to foreclose the use of emergency or military powers around a national election. The same day brought a sharper counterexample of judicial independence: a federal judge dismissed with prejudice the government's prosecution of Olympian David Hearn over damage to the Reflecting Pool that contractors themselves had admitted causing, warning that continuing the case would amount to political harassment after Trump had publicly pushed for prosecution. The Supreme Court agreed to review the administration's reinterpretation of immigration law that would allow indefinite detention without bond hearings, a position most lower courts had already rejected. California moved in the opposite direction, with Governor Newsom signing legislation including the &quot;No Kings Act,&quot; creating new civil remedies against federal immigration officers that plaintiffs invoked almost immediately, and separately banning child marriage outright. The economic backdrop darkened further: the Bureau of Labor Statistics reported just 29,000 new jobs against expectations of 84,000, with substantial downward revisions, while independent truckers and Iowa farmers described severe financial strain from fuel costs and tariffs. Hegseth, continuing his Wednesday theme, announced a new Office of Religious Affairs reporting directly to him, invoked Christian nationalist language, and unveiled a military-strategy effort co-led by Elon Musk, Palmer Luckey, and Newt Gingrich — none of whom has served in the military. Separately, the Justice Department announced findings that UCLA Law School had discriminated against white and Asian applicants in admissions, later expanding its scrutiny to UC Berkeley Law and UC San Diego's medical school.</p>
<p>Friday closed the week with the impoundment and press-funding threads converging: the administration redirected $20 million in DHS funds to pro-Trump advertising ahead of the midterms, while the Democratic National Committee sued over Pentagon changes to the overseas voter registration form that had removed an option for citizens born abroad. A federal judge in Texas, Kathleen Cardone, issued a temporary injunction halting expanded border wall construction in Big Bend, finding the Department of Homeland Security had improperly bypassed environmental and historical protection laws — a rare instance of judicial pushback succeeding cleanly. Less encouraging was a report that ICE had briefly posted, then deleted, internal reviews documenting inadequate medical care in at least six detainee deaths, with the overall death toll in custody reaching at least 56 under the current term. The week's military escalation continued as well, with the announcement of a third aircraft carrier strike group deploying to the Middle East, adding thousands of troops in the wake of the president's annihilation rhetoric about Iran earlier in the week. In New York, Governor Hochul appointed Attorney General Letitia James as special prosecutor in the Cornell fraternity sexual assault case after criticizing the local district attorney's handling, as a nationwide &quot;I Am Jane Doe&quot; movement emerged to protect the alleged victim's anonymity, even as false footage also circulated online — a reminder that institutional accountability and public misinformation can unfold on the same story simultaneously. Finally, Trump's super PAC, MAGA Inc., was reported to have raised over $400 million for the midterms, an unprecedented sum drawn substantially from entities seeking or recently receiving favors from the administration.</p>
<p>Viewed as a whole, the week's throughline was less about any single scandal than about the normalization of discretion where none is supposed to exist: money Congress appropriated and the executive declined to spend, court orders the White House worked around rather than obeyed, and presidential language about emergency powers left deliberately unresolved weeks before an election. Courts and watchdogs pushed back with real effect in places — the GAO's constitutional finding, the dismissal of a politically pressured prosecution, an injunction against improper environmental waivers — demonstrating that institutional checks still function when invoked. But the same week showed how often those checks arrive after the fact, correcting conduct that has already occurred rather than preventing it, while economic strain on households and farmers compounded the stakes of a midterm election now approaching under conditions its own chief executive declined to fully guarantee would proceed undisturbed. ```</p>
","This week's defining pattern was an executive branch acting as though congressional appropriations and court orders were optional.","2026-10-10 08:18:54","digest","https://thedemocracyclock.com/week-89-digest-a-government-that-won-t-spend-won-t-show-up-and-won-t-rule-out-emergency-powers/","https://thedemocracyclock.com/wp-content/uploads/week89-digest-featured.jpg","week89-digest-featured.jpg","","","","","","","https://thedemocracyclock.com/wp-content/uploads/week89-digest-featured.jpg","https://thedemocracyclock.com/wp-content/uploads/week89-digest-featured.jpg","Digest","Weekly digest week 89, A Government That Won't Spend, Won't Show Up, and Won't Rule Out Emergency Powers, Week 89 – September 26 – October 2, 2026, Power and Authority, Institutions and Governance, Economic Structure, Civil Rights and Dissent, Information, Memory and Manipulation, Administration begins refusing to spend congressionally appropriated funds, Supreme Court allows resumption of contested citizenship-verification database, Federal judge orders press credentials restored; White House works around the order, Career prosecutor resigns alleging politicized charging decisions, Senate hearing exposes surveillance camera network's wrongful-arrest risk, Administration rolls back vehicle fuel economy standards, Government-funded political ads expand, including a 'Final Battle' message, Kennedy Center whistleblowers allege funds diverted for Trump branding","publish","","","","","","week-89-digest-a-government-that-won-t-spend-won-t-show-up-and-won-t-rule-out-emergency-powers","","","","","","","","","","89","20260926","20261002","September 26 - October 2, 2026","","","","","","","","","","","","","","","","","","",""
