"ID","Title","Content","Excerpt","Date","Post Type","Permalink","Image URL","Image Filename","Image Path","Image ID","Image Title","Image Caption","Image Description","Image Alt Text","Image Featured","Attachment URL","Categories","Tags","Status","Author ID","Author Username","Author Email","Author First Name","Author Last Name","Slug","Format","Template","Parent","Parent Slug","Order","Comment Status","Ping Status","Post Modified Date","Is Current","Week Number","Week Start Date","Week End Date","Week Label","Week Start Minutes","Week End Minutes","Week Movement Minutes","Week Start Time Display","Week End Time Display","Week Status Tier Label","Week Status Tier Description","Week Status Summary","Clock Time Reference","Week Delta Summary","Clock Moved","Moral Floor Summary","Net Interpretation","Traits Moved Count","Event Count Total","Sources","Appendix Title","Appendix Content","Appendix Excerpt"
"","Week 60: Consolidation by War and Ballot","<!-- Generated by build_publish_week_v1 (WordPress narrative HTML) -->

<blockquote class=""dc-subtitle""><em>A week of steady, coordinated erosion in which war powers, voting rules, and captured bureaucracies tightened executive control without a single dramatic break.</em></blockquote>

<p>The sixtieth week of Trump’s second term did not bring a new shock so much as a sharpening of an existing pattern. War abroad, voting rules at home, and the quiet redirection of bureaucracies all moved in tandem. Each domain had its own language—national security, election integrity, fiscal responsibility—but the underlying motion was the same: more power in fewer hands, more risk pushed downward, and more distance between public decisions and public consent. The surface remained busy and fragmented. The structure beneath grew more coherent.</p>
<p>At the close of the previous period, the Democracy Clock stood at 8:13 p.m. By the end of this week, it remained at 8:13 p.m., a net change of zero minutes. The stillness in the measure did not reflect a pause in activity. It reflected a week in which many traits of democratic erosion worsened together without a single, discrete rupture large enough to move the hand. War powers, voting access, regulatory capture, and information control all deepened along paths already set. The system did not fall further in a sudden drop. It settled more firmly into its new shape.</p>
<p>On the battlefield, that shape took the form of Operation Epic Fury, the joint US–Israel air campaign against Iran. The operation’s stated aims shifted as the week went on: degrading air defenses, forcing Iran to the table, ending “terrorism at its source.” What did not shift was the tempo of strikes. US aircraft and missiles hit targets across Iran, from air bases to suspected command centers. Officials spoke of precision and restraint. The scale told a different story. The Pentagon acknowledged billions in munitions expended in less than a week, and the sorties continued.</p>
<p>The costs of Epic Fury were not confined to military hardware. Reports emerged of an airstrike that hit a school, killing and injuring children. Inside the administration, investigators concluded that US targeting decisions had contributed to the error. Publicly, Trump denied responsibility and cast blame on Iranian tactics. The gap between internal findings and external statements widened. At the same time, the Navy and Air Force absorbed their own losses: a submarine damaged or lost under disputed circumstances, aircraft downed in contested airspace. Each incident added to a ledger of risk that the public could not fully see.</p>
<p>Iran responded in ways that turned a bilateral conflict into a regional crisis. Mines appeared in and near the Strait of Hormuz, disrupting one of the world’s key oil chokepoints. Tankers reported damage. Insurance rates spiked. Iranian missiles and drones struck targets in the Gulf, including near Dubai and other commercial hubs. The strikes were limited but symbolic. They showed that Iran could reach the financial centers that underpinned the global economy. The war’s geography expanded from Iranian soil to the shipping lanes and cities that connect Asia, Europe, and the United States.</p>
<p>The US answer to this escalation was more force. Additional troops and assets were deployed to the region, including air defense units and naval escorts. Officials described these moves as protective and temporary. Yet the logic of reinforcement was open-ended. Each new threat justified another layer of presence. Each new deployment created more targets and more potential flashpoints. The line between deterrence and entanglement blurred. The war that had been sold as a sharp, decisive blow began to look like a rolling commitment with no clear end.</p>
<p>As the conflict widened, the administration’s rhetoric grew more chaotic. On some days, Trump declared that Iran was “on its knees” and that victory was near. On others, he warned of a long struggle and demanded unconditional surrender. Senior officials floated timelines for drawdown, then hinted at further escalation. Statements about objectives—regime behavior, nuclear capacity, regional influence—shifted from interview to interview. At the same time, the Pentagon touted the use of advanced artificial intelligence systems to select and assess targets, presenting automation as a way to speed decisions and reduce risk. The combination of algorithmic warfare and unstable political messaging created a sense that the machinery of conflict was running ahead of any settled strategy.</p>
<p>In Washington, Congress had its own war story, and it ran parallel to the one in the skies over Iran. Efforts to reassert legislative control over the conflict faltered. In both chambers, resolutions aimed at limiting Trump’s authority to wage war on Iran were blocked or defeated. Democratic attempts to tie funding to clearer objectives or to sunset clauses failed to gain enough Republican support. Leaders in the majority framed these moves as distractions or as gifts to the enemy. The constitutional power to declare war and oversee its conduct remained on paper. In practice, it was set aside.</p>
<p>The administration, meanwhile, leaned on emergency authorities to bypass Congress on both funding and arms sales. Trump invoked emergency powers to move money into the Iran campaign without normal appropriations and to push through a major bomb sale to Israel that would feed back into the operation. The Pentagon briefed lawmakers that $11.3 billion had been spent in six days, with talk of another $50 billion request on the horizon. Some Republicans grumbled privately about the scale and the impact on domestic programs. Publicly, they voted to keep the money flowing. The theoretical power of the purse became a talking point rather than a constraint.</p>
<p>Trump’s own framing of the war’s economic fallout underscored the gap between executive rhetoric and congressional responsibility. As oil prices rose and markets reacted to the Hormuz disruptions, he described the spikes as a “small price to pay” for American strength and victory. The phrase captured the asymmetry at work. For households facing higher fuel and food costs, the price was not small. For the White House, the costs were abstracted into a story of resolve. Congress, which might once have translated those costs into political pressure, instead absorbed them.</p>
<p>If war was one front in the week’s consolidation of power, voting rules were another. In the House, Republicans pushed through the SAVE or Save America Act, a sweeping bill that rewrote the terms of access to the ballot. The legislation required strict proof of citizenship and new forms of identification for registration and voting, measures that experts warned would fall hardest on women who had changed names, on naturalized citizens, and on low-income voters without ready access to documents. Supporters framed the bill as a defense of election integrity. Its design pointed toward mass disenfranchisement.</p>
<p>Trump did not leave passage to persuasion alone. He issued an ultimatum: no other legislation would move, including routine appropriations and bipartisan priorities, unless the Senate passed the SAVE Act and sent it to his desk. He threatened Republican senators with primary challenges and public shaming if they wavered. The White House floated the idea of cutting funding for the Justice Department’s Voting Rights Act enforcement programs, signaling that federal civil-rights lawyers who had long monitored discrimination at the polls might soon be sidelined. The message was blunt. The price of governing was agreement to narrow the electorate.</p>
<p>At the state level, parallel maneuvers unfolded. In Utah, Republican officials advanced a rule that blocked voters from withdrawing their signatures from a petition to repeal an anti-gerrymandering reform, even as that petition moved forward. The rule change, rushed through, made it harder for citizens to correct course if they felt misled. At the same time, the legislature moved to expand the state supreme court, adding seats in a way that would allow the ruling party to shape the bench for years. A lower court refused to block a fairer legislative map that had emerged from earlier litigation, but the structural tilt of the judiciary was being adjusted for the long term.</p>
<p>The Justice Department and allied agencies kept the past alive as a tool in the present. New subpoenas and investigations into the 2020 election focused on Arizona and other battlegrounds, despite the certification of those results years earlier. Immigration and Customs Enforcement joined in, seeking data on noncitizen voting that state officials in red jurisdictions refused to share with the federal government. The effect was to keep doubts about prior outcomes simmering while building a case for tighter rules now. Under the banner of integrity, the ground rules of representation were being rewritten.</p>
<p>While ballots and districts were being contested, the machinery of security and immigration was being repurposed. Inside the Department of Homeland Security, civil-rights and detention-oversight offices were gutted. Staff were cut, mandates narrowed, and complaint channels shifted to English-only formats that many detainees and affected communities could not use. Internal watchdogs were described in official documents as “internal adversaries,” a phrase that recast oversight as disloyalty. The capacity to investigate abuse and vindicate rights shrank, not by statute but by attrition and redefinition.</p>
<p>On the ground, ICE and allied agencies launched operations that targeted specific communities. In Ohio, Operation Buckeye focused on Somali Americans, with raids and arrests that spread fear far beyond the individuals charged. Nationwide, a crackdown on immigrant truck drivers disrupted livelihoods and supply chains, justified by vague references to security and fraud. In Ohio again, lawmakers proposed mandatory cameras in all state-funded childcare centers, a measure that arose amid suspicion directed at Somali-run facilities. Surveillance and enforcement were concentrated where political rhetoric had already marked people as suspect.</p>
<p>The language of terrorism and extremism was applied unevenly. In Texas, anti-ICE protesters were convicted under state anti-terror laws, their civil disobedience recast as a security threat. A senator physically manhandled a protester at a hearing, an act that signaled how dissent could be met with force rather than argument. In another case, ISIS-inspired teenagers who planted improvised explosive devices at anti-Islam protests targeting a Muslim mayor were prosecuted, but the broader climate included tolerated Islamophobic rhetoric from national leaders. When a shooting at Old Dominion University was framed as terrorism, it fit a pattern in which the label attached more readily to some forms of disruption than others, often in ways that aligned with regime narratives.</p>
<p>Courts did not vanish from this landscape. In Oregon and Minnesota, judges pushed back against ICE abuses, granting habeas relief and curbing unlawful detentions. These rulings showed that legal tools for resistance remained. Yet they were exceptions set against a broader trend in which security institutions defined their own priorities and hollowed out their own checks. The line between law enforcement and political repression grew thinner, even as it remained formally intact.</p>
<p>Control over information about these developments became a battleground of its own. The administration released stylized propaganda videos of the Iran war, with gamified combat footage aimed at specific demographics. Trump used social media to claim that Iran had already surrendered, statements that bore little relation to the facts on the ground. At the same time, a multi-agency threat bulletin on Iran-related risks to the homeland was blocked from reaching state and local authorities. The flow of intelligence was managed not only for security but for narrative effect.</p>
<p>Confusion was not an accident. A disputed Navy tweet about escorting commercial vessels through Hormuz was posted and then walked back, leaving allies and markets uncertain about US commitments. The FBI circulated an unverified alert about hostile unmanned aerial vehicles that sowed alarm without clear grounding. Casualty figures from the Iran campaign were underreported, then revised upward after pressure from lawmakers who had been briefed privately on higher numbers. When a school strike killed children, internal findings pointed to US responsibility, but Trump publicly denied any fault. Each episode chipped away at the idea that official statements could be trusted as a baseline.</p>
<p>The Pentagon tightened its grip on imagery as well. Defense Secretary Pete Hegseth banned photographers from Iran-war briefings after complaining about “unflattering” images, a move that limited the visual record of the conflict. He also attacked CNN’s coverage, suggesting that it would improve once the network came under friendlier ownership. The message to journalists was clear: critical reporting on the war would be met with both access restrictions and public smears. Independent media, already under financial strain, faced new pressure from the very institutions they were trying to scrutinize.</p>
<p>Beyond war, the Justice Department’s handling of documents related to alleged sexual assault by Trump in the Epstein network illustrated how archives themselves could be curated. Under a transparency statute, DOJ released some materials but withheld 37 pages without clear explanation. The partial disclosure created the appearance of openness while keeping key details out of public view. In the same week, courts voided Kari Lake’s actions at the US Agency for Global Media because her appointment had been unlawful, and judges rebuked politicized appointments in a state attorney general’s office. These rulings showed that legal norms around appointments and separation of powers still had force. Yet the broader pattern was one in which the executive tested boundaries and the public record was shaped to minimize exposure.</p>
<p>On the domestic policy front, the One Big Beautiful Bill Act marked a major shift in the social contract. The law imposed deep cuts on Medicaid and other public health programs, reducing access to care for millions. It did so at a moment when war spending was surging, making the tradeoff stark. The bill also advanced the privatization of health services, pushing people toward markets and out-of-pocket costs. Workers’ bargaining power weakened as healthcare became more precarious and more tied to employment or personal wealth. The state’s role as a guarantor of basic security shrank.</p>
<p>Environmental and chemical regulation moved in the same direction. The Environmental Protection Agency repealed the greenhouse-gas endangerment finding, a cornerstone of federal climate policy that had underpinned limits on emissions. In Congress, a Republican-led farm bill granted pesticide manufacturers delayed safety reviews, liability shields, and influence over safeguards. Air-pollution rules were rolled back, even as technocratic actions like new emission standards and water advisory structures continued in other corners of the bureaucracy. The contrast showed a split state: parts still operating on professional norms, others captured by industry.</p>
<p>The relationship between regulators and corporate litigants came into sharp relief in the case of Bayer. EPA leadership met closely with the company before the administration backed Bayer’s position in a Supreme Court case, aligning the government’s legal stance with a major chemical producer’s interests. At the Food and Drug Administration, more than a hundred food substances deemed “generally recognized as safe” had never received formal review, leaving entire sectors shielded from scrutiny. These patterns, combined with the war-driven cuts to domestic programs and the Pentagon’s continued luxury spending, shifted risk and cost onto the poor and sick while protecting corporate balance sheets.</p>
<p>Overlaying all of this was a web of crony capitalism and elite money that shaped both foreign and domestic policy. Jared Kushner, still receiving large payments from Gulf governments, played a role in advocating for the Iran attack. At the same time, the administration advanced a $142 billion arms package to Saudi Arabia, deepening ties between US defense contractors and a repressive monarchy. To cushion domestic economic fallout from the Iran war, the White House eased and then broadened sanctions on Russian oil, channeling windfalls to an authoritarian power whose interests aligned with Trump’s political needs. Foreign influence was not merely tolerated. It was welcomed when it served regime goals.</p>
<p>At home, new data showed that billionaires dominated federal campaign finance. Figures like Elon Musk and Vivek Ramaswamy poured money into races and causes, while Trump promised to extend the 2017 tax cuts that had favored corporations and the wealthy. In California, Silicon Valley money flooded the campaign to defeat a Billionaire Tax Act, ensuring that progressive tax reforms faced not only political opposition but overwhelming financial firepower. Consumer lawsuits over tariff refunds revealed another layer, as companies retained surcharges collected under illegal tariffs even after courts ordered refunds, turning unlawful policy into profit channels for firms close to power.</p>
<p>The judiciary sat at the intersection of these currents. On one side, courts struck down Trump’s tariffs as unconstitutional, and the trade court ordered refunds and halted further collection. Judges voided Kari Lake’s actions at the US Agency for Global Media because she had not been lawfully appointed, and they blocked politicized appointments in New Jersey’s attorney general’s office. Immigration habeas cases in Oregon and Minnesota produced rulings that checked ICE abuses. These decisions affirmed that some boundaries still held, and that legal arguments could still prevail against executive overreach.</p>
<p>On the other side, law was used as a weapon against dissent and as a tool for partisan entrenchment. Texas prosecutors secured terrorism convictions against anti-ICE protesters, and a plea deal in the “Cop City” protest case underscored how broad charges could be used to chill activism. Senator Tim Sheehy’s physical handling of a protester at a hearing signaled a willingness to meet opposition with force rather than debate. In Utah, the expansion of the state supreme court and the ongoing map litigation showed how judicial structures themselves could be reshaped to favor the ruling party. The same institution that could check power in one case could be bent to serve it in another.</p>
<p>No single hearing, vote, or strike defined Week 60. Its significance lay in the way these strands wove together. War provided the pretext for emergency spending, information control, and foreign entanglements that enriched allies and donors. Voting rules and court structures were adjusted to lock in advantage at home. Security and immigration agencies turned inward, targeting communities marked as suspect while dismantling their own oversight. Health and environmental protections were rolled back in ways that shifted burdens onto those least able to bear them. Money and media continued to tilt elections toward elite outcomes, even as the formal rituals of democracy persisted.</p>
<p>The Democracy Clock did not move because these changes did not alter the basic category of risk so much as deepen it. The week marked consolidation rather than rupture. The methods that had once seemed extraordinary—emergency rule, voter suppression framed as integrity, law as a weapon, chaos as strategy—were applied with greater confidence and less resistance. Institutions still functioned. Courts still issued mixed rulings. Journalists still reported, and some judges still pushed back. But the cost of using those channels rose, and the distance between formal rights and lived power widened.</p>
<p>In that sense, Week 60 belongs to the long arc of normalization. It shows how a democracy can remain outwardly intact while its core practices are bent toward the service of war, wealth, and personal rule. The erosion did not announce itself. It continued, steady and quiet, in the spaces where law, policy, and narrative meet.</p>
","War in Iran, a coercive voter-suppression drive, gutted oversight, and captured regulators advanced together, entrenching executive power and oligarchic influence while formal institutions and elections persisted.","2026-03-15 16:32:00","post","","https://thedemocracyclock.com/wp-content/uploads/week60-narrative-featured.jpg","week60-narrative-featured.jpg","","","","","","","https://thedemocracyclock.com/wp-content/uploads/week60-narrative-featured.jpg","https://thedemocracyclock.com/wp-content/uploads/week60-narrative-featured.jpg","Week","","publish","","","","","","","","","","","","","","","","60","20260307","20260313","March 7 - 13, 2026","493.2","493.2","0","8:13 p.m.","8:13 p.m.","Democratic Breakdown","Systemic failures; elections, courts, or rights no longer reliably constrain power.","This was an acute-rupture week in which an already aggressive war in Iran, a sweeping healthcare rollback, and a frontal assault on voting access converged into a coherent authoritarian pattern. Congress largely failed to constrain the executive on war powers or military spending, while the administration normalized emergency authorities to bypass both budgetary and foreign-policy oversight. The House passage of the Save America Act, coupled with Trump’s veto threats to force its enactment, represents a major structural push toward mass voter disenfranchisement, especially of women, immigrants, and minorities. Simultaneously, DHS oversight offices were gutted, ICE and DOJ were weaponized against targeted communities, and anti-terror statutes were used against left-wing protesters, deepening the fusion of security policy with partisan goals. On the economic and regulatory front, the One Big Beautiful Bill Act and environmental rollbacks shifted risk and suffering onto the poor and sick while war-driven energy decisions enriched strategic partners like Russia. Media and information controls tightened around the Iran war, with propaganda, access restrictions, and casualty obfuscation undermining transparency. Courts provided some countervailing wins, but they were outweighed by structural entrenchment of executive impunity, crony capitalism, and stratified citizenship.","The Democracy Clock remained at 8:13 p.m., with no change from the previous week’s 493.2 minutes. This apparent stillness masks a broad, incremental worsening across roughly forty traits, signaling consolidation of an already high-risk environment rather than a new cliff-edge break.","Net grand-total delta rounds to 0.0 points at the clock level, consistent with a 0-minute change despite many small negative shifts across traits.
Forty traits registered movement this week, all in erosive directions, indicating broad but incremental consolidation rather than isolated shocks.","False","This week saw a deepening of existing patterns of democratic erosion, with significant breaches in character, ethics, restraint, truthfulness, and good faith, while stewardship remained largely unaddressed. The consolidation of power in the executive branch continued unabated, with legislative checks weakened and public trust eroded.","A consolidation week: the Democracy Clock did not advance toward midnight, but executive impunity, stratified participation, and oligarchic influence became more entrenched and normalized.","40","131","2026-03-07, 2026-03-08, 2026-03-09, 2026-03-10, 2026-03-11, 2026-03-12, 2026-03-13, 300 U.S. billionaires and their families, 50501, 8:13 p.m., A GOP farm bill would delay pesticide safety reviews, expand industry influence over endangered species protections, and create labeling uniformity that limits state lawsuits, strengthening corporate defenses against health and environmental claims., A Texas jury found nine anti-ICE protesters guilty of providing support for terrorism and other charges, applying broad anti-terror statutes to a protest context and raising concerns about politicized prosecutions., A bill to require recording equipment in every publicly funded childcare center, amid targeted accusations against Somali-run facilities, raised privacy concerns and fears of discriminatory monitoring., A federal initiative removed about 9,500 mostly foreign-born truck drivers for failing English tests and shut down hundreds of driving schools, straining supply chains and raising questions about discriminatory enforcement., A federal judge held that Kari Lake had unlawfully served as acting head of the U.S. Agency for Global Media without Senate confirmation, voiding her mass layoffs and restructuring at Voice of America and related outlets., A federal panel denied Republicans’ request to enjoin a revised Utah House map that could favor Democrats, allowing a more competitive map to be used in upcoming elections., A grand jury subpoena compelled Arizona’s legislature to turn over records from its controversial 2020 Maricopa County audit, extending federal scrutiny of a long-settled election., A report showed the Pentagon made extravagant purchases such as a grand piano and luxury food while domestic programs were cut, illustrating how defense budgets can be insulated from austerity affecting civilians., Administration officials briefed senators behind closed doors on the Iran war, after which several Democrats criticized the lack of clarity on objectives, costs, and foreign support to Iran, highlighting tensions over war oversight., Alabama Governor Kay Ivey, Americans engaged in war tax resistance, An FBI alert warning of a potential Iranian drone strike on the U.S. West Coast, later described as uncorroborated, caused public anxiety and illustrated the challenges of communicating uncertain threats., An Oregon court barred ICE from making warrantless arrests based on a quota-driven app, finding the practice likely unconstitutional and protective of immigrants’ due process rights., An analysis found FDA had not conducted health reviews for more than 100 self-certified “generally recognized as safe” food ingredients, leaving potential risks to consumers unexamined and shifting safety decisions to industry., Analysts linked weaker late-2025 growth to the Iran war’s disruptions and inflation, suggesting foreign policy decisions were undermining economic stability., Bahrain’s state oil company Bapco Energies, Biden advocated raising taxes on incomes above $400,000 and imposing a 25% levy on wealth over $100 million to bolster Social Security and Medicare, offering a contrasting fiscal vision to regressive tax cuts., Building a Better California and California Business Roundtable, Business-backed committees mobilized large sums to defeat a wealth tax earmarked for education, food assistance, and healthcare, illustrating how organized capital can block redistributive policy., By brushing off inquiries into Russia’s reported targeting assistance for Iran, the administration limited public discussion of a key geopolitical dimension of the conflict., By easing sanctions so all countries could buy Russian oil loaded by March 12, the U.S. helped Russia profit from war-driven price spikes while seeking to cushion domestic economic pain., By expanding probes into Arizona’s 2020 results and subpoenaing audit records, federal authorities prolonged doubts about a certified election, reinforcing disinformation about electoral legitimacy., By framing elevated oil prices as a “small price” for safety, the administration signaled willingness to impose substantial economic burdens on the public in pursuit of its security agenda., By freeing roughly 128 million barrels of previously sanctioned Russian oil, the administration sought to ease price spikes caused by its Iran war, effectively transferring windfall profits to an authoritarian producer., CBO data showed the U.S. borrowed $1 trillion in five months, reflecting deficits driven by tax cuts and high spending, including war costs, with long-term implications for fiscal capacity., CDC notices sought input on survey design, chronic disease surveillance, tobacco control evaluation, newborn screening data, and fellowship systems, reflecting ongoing efforts to refine public health data infrastructure., Catholic Church authorities and Louisiana prosecutors, Centers for Disease Control and Prevention, Charging a Louisiana priest with indecent behavior toward a juvenile continued efforts to hold religious officials accountable for abuse, a key aspect of justice for vulnerable children., Civil Rights and Dissent, Columbus lawmakers limited local participation in federal immigration raids, seeking to protect immigrant communities and assert local control over policing priorities., Commentators and lawmakers argued the administration’s Iran strategy lacked coherent goals and underestimated financial and human costs, raising questions about responsible stewardship of public resources., Companies such as FedEx and EssilorLuxottica, Congressional Budget Office, Congressional Democrats, Congressional leaders, Consumers sued firms that had passed Trump’s illegal tariffs through as surcharges, alleging companies planned to keep refunds rather than reimburse customers, spotlighting accountability gaps in corporate pricing practices., Court records showed DHS had sharply cut staff and access at its civil rights and detention ombudsman offices, leaving most complaints uninvestigated and weakening internal checks on immigration enforcement abuses., Critics, including Senator Elizabeth Warren, faulted the administration for unclear war objectives and heavy financial burdens, arguing military spending was crowding out domestic priorities., DC Bar, DEA published notices on applications to manufacture or import controlled substances, including psilocybin and cocaine, inviting public comment and signaling how drug research and production are regulated., DOJ continued to withhold 37 pages of materials about alleged Trump abuse of a minor, without clear justification under the Epstein Files Transparency Act, raising concerns about selective secrecy around elite misconduct., DOJ disclosed FBI interview summaries about a survivor’s allegation that Trump raped her as a minor in the Epstein network, while other related files remained missing or withheld., DOJ’s partial release and continued withholding of Epstein-related files about alleged Trump abuse, despite a transparency statute, showed selective control over sensitive records involving powerful figures., Defense Secretary Pete Hegseth, Defense Secretary Pete Hegseth and Pentagon press office, Defense officials told top lawmakers that munitions spending in the first six days of the Iran campaign exceeded $11.3 billion, prompting skepticism about open-ended funding without clear strategy., Democracy Docket, Democracy Docket maintained analysis of court cases and policies shaping voting access, serving as an information hub on democracy-related legal developments., Democratic lawmakers, Democratic senators introduced fresh war powers resolutions and demanded public hearings with key officials, seeking to compel withdrawal from the Iran conflict unless Congress explicitly authorizes it., Democrats highlighted that the Pentagon was spending about $1 billion daily on the Iran war while programs like SNAP faced reductions, questioning priorities that favor military outlays over social welfare., Democrats proposed the Small Business Liberation 2.0 Act to exempt small firms from recently imposed tariffs and curb price gouging, responding legislatively to executive trade policies., Department of Homeland Security and ICE, Department of Homeland Security leadership, Department of Justice, Diesel prices surged above $4.50 per gallon amid Strait of Hormuz disruptions, raising transport and goods costs and illustrating how foreign policy choices reverberate through the domestic economy., DoD, GSA, and NASA issued rules adjusting procurement thresholds under trade agreements, clarifying when foreign and domestic offers must receive equal consideration in government contracting., Drug Enforcement Administration, EPA leaders met Bayer’s CEO about glyphosate litigation shortly before the administration urged the Supreme Court to hear and support Bayer’s position, suggesting close alignment between regulatory power and a major corporate litigant., EPA released notices on environmental impact statements and added a contaminated site to the National Priorities List, informing the public about major environmental decisions and cleanup priorities., EPA revoked the scientific finding underpinning federal greenhouse gas regulation, weakening the legal basis for climate rules and complicating state efforts to hold major emitters accountable., EPA sought nominees for its drinking water advisory council, which influences national water policy and standards, ensuring continued expert input into a key public health domain., Economic Structure, Election Assistance Commission, Election officials in red states, Elon Musk, Energy Secretary Chris Wright, Environmental Protection Agency, Environmental Protection Agency leadership, FBI and California law enforcement, FDA announced advisory meetings, draft guidances on inspections, biosimilars, flavored e-cigarettes, weight-loss devices, and information collections, shaping how medical products are evaluated and communicated to the public., Federal Communications Commission, Federal agencies, including DHS’s ICE, broadened probes into Arizona’s 2020 results despite prior audits confirming Trump’s loss, keeping doubts about election integrity alive through official channels., Federal courts in Oregon and Minnesota, Federal grand jury and FBI, Federal judge Katherine Menendez, Federal judge Matthew Brann, Federal judge in Oregon, Federal judiciary, Federal judiciary in Louisiana, Federal procurement agencies, Following an attack on its only refinery, Bahrain suspended export obligations, tightening global oil supply and amplifying the economic fallout of regional conflict., Food and Drug Administration, Former President Trump, Former Senator Kyrsten Sinema, Fourth-quarter 2025 GDP grew only 0.7% annually, with analysts citing war-related disruptions and inflation, underscoring how military campaigns can dampen economic performance., Governor Ivey commuted Charles Burton’s death sentence, citing fairness concerns because the actual shooter’s sentence had been reduced, demonstrating executive clemency used to correct perceived disproportional punishment., Grenell’s tenure, including renaming the Kennedy Center after Trump, illustrated how cultural institutions can be rebranded to serve political narratives before his replacement was announced., Growing numbers of citizens refused to pay federal income taxes to oppose U.S. wars and ICE funding, using civil disobedience to challenge how public money is spent., Hegseth attacked CNN’s reporting on the Iran war and suggested it would improve under a new owner, signaling official pressure on critical media and preference for friendlier outlets., Hegseth warned Latin American and Caribbean governments that the U.S. would take military action against drug cartels if they did not adopt more aggressive strategies, signaling willingness to project U.S. force into other nations’ internal security issues., Hegseth’s Pentagon briefing emphasized military dominance and Christian nationalist themes while downplaying casualties, blending ideological messaging with official war communication., Hegseth’s comments suggesting all Iranians should fear for their survival blurred distinctions between regime and civilians, signaling a permissive stance toward broad targeting in war., House Republicans, House Republicans rejected a measure to require approval for ongoing U.S. military operations in Iran, further eroding Congress’s role in authorizing war and consolidating conflict decisions in the executive branch., House of Representatives, ICE, ICE and Texas detention facilities, ICE and federal regulators, ICE’s Operation Buckeye focused enforcement on Somali communities in Columbus after inflammatory rhetoric, heightening fear and economic disruption in a minority group already facing political hostility., ICE’s detention of reporter Estefany Rodriguez Florez, who had legal status and was covering immigration enforcement, raised concerns that immigration powers were being used in ways that chill press freedom and immigrant rights., ICE’s purchase of thousands of branded vehicles, now sitting unused, reflected questionable spending priorities and a preference for visible enforcement symbolism over effective, accountable operations., Immigration and Customs Enforcement, Information, Memory and Manipulation, Institutions and Governance, Johnson declined to censure colleagues who said Muslims do not belong in American society and compared them to dogs, signaling tolerance of overt religious bigotry within House leadership., Judge Brann ruled that three prosecutors installed by Pam Bondi to lead New Jersey’s attorney general office were appointed illegally without required Senate approval, reinforcing constitutional appointment procedures., Judge Menendez ruled there was no legal basis for ICE’s 50-day detention of an Ecuadorian asylum seeker and his toddler, ordering their release and rebuking the agency for violating a prior court order., Judge Richard Eaton directed Customs to stop collecting and start refunding tariffs invalidated by the Supreme Court, initiating potentially massive repayments to affected companies., Judges in Oregon and Minnesota halted warrantless ICE arrests and ordered release of an unlawfully detained asylum seeker, reinforcing constitutional and statutory limits on immigration detention., LA County recorded a 10% drop in deaths among unhoused people in 2024, crediting harm reduction and treatment services while warning of budget pressures that could threaten these gains., Lack of unanimous GOP backing on the Foreign Relations Committee forced Jeremy Carl to withdraw from consideration as assistant secretary of state, showing how controversial rhetoric can derail high-level appointments., Leaders including former presidents honored Jesse Jackson’s legacy in Chicago, using the funeral to highlight ongoing struggles for civil rights and participation in democracy., Los Angeles County public health officials, Lurie secured passage of a major upzoning plan to allow more housing construction, aiming to ease the city’s housing shortage and improve affordability over time., Michigan state government, Michigan’s gas tax increase, layered atop war-driven fuel price spikes, raised costs for drivers while aiming to address infrastructure needs, with potential political repercussions in a swing state., Mixed statements about whether the Iran war was ending or escalating, amid rising oil prices and political risk, contributed to uncertainty about the conflict’s economic and political trajectory., Musk’s large contributions to GOP campaigns underscored how individual mega-donors can shape party fortunes and policy priorities heading into midterm elections., NARA invited public input on how various agencies plan to dispose of records, enabling outside scrutiny of which government documents are preserved or destroyed., NARA’s request for comment on proposed records retention and disposal schedules gave the public a chance to influence which government documents are preserved for history and oversight., National Archives and Records Administration, National Association of Hispanic Journalists and advocates, National Drinking Water Advisory Council and EPA, New data showed a small group of billionaires provided over $3 billion—nearly a fifth of all federal campaign funds—cementing their outsized influence over electoral competition and policy agendas., Nine anti-ICE activists were convicted of terrorism-related offenses for actions at a detention center protest, demonstrating how broad terror laws can be used against domestic dissent., OSHA named nine members to its construction safety advisory committee and scheduled public virtual meetings, maintaining stakeholder input into workplace safety standards., OSU’s board accepted President Ted Carter’s resignation after revelations of an inappropriate relationship tied to public resource requests, illustrating internal accountability mechanisms in a major public institution., Occupational Safety and Health Administration, Officials minimized the significance of oil price spikes and casualties while emphasizing success, shaping a narrative that obscured the full burdens of the conflict on the public and military., Officials weighed defunding a federal program that deploys civil rights staff to protect voters at the polls, threatening a key institutional safeguard against discrimination and suppression., Ohio Columbus City Council, Ohio Republican legislators, Ohio State University Board of Trustees, Over the past year the administration weakened or delayed rules on soot, mercury, and vehicle emissions, benefiting some industries while increasing projected respiratory illness and hospitalizations., PA_001, PA_002, PA_003, PA_004, PA_005, Pentagon, Pentagon officials, Pentagon under Defense Secretary Pete Hegseth, Plans to defund a civil rights program that monitors polling places would weaken federal capacity to prevent discrimination and voter suppression during elections., Power and Authority, President Joe Biden, President Trump, President Trump and Republican Congress, Press and advocacy groups denounced ICE’s warrantless detention of Estefany Rodriguez Florez, framing it as interference with news coverage and a threat to press freedom., Prosecutors charged a Louisiana priest with multiple counts of indecent behavior with a juvenile, continuing legal efforts to address child abuse within religious institutions., Ramaswamy’s self-funded $10 million ad blitz dwarfed his opponent’s fundraising, illustrating how personal wealth can dominate state-level electoral messaging., Rapid depletion of advanced munitions in Iran operations led the Pentagon to prepare a $50 billion request to rebuild stockpiles, deepening the fiscal footprint of the conflict., Reports indicated Congress might use its power of the purse to limit or condition funding for the Iran war, exploring budgetary tools to check executive military action., Reports that U.S. and Israeli forces relied on advanced AI for intelligence, targeting, and damage assessment in Iran highlighted the growing role of opaque algorithms in lethal decision-making., Republican lawmakers, Reverend Jesse Jackson’s mourners and speakers, Ric Grenell and Kennedy Center leadership, San Francisco Board of Supervisors, San Francisco Mayor Daniel Lurie, Senate Armed Services Committee, Senate Democrats, Senate Foreign Relations Committee Republicans, Senate Republicans, Senate Republicans prevented a resolution that would have required congressional authorization for continued military action in Iran, reinforcing broad executive discretion over war-making and weakening legislative checks on the use of force., Senator Sheldon Whitehouse, Senator Tim Sheehy, Senator Tim Sheehy and Senate security, Sergey Brin, Eric Schmidt, and allied committees, Several Republican-led states declined to provide DOJ with detailed voter data, citing privacy and federalism concerns, limiting federal capacity to monitor election practices., Sheehy’s physical engagement with a protester at a war hearing, resulting in injury, reflected heightened tensions around dissent in national security settings., Sheehy’s violent handling of a demonstrator at an Armed Services Committee hearing highlighted rising physical risks for protesters and blurred lines between security and suppression of dissent., Shifting explanations—from nuclear threats to regime change to quick victory claims—created confusion about why the Iran war was launched and how it would end, complicating public and congressional oversight., Sinema asked a federal court to dismiss a suit under North Carolina’s alienation-of-affection law, arguing the alleged affair occurred outside the state, highlighting jurisdictional limits of such statutes., Speaker Mike Johnson, Tech billionaires funded committees like Building a Better California and the California Business Roundtable to fight a proposed wealth tax earmarked for public services, demonstrating concentrated financial power in tax policy battles., Texas court, Texas court and prosecutors, The DC Bar accused Pardon Attorney Ed Martin of coercively threatening Georgetown Law over its DEI policies, raising concerns about misuse of federal hiring power to influence academic governance., The EAC opened two seats on its technical committee that helps set voting system guidelines, inviting applications from experts to sustain federal support for secure election infrastructure., The FCC invited feedback on data collection related to spectrum use and telecom reporting, part of routine transparency and burden-reduction processes that shape regulatory information flows., The House approved a sweeping voting bill requiring documentary proof of citizenship, tightening ID rules, criminalizing some registration errors, and mandating voter roll data transfers to DHS, changes likely to restrict access to the ballot., The OBBBA enacted unprecedented reductions in Medicaid and other health programs, likely reducing access to care for millions and shifting health risks and costs onto low-income Americans., The Pentagon barred photographers from war briefings after disliking prior photos, and suggested outlets seek restrictive credentials, curbing visual documentation of military operations., The Pentagon raised its estimate of wounded troops from fewer than a dozen to about 140 only after media scrutiny, prompting lawmakers to question transparency about war costs., The PermitSF program centralized and digitized building permit applications, reducing approval times and lowering administrative barriers to new housing and development., The SAVE America Act, championed by Trump and House Republicans, would require documentary proof of citizenship and tighten mail voting, changes experts say could disenfranchise millions, especially women and minorities., The Supreme Court ruled that Trump’s broad tariffs exceeded his authority under emergency economic law and intruded on Congress’s taxing power, reasserting legislative control over trade duties., The White House halted release of a multi-agency warning about heightened threats tied to the Iran war, limiting information available to local authorities and the public about potential risks., The administration circulated combat montages mixed with movie and video game clips to rally support, using entertainment-style imagery to shape perceptions of a real conflict., The administration moved to fund an additional $50 billion for the Iran war via emergency powers rather than normal appropriations, bypassing routine budget scrutiny and entrenching executive control over major military spending., Three-judge federal panel, To offset Iran-war disruptions, the U.S. first suspended some sanctions and then allowed all countries to buy Russian oil loaded by March 12, granting major revenue to Russia while managing domestic fuel prices., Trump administration, Trump administration and congressional Republicans, Trump again vowed to block all other legislation until the Save America Act reached his desk, intensifying executive pressure on Congress to adopt sweeping voting restrictions., Trump brushed off inquiries about reports that Russia was helping Iran target U.S. forces, signaling resistance to scrutiny of foreign influence and undermining transparent discussion of security threats., Trump characterized war-driven oil price spikes as a minor cost for security, normalizing the economic burdens of his military decisions while downplaying their impact on the public., Trump claimed the Iran war was ahead of schedule and could end whenever he chose, underscoring how decisions about continuing or ending large-scale hostilities rested heavily on one leader’s discretion., Trump convened ideologically aligned Latin American leaders at his private resort to promote an anti-cartel military coalition and discuss possible intervention in Cuba, blending personal venues with hard-power regional strategy., Trump disclosed that adviser and son-in-law Jared Kushner, who has major financial ties to Gulf governments, helped persuade him to launch combat operations in Iran, raising conflict-of-interest concerns in war decisions., Trump escalated lobbying for the SAVE America Act, which would require documentary proof of citizenship for voter registration, leveraging presidential influence to advance legislation likely to disenfranchise many eligible voters., Trump falsely asserted on social media that Iran had surrendered and apologized while hostilities continued, using his platform to shape public perceptions of war progress without factual basis., Trump pledged to keep in place tax cuts that disproportionately benefit high-income individuals and corporations, reinforcing a tax structure tilted toward capital and donors., Trump posted a message interpreted as warning Iran’s national soccer team that playing in the World Cup could endanger them, extending war rhetoric into symbolic and civilian arenas., Trump publicly referenced intelligence briefings about alleged Iranian sleeper cells inside the U.S., invoking domestic threat narratives that can justify expanded security powers and heighten fear toward perceived foreign enemies., Trump publicly rejected U.S. responsibility for a deadly strike on an Iranian girls’ school, contradicting emerging military findings and deflecting accountability for civilian casualties., Trump threatened to veto all legislation unless Congress passed restrictive voting rules, using his signature power to coerce lawmakers into enacting measures that could narrow the electorate., Trump used emergency authority to rush a $650 million bomb sale to Israel without standard congressional review, expanding unilateral executive control over significant arms transfers tied to active conflict., Trump warned he would respond with major military escalation if Iran interfered with Strait of Hormuz oil flows, tying global energy security to unilateral presidential red lines rather than multilateral or congressional frameworks., Trump’s inaccurate assertion that Iran had surrendered, despite ongoing attacks, exemplified misleading wartime messaging that can distort public understanding and oversight., Trump’s public demand for Iran’s “unconditional surrender,” with terms defined solely by him as commander in chief, signaled a maximalist war aim set personally rather than through transparent, deliberative processes., Two asylum-seeking teens detained with their family were freed after public and bipartisan political pressure, illustrating how advocacy can sometimes check harsh immigration enforcement., U.S. Commerce Department, U.S. Court of International Trade, U.S. Environmental Protection Agency, U.S. Food and Drug Administration, U.S. Supreme Court, Utah Republican lawmakers and Governor Spencer Cox, Utah Republican legislature, Utah Republican organizers, Utah Republicans added two seats to the state supreme court amid litigation over anti-gerrymandering reforms, a move critics saw as court-packing to influence future redistricting rulings., Utah Republicans announced they had gathered enough signatures to put a repeal of the state’s anti-gerrymandering initiative on the November ballot, triggering a withdrawal period constrained by new rules., Utah lawmakers passed a rule just before a deadline that made it harder for voters to withdraw signatures from a petition to repeal an anti-gerrymandering law, shaping the outcome of a direct-democracy process., Vivek Ramaswamy, Week 60 – 2026-03-07–2026-03-13, Whitehouse argued that Trump’s pauses on Ukraine aid and easing of sanctions effectively served Russian interests, raising alarms about foreign influence on U.S. policy., With a new moderate majority, the San Francisco Board confirmed Lurie’s appointees for public safety and housing roles, enabling his reform agenda through cooperative local governance., Wright asserted that the Navy had escorted an oil tanker through the Strait of Hormuz, a claim later contradicted by military sources and removed, highlighting inconsistent official messaging during crisis., accepted the resignation of its president over ethical misconduct, advanced the One Big Beautiful Bill Act cutting over $1 trillion from health programs, announced multiple controlled substance manufacturing and import applications, announced vacancies on its Technical Guidelines Development Committee, appointed members to the construction safety advisory committee and set meetings, banned press photographers from Iran war briefings over unflattering images, barred local police from aiding federal immigration enforcement without approval, barred many voters from withdrawing signatures on a repeal petition, blocked a joint FBI-DHS-NCTC bulletin on Iran-related domestic threats, blocked a war powers resolution on Iran, blocked unlawful ICE detention practices and ordered an asylum seeker’s release, briefed congressional leaders on the $11.3 billion cost of the Iran war’s first six days, bypassed Congress to expedite a large bomb sale to Israel, charged a Catholic priest with felony indecent behavior with a juvenile, claimed Iran had surrendered and apologized despite ongoing attacks, commuted a death sentence to life without parole, condemned ICE’s detention of a working journalist, confirmed Mayor Daniel Lurie’s key appointments, considered cutting funding for a Voting Rights Act civil rights election program, considered cutting funding for a Voting Rights Act election protection program, considered using appropriations to restrict Iran war funding, continued to promote investigations and narratives casting the 2020 election as suspect, continued tracking litigation and actions affecting election rules, contributed 19% of all federal election money in 2024, convicted anti-ICE protesters of terrorism-related offenses, cracked down on immigrant truck drivers over English requirements, criticized $1 billion-per-day Iran war spending amid domestic cuts, criticized CNN’s Iran coverage and praised prospective new ownership, criticized Trump’s Russia-friendly foreign policy on the Senate floor, declared force majeure on oil shipments after an Iranian strike, demanded unconditional surrender from Iran on social media, democracydocket, denied U.S. responsibility for an Iranian school strike despite evidence, detained a journalist without showing a warrant during a traffic stop, dismantled key civil rights and detention oversight offices, dismissed questions about Russian assistance to Iran as stupid, donated $20 million to Republican campaigns for 2026, downplayed economic and human costs of the Iran war in public statements, downplayed or dismissed questions about Russian intelligence support to Iran, expanded investigations into the 2020 election in Arizona, expanded the state supreme court from five to seven justices, faced consumer lawsuits over retaining tariff surcharges, faced scrutiny over conflicting messages on Iran war progress and costs, failed to review the safety of over 100 GRAS food substances, falsely claimed Iran had surrendered and apologized, federalregister, filed an ethics complaint against DOJ Pardon Attorney Ed Martin, filed new war powers resolutions to force withdrawal from Iran absent authorization, framed high oil prices from Middle East actions as a small price for safety, guardian, halted warrantless ICE arrests statewide, hcr, held a Pentagon briefing marked by aggressive, ideological rhetoric on Iran, held funeral services emphasizing civil rights and democratic engagement, hosted the Shield of the Americas summit with right-wing Latin American leaders, implemented a landmark upzoning plan to increase housing supply, implemented a new gas tax to fund road repairs, initially underreported and later revised U.S. troop casualty figures in Iran, insisted the Iran war was nearly over and under his control, introduced a bill to shield small businesses from new Trump tariffs, invalidated three prosecutors’ appointments in New Jersey, invited public comment on multiple health data collection projects, invited public comment on records schedules affecting multiple agencies, issued an alert about a possible Iranian UAV attack based on unverified information, issued multiple guidance documents and notices on drugs and devices, issued sweeping threats of military action against Latin American drug cartels, launched Operation Buckeye targeting Somali Americans in Ohio, launched a $10 million ad campaign in the Ohio governor’s race, launched the PermitSF initiative to streamline building permits, lifted and broadened sanctions relief for Russian oil during the Iran war, lifted sanctions on Russian oil shipments to stabilize markets, meidas, met with Bayer’s CEO before backing its Supreme Court case, mounted campaigns against a proposed billionaire tax funding public services, moved to dismiss a North Carolina homewrecker lawsuit, noah, opened nominations for council membership, ordered 2,500 conspicuously marked vehicles that agents refuse to use, ordered Customs to begin refunding illegal tariffs, ordered release of an unlawfully detained asylum seeker and child, oversaw politicized changes at the Kennedy Center before Grenell’s departure, passed the Save America Act imposing strict voter ID and proof-of-citizenship rules, physically confronted a protester at a Senate hearing, breaking the protester’s arm, popinfo, poured tens of millions into campaigns opposing California’s Billionaire Tax Act, pressed Congress to pass the SAVE America Act with strict proof-of-citizenship rules, promised to extend 2017 tax cuts favoring the wealthy and corporations, proposed a farm bill that weakens pesticide oversight and shields manufacturers, proposed higher taxes on high earners and a wealth tax on centimillionaires, proposed mandatory surveillance cameras in all state-funded childcare facilities, publicly tied all bill signings to passage of the SAVE America Act, published environmental impact statement notices and Superfund listing, pursued charges against a priest for alleged child sexual abuse, pushed the SAVE America Act imposing proof-of-citizenship and strict voter ID, received a classified briefing on the Iran war’s costs and aims, refused DOJ demands for private voter data, refused to condemn Islamophobic remarks by GOP lawmakers, reiterated his refusal to sign any bills until the Save America Act passed, rejected a GOP bid to block Utah’s new congressional map, released but also withheld key documents on alleged Trump sexual assault of a minor, released some documents on Epstein-related allegations against Trump, released stylized propaganda videos of the Iran war on social media, released two teenage mariachi musicians after bipartisan backlash, repealed the greenhouse gas endangerment finding, reported $1 trillion in federal borrowing over five months, reported a decline in deaths among unhoused residents, reported sharp diesel price increases tied to the Iran conflict, reported slower-than-expected GDP growth amid the Iran conflict, responded physically to protest during an Iran war hearing, revealed Jared Kushner’s role in advocating for the Iran attack, rolled back numerous air pollution standards, ruled Kari Lake’s leadership of the U.S. Agency for Global Media unlawful, said he had been briefed on Iranian sleeper cells in the U.S., secured terrorism convictions against anti-ICE protesters, sought an extra $50 billion for Iran operations using emergency authority, sought public comment on proposed federal records schedules, sought public comment on several information collection practices, spent $93.4 billion in one month including luxury items, struck down most of Trump’s tariffs as unconstitutional, submitted signatures to place a repeal of Proposition 4 on the ballot, subpoenaed Arizona’s legislature for 2020 election audit records, temporarily suspended and then broadly eased sanctions on Russian oil, threatened overwhelming force if Iran disrupted oil shipments, threatened the Iranian national soccer team over World Cup participation, tweeted a disputed claim about a U.S. Navy tanker escort and deleted it, updated trade agreement thresholds in the Federal Acquisition Regulation, used aggressive rhetoric about Iranian civilians in a TV interview, used conflicting narratives and justifications for the Iran war, voted down a war powers measure on Iran, was criticized for Iran war handling and lack of clear objectives, was criticized for Iran war spending and economic fallout, was criticized for high oil prices as an acceptable cost of war, was reported to have slowed economic growth through Iran conflict policies, was reported to have spent heavily on munitions, planning a $50 billion replenishment request, was reported to have used AI tools extensively in targeting and assessing Iran strikes, withheld dozens of pages on alleged Trump sexual assault despite a transparency law, withheld federal income tax payments in protest of Trump policies, withheld support for Jeremy Carl’s State Department nomination, wk060-001, wk060-002, wk060-003, wk060-006, wk060-008, wk060-010, wk060-011, wk060-012, wk060-013, wk060-014, wk060-015, wk060-017, wk060-018, wk060-021, wk060-022, wk060-023, wk060-027, wk060-028, wk060-029, wk060-030, wk060-033, wk060-034, wk060-035, wk060-036, wk060-038, wk060-039, wk060-040, wk060-041, wk060-042, wk060-043, wk060-045, wk060-046, wk060-047, wk060-048, wk060-049, wk060-050, wk060-051, wk060-052, wk060-053, wk060-054, wk060-055, wk060-057, wk060-058, wk060-059, wk060-060, wk060-061, wk060-062, wk060-063, wk060-064, wk060-065, wk060-066, wk060-067, wk060-068, wk060-069, wk060-070, wk060-071, wk060-072, wk060-073, wk060-078, wk060-080, wk060-086, wk060-087, wk060-088, wk060-089, wk060-090, wk060-091, wk060-092, wk060-093, wk060-094, wk060-095, wk060-096, wk060-097, wk060-098, wk060-099, wk060-100, wk060-102, wk060-103, wk060-104, wk060-107, wk060-108, wk060-109, wk060-110, wk060-111, wk060-112, wk060-113, wk060-116, wk060-119, wk060-120, wk060-123, wk060-126, wk060-127, wk060-129, wk060-133, wk060-134, wk060-135, wk060-136, wk060-137, wk060-139, wk060-140, wk060-141, wk060-147, wk060-149, wk060-150, wk060-151, wk060-152, wk060-153, wk060-154, wk060-155, wk060-156, wk060-158, wk060-159, wk060-161, wk060-162, wk060-169, wk060-170, wk060-171, wk060-172, wk060-173, wk060-174, wk060-175, wk060-176, wk060-177, wk060-178, wk060-179, wk060-180, wk060-181, wk060-182, wk060-185, wk060-188, wk060-194, wk060-195, wk060-196, wk060-197, wk060-198, wk060-199, wk060-200, wk060-201, wk060-202, wk060-203, wk060-204, wk060-205, wk060-209, wk060-210, wk060-211, wk060-213, wk060-214, wk060-215, wk060-216, wk060-217, wk060-218, wk060-219, wk060-220, wk060-221, wk060-222, wk060-223, wk060-224, wk060-225, wk060-226, wk060-227, wk060-228, wk60_CR_001, wk60_CR_002, wk60_CR_003, wk60_CR_004, wk60_CR_005, wk60_CR_006, wk60_CR_007, wk60_CR_008, wk60_CR_009, wk60_CR_010, wk60_CR_011, wk60_CR_012, wk60_CR_013, wk60_CR_014, wk60_CR_015, wk60_CR_016, wk60_CR_017, wk60_CR_018, wk60_CR_019, wk60_CR_020, wk60_ES_001, wk60_ES_002, wk60_ES_003, wk60_ES_004, wk60_ES_005, wk60_ES_006, wk60_ES_007, wk60_ES_008, wk60_ES_009, wk60_ES_010, wk60_ES_011, wk60_ES_012, wk60_ES_013, wk60_ES_014, wk60_ES_015, wk60_ES_016, wk60_ES_017, wk60_ES_018, wk60_ES_019, wk60_ES_020, wk60_ES_021, wk60_ES_022, wk60_ES_023, wk60_ES_024, wk60_ES_025, wk60_ES_026, wk60_ES_027, wk60_ES_028, wk60_ES_029, wk60_ES_030, wk60_IG_001, wk60_IG_002, wk60_IG_003, wk60_IG_004, wk60_IG_005, wk60_IG_006, wk60_IG_007, wk60_IG_008, wk60_IG_009, wk60_IG_010, wk60_IG_011, wk60_IG_012, wk60_IG_013, wk60_IG_014, wk60_IG_015, wk60_IG_016, wk60_IG_017, wk60_IG_018, wk60_IG_019, wk60_IG_020, wk60_IG_021, wk60_IG_022, wk60_IG_023, wk60_IG_024, wk60_IG_025, wk60_IG_026, wk60_IG_027, wk60_IG_028, wk60_IG_029, wk60_IG_030, wk60_IG_031, wk60_IG_032, wk60_IG_033, wk60_IG_034, wk60_IG_035, wk60_IM_001, wk60_IM_002, wk60_IM_003, wk60_IM_004, wk60_IM_005, wk60_IM_006, wk60_IM_007, wk60_IM_008, wk60_IM_009, wk60_IM_010, wk60_IM_011, wk60_IM_012, wk60_IM_013, wk60_IM_014, wk60_IM_015, wk60_IM_016, wk60_IM_017, wk60_IM_018, wk60_IM_019, wk60_IM_020, wk60_IM_021, wk60_IM_022, wk60_IM_023, wk60_IM_024, wk60_PA_001, wk60_PA_002, wk60_PA_003, wk60_PA_004, wk60_PA_005, wk60_PA_006, wk60_PA_007, wk60_PA_008, wk60_PA_009, wk60_PA_010, wk60_PA_011, wk60_PA_012, wk60_PA_013, wk60_PA_014, wk60_PA_015, wk60_PA_016, wk60_PA_017, wk60_PA_018, wk60_PA_019, wk60_PA_020, wk60_PA_021, wk60_PA_022, zeteo","Week 60 Appendix: Consolidation by War and Ballot","<!-- Generated by build_publish_week_v1 (WordPress appendix HTML) -->

<p><em>A week of steady, coordinated erosion in which war powers, voting rules, and captured bureaucracies tightened executive control without a single dramatic break.</em></p>
<p>This was an acute-rupture week in which an already aggressive war in Iran, a sweeping healthcare rollback, and a frontal assault on voting access converged into a coherent authoritarian pattern. Congress largely failed to constrain the executive on war powers or military spending, while the administration normalized emergency authorities to bypass both budgetary and foreign-policy oversight. The House passage of the Save America Act, coupled with Trump’s veto threats to force its enactment, represents a major structural push toward mass voter disenfranchisement, especially of women, immigrants, and minorities. Simultaneously, DHS oversight offices were gutted, ICE and DOJ were weaponized against targeted communities, and anti-terror statutes were used against left-wing protesters, deepening the fusion of security policy with partisan goals. On the economic and regulatory front, the One Big Beautiful Bill Act and environmental rollbacks shifted risk and suffering onto the poor and sick while war-driven energy decisions enriched strategic partners like Russia. Media and information controls tightened around the Iran war, with propaganda, access restrictions, and casualty obfuscation undermining transparency. Courts provided some countervailing wins, but they were outweighed by structural entrenchment of executive impunity, crony capitalism, and stratified citizenship.</p>
<h3>Power and Authority</h3>
<ol>
<li>Senate Republicans blocked a war powers resolution on Iran: Senate Republicans prevented a resolution that would have required congressional authorization for continued military action in Iran, reinforcing broad executive discretion over war-making and weakening legislative checks on the use of force. (2026-03-07)</li>
<li>House Republicans voted down a war powers measure on Iran: House Republicans rejected a measure to require approval for ongoing U.S. military operations in Iran, further eroding Congress’s role in authorizing war and consolidating conflict decisions in the executive branch. (2026-03-07)</li>
<li>Trump administration sought an extra $50 billion for Iran operations using emergency authority: The administration moved to fund an additional $50 billion for the Iran war via emergency powers rather than normal appropriations, bypassing routine budget scrutiny and entrenching executive control over major military spending. (2026-03-07)</li>
<li>President Trump bypassed Congress to expedite a large bomb sale to Israel: Trump used emergency authority to rush a $650 million bomb sale to Israel without standard congressional review, expanding unilateral executive control over significant arms transfers tied to active conflict. (2026-03-07)</li>
<li>President Trump demanded unconditional surrender from Iran on social media: Trump’s public demand for Iran’s “unconditional surrender,” with terms defined solely by him as commander in chief, signaled a maximalist war aim set personally rather than through transparent, deliberative processes. (2026-03-08)</li>
<li>President Trump threatened overwhelming force if Iran disrupted oil shipments: Trump warned he would respond with major military escalation if Iran interfered with Strait of Hormuz oil flows, tying global energy security to unilateral presidential red lines rather than multilateral or congressional frameworks. (2026-03-10)</li>
<li>President Trump insisted the Iran war was nearly over and under his control: Trump claimed the Iran war was ahead of schedule and could end whenever he chose, underscoring how decisions about continuing or ending large-scale hostilities rested heavily on one leader’s discretion. (2026-03-12)</li>
<li>President Trump publicly tied all bill signings to passage of the SAVE America Act: Trump threatened to veto all legislation unless Congress passed restrictive voting rules, using his signature power to coerce lawmakers into enacting measures that could narrow the electorate. (2026-03-10)</li>
<li>President Trump reiterated his refusal to sign any bills until the Save America Act passed: Trump again vowed to block all other legislation until the Save America Act reached his desk, intensifying executive pressure on Congress to adopt sweeping voting restrictions. (2026-03-11)</li>
<li>President Trump pressed Congress to pass the SAVE America Act with strict proof-of-citizenship rules: Trump escalated lobbying for the SAVE America Act, which would require documentary proof of citizenship for voter registration, leveraging presidential influence to advance legislation likely to disenfranchise many eligible voters. (2026-03-13)</li>
<li>President Trump framed high oil prices from Middle East actions as a small price for safety: Trump characterized war-driven oil price spikes as a minor cost for security, normalizing the economic burdens of his military decisions while downplaying their impact on the public. (2026-03-09)</li>
<li>President Trump denied U.S. responsibility for an Iranian school strike despite evidence: Trump publicly rejected U.S. responsibility for a deadly strike on an Iranian girls’ school, contradicting emerging military findings and deflecting accountability for civilian casualties. (2026-03-12)</li>
<li>President Trump revealed Jared Kushner’s role in advocating for the Iran attack: Trump disclosed that adviser and son-in-law Jared Kushner, who has major financial ties to Gulf governments, helped persuade him to launch combat operations in Iran, raising conflict-of-interest concerns in war decisions. (2026-03-11)</li>
<li>Defense Secretary Pete Hegseth issued sweeping threats of military action against Latin American drug cartels: Hegseth warned Latin American and Caribbean governments that the U.S. would take military action against drug cartels if they did not adopt more aggressive strategies, signaling willingness to project U.S. force into other nations’ internal security issues. (2026-03-08)</li>
<li>Defense Secretary Pete Hegseth used aggressive rhetoric about Iranian civilians in a TV interview: Hegseth’s comments suggesting all Iranians should fear for their survival blurred distinctions between regime and civilians, signaling a permissive stance toward broad targeting in war. (2026-03-07)</li>
<li>President Trump dismissed questions about Russian assistance to Iran as stupid: Trump brushed off inquiries about reports that Russia was helping Iran target U.S. forces, signaling resistance to scrutiny of foreign influence and undermining transparent discussion of security threats. (2026-03-08)</li>
<li>President Trump hosted the Shield of the Americas summit with right-wing Latin American leaders: Trump convened ideologically aligned Latin American leaders at his private resort to promote an anti-cartel military coalition and discuss possible intervention in Cuba, blending personal venues with hard-power regional strategy. (2026-03-07)</li>
<li>President Trump claimed Iran had surrendered and apologized despite ongoing attacks: Trump falsely asserted on social media that Iran had surrendered and apologized while hostilities continued, using his platform to shape public perceptions of war progress without factual basis. (2026-03-07)</li>
<li>President Trump said he had been briefed on Iranian sleeper cells in the U.S.: Trump publicly referenced intelligence briefings about alleged Iranian sleeper cells inside the U.S., invoking domestic threat narratives that can justify expanded security powers and heighten fear toward perceived foreign enemies. (2026-03-11)</li>
<li>President Trump threatened the Iranian national soccer team over World Cup participation: Trump posted a message interpreted as warning Iran’s national soccer team that playing in the World Cup could endanger them, extending war rhetoric into symbolic and civilian arenas. (2026-03-11)</li>
<li>Alabama Governor Kay Ivey commuted a death sentence to life without parole: Governor Ivey commuted Charles Burton’s death sentence, citing fairness concerns because the actual shooter’s sentence had been reduced, demonstrating executive clemency used to correct perceived disproportional punishment. (2026-03-10)</li>
<li>Environmental Protection Agency leadership met with Bayer’s CEO before backing its Supreme Court case: EPA leaders met Bayer’s CEO about glyphosate litigation shortly before the administration urged the Supreme Court to hear and support Bayer’s position, suggesting close alignment between regulatory power and a major corporate litigant. (2026-03-13)</li>
</ol>
<h3>Institutions and Governance</h3>
<ol>
<li>U.S. Environmental Protection Agency repealed the greenhouse gas endangerment finding: EPA revoked the scientific finding underpinning federal greenhouse gas regulation, weakening the legal basis for climate rules and complicating state efforts to hold major emitters accountable. (2026-03-08)</li>
<li>Department of Homeland Security leadership dismantled key civil rights and detention oversight offices: Court records showed DHS had sharply cut staff and access at its civil rights and detention ombudsman offices, leaving most complaints uninvestigated and weakening internal checks on immigration enforcement abuses. (2026-03-08)</li>
<li>Federal judiciary ruled Kari Lake’s leadership of the U.S. Agency for Global Media unlawful: A federal judge held that Kari Lake had unlawfully served as acting head of the U.S. Agency for Global Media without Senate confirmation, voiding her mass layoffs and restructuring at Voice of America and related outlets. (2026-03-07)</li>
<li>Federal judge Matthew Brann invalidated three prosecutors’ appointments in New Jersey: Judge Brann ruled that three prosecutors installed by Pam Bondi to lead New Jersey’s attorney general office were appointed illegally without required Senate approval, reinforcing constitutional appointment procedures. (2026-03-10)</li>
<li>Utah Republican lawmakers and Governor Spencer Cox expanded the state supreme court from five to seven justices: Utah Republicans added two seats to the state supreme court amid litigation over anti-gerrymandering reforms, a move critics saw as court-packing to influence future redistricting rulings. (2026-03-10)</li>
<li>Three-judge federal panel rejected a GOP bid to block Utah’s new congressional map: A federal panel denied Republicans’ request to enjoin a revised Utah House map that could favor Democrats, allowing a more competitive map to be used in upcoming elections. (2026-03-10)</li>
<li>Utah Republican legislature barred many voters from withdrawing signatures on a repeal petition: Utah lawmakers passed a rule just before a deadline that made it harder for voters to withdraw signatures from a petition to repeal an anti-gerrymandering law, shaping the outcome of a direct-democracy process. (2026-03-10)</li>
<li>Utah Republican organizers submitted signatures to place a repeal of Proposition 4 on the ballot: Utah Republicans announced they had gathered enough signatures to put a repeal of the state’s anti-gerrymandering initiative on the November ballot, triggering a withdrawal period constrained by new rules. (2026-03-10)</li>
<li>U.S. Supreme Court struck down most of Trump’s tariffs as unconstitutional: The Supreme Court ruled that Trump’s broad tariffs exceeded his authority under emergency economic law and intruded on Congress’s taxing power, reasserting legislative control over trade duties. (2026-03-09)</li>
<li>U.S. Court of International Trade ordered Customs to begin refunding illegal tariffs: Judge Richard Eaton directed Customs to stop collecting and start refunding tariffs invalidated by the Supreme Court, initiating potentially massive repayments to affected companies. (2026-03-12)</li>
<li>Election Assistance Commission announced vacancies on its Technical Guidelines Development Committee: The EAC opened two seats on its technical committee that helps set voting system guidelines, inviting applications from experts to sustain federal support for secure election infrastructure. (2026-03-09)</li>
<li>National Archives and Records Administration sought public comment on proposed federal records schedules: NARA invited public input on how various agencies plan to dispose of records, enabling outside scrutiny of which government documents are preserved or destroyed. (2026-03-09)</li>
<li>Department of Justice released some documents on Epstein-related allegations against Trump: DOJ disclosed FBI interview summaries about a survivor’s allegation that Trump raped her as a minor in the Epstein network, while other related files remained missing or withheld. (2026-03-10)</li>
<li>Department of Justice withheld dozens of pages on alleged Trump sexual assault despite a transparency law: DOJ continued to withhold 37 pages of materials about alleged Trump abuse of a minor, without clear justification under the Epstein Files Transparency Act, raising concerns about selective secrecy around elite misconduct. (2026-03-10)</li>
<li>Senate Armed Services Committee received a classified briefing on the Iran war’s costs and aims: Administration officials briefed senators behind closed doors on the Iran war, after which several Democrats criticized the lack of clarity on objectives, costs, and foreign support to Iran, highlighting tensions over war oversight. (2026-03-11)</li>
<li>Pentagon officials briefed congressional leaders on the $11.3 billion cost of the Iran war’s first six days: Defense officials told top lawmakers that munitions spending in the first six days of the Iran campaign exceeded $11.3 billion, prompting skepticism about open-ended funding without clear strategy. (2026-03-12)</li>
<li>Congressional Democrats filed new war powers resolutions to force withdrawal from Iran absent authorization: Democratic senators introduced fresh war powers resolutions and demanded public hearings with key officials, seeking to compel withdrawal from the Iran conflict unless Congress explicitly authorizes it. (2026-03-09)</li>
<li>Congressional leaders considered using appropriations to restrict Iran war funding: Reports indicated Congress might use its power of the purse to limit or condition funding for the Iran war, exploring budgetary tools to check executive military action. (2026-03-10)</li>
<li>Senator Sheldon Whitehouse criticized Trump’s Russia-friendly foreign policy on the Senate floor: Whitehouse argued that Trump’s pauses on Ukraine aid and easing of sanctions effectively served Russian interests, raising alarms about foreign influence on U.S. policy. (2026-03-08)</li>
<li>Senate Democrats introduced a bill to shield small businesses from new Trump tariffs: Democrats proposed the Small Business Liberation 2.0 Act to exempt small firms from recently imposed tariffs and curb price gouging, responding legislatively to executive trade policies. (2026-03-10)</li>
<li>House of Representatives passed the Save America Act imposing strict voter ID and proof-of-citizenship rules: The House approved a sweeping voting bill requiring documentary proof of citizenship, tightening ID rules, criminalizing some registration errors, and mandating voter roll data transfers to DHS, changes likely to restrict access to the ballot. (2026-03-13)</li>
<li>Trump administration considered cutting funding for a Voting Rights Act civil rights election program: Officials weighed defunding a federal program that deploys civil rights staff to protect voters at the polls, threatening a key institutional safeguard against discrimination and suppression. (2026-03-12)</li>
<li>Election officials in red states refused DOJ demands for private voter data: Several Republican-led states declined to provide DOJ with detailed voter data, citing privacy and federalism concerns, limiting federal capacity to monitor election practices. (2026-03-07)</li>
<li>Federal grand jury and FBI subpoenaed Arizona’s legislature for 2020 election audit records: A grand jury subpoena compelled Arizona’s legislature to turn over records from its controversial 2020 Maricopa County audit, extending federal scrutiny of a long-settled election. (2026-03-09)</li>
<li>Trump administration expanded investigations into the 2020 election in Arizona: Federal agencies, including DHS’s ICE, broadened probes into Arizona’s 2020 results despite prior audits confirming Trump’s loss, keeping doubts about election integrity alive through official channels. (2026-03-09)</li>
<li>DC Bar filed an ethics complaint against DOJ Pardon Attorney Ed Martin: The DC Bar accused Pardon Attorney Ed Martin of coercively threatening Georgetown Law over its DEI policies, raising concerns about misuse of federal hiring power to influence academic governance. (2026-03-10)</li>
<li>Senate Foreign Relations Committee Republicans withheld support for Jeremy Carl’s State Department nomination: Lack of unanimous GOP backing on the Foreign Relations Committee forced Jeremy Carl to withdraw from consideration as assistant secretary of state, showing how controversial rhetoric can derail high-level appointments. (2026-03-11)</li>
<li>Ohio State University Board of Trustees accepted the resignation of its president over ethical misconduct: OSU’s board accepted President Ted Carter’s resignation after revelations of an inappropriate relationship tied to public resource requests, illustrating internal accountability mechanisms in a major public institution. (2026-03-09)</li>
<li>Occupational Safety and Health Administration appointed members to the construction safety advisory committee and set meetings: OSHA named nine members to its construction safety advisory committee and scheduled public virtual meetings, maintaining stakeholder input into workplace safety standards. (2026-03-12)</li>
<li>San Francisco Board of Supervisors confirmed Mayor Daniel Lurie’s key appointments: With a new moderate majority, the San Francisco Board confirmed Lurie’s appointees for public safety and housing roles, enabling his reform agenda through cooperative local governance. (2026-03-12)</li>
<li>Federal courts in Oregon and Minnesota blocked unlawful ICE detention practices and ordered an asylum seeker’s release: Judges in Oregon and Minnesota halted warrantless ICE arrests and ordered release of an unlawfully detained asylum seeker, reinforcing constitutional and statutory limits on immigration detention. (2026-03-13)</li>
<li>Texas court convicted anti-ICE protesters of terrorism-related offenses: A Texas jury found nine anti-ICE protesters guilty of providing support for terrorism and other charges, applying broad anti-terror statutes to a protest context and raising concerns about politicized prosecutions. (2026-03-13)</li>
<li>Federal judiciary in Louisiana charged a Catholic priest with felony indecent behavior with a juvenile: Prosecutors charged a Louisiana priest with multiple counts of indecent behavior with a juvenile, continuing legal efforts to address child abuse within religious institutions. (2026-03-13)</li>
<li>Former Senator Kyrsten Sinema moved to dismiss a North Carolina homewrecker lawsuit: Sinema asked a federal court to dismiss a suit under North Carolina’s alienation-of-affection law, arguing the alleged affair occurred outside the state, highlighting jurisdictional limits of such statutes. (2026-03-12)</li>
<li>National Drinking Water Advisory Council and EPA opened nominations for council membership: EPA sought nominees for its drinking water advisory council, which influences national water policy and standards, ensuring continued expert input into a key public health domain. (2026-03-09)</li>
</ol>
<h3>Economic Structure</h3>
<ol>
<li>U.S. Food and Drug Administration failed to review the safety of over 100 GRAS food substances: An analysis found FDA had not conducted health reviews for more than 100 self-certified “generally recognized as safe” food ingredients, leaving potential risks to consumers unexamined and shifting safety decisions to industry. (2026-03-07)</li>
<li>Trump administration temporarily suspended and then broadly eased sanctions on Russian oil: To offset Iran-war disruptions, the U.S. first suspended some sanctions and then allowed all countries to buy Russian oil loaded by March 12, granting major revenue to Russia while managing domestic fuel prices. (2026-03-07)</li>
<li>U.S. Commerce Department reported sharp diesel price increases tied to the Iran conflict: Diesel prices surged above $4.50 per gallon amid Strait of Hormuz disruptions, raising transport and goods costs and illustrating how foreign policy choices reverberate through the domestic economy. (2026-03-07)</li>
<li>Bahrain’s state oil company Bapco Energies declared force majeure on oil shipments after an Iranian strike: Following an attack on its only refinery, Bahrain suspended export obligations, tightening global oil supply and amplifying the economic fallout of regional conflict. (2026-03-08)</li>
<li>Trump administration lifted sanctions on Russian oil shipments to stabilize markets: By freeing roughly 128 million barrels of previously sanctioned Russian oil, the administration sought to ease price spikes caused by its Iran war, effectively transferring windfall profits to an authoritarian producer. (2026-03-12)</li>
<li>U.S. Commerce Department reported slower-than-expected GDP growth amid the Iran conflict: Fourth-quarter 2025 GDP grew only 0.7% annually, with analysts citing war-related disruptions and inflation, underscoring how military campaigns can dampen economic performance. (2026-03-12)</li>
<li>Congressional Budget Office reported $1 trillion in federal borrowing over five months: CBO data showed the U.S. borrowed $1 trillion in five months, reflecting deficits driven by tax cuts and high spending, including war costs, with long-term implications for fiscal capacity. (2026-03-12)</li>
<li>Trump administration and congressional Republicans advanced the One Big Beautiful Bill Act cutting over $1 trillion from health programs: The OBBBA enacted unprecedented reductions in Medicaid and other health programs, likely reducing access to care for millions and shifting health risks and costs onto low-income Americans. (2026-03-13)</li>
<li>Trump administration rolled back numerous air pollution standards: Over the past year the administration weakened or delayed rules on soot, mercury, and vehicle emissions, benefiting some industries while increasing projected respiratory illness and hospitalizations. (2026-03-13)</li>
<li>Republican lawmakers proposed a farm bill that weakens pesticide oversight and shields manufacturers: A GOP farm bill would delay pesticide safety reviews, expand industry influence over endangered species protections, and create labeling uniformity that limits state lawsuits, strengthening corporate defenses against health and environmental claims. (2026-03-12)</li>
<li>Democratic lawmakers criticized $1 billion-per-day Iran war spending amid domestic cuts: Democrats highlighted that the Pentagon was spending about $1 billion daily on the Iran war while programs like SNAP faced reductions, questioning priorities that favor military outlays over social welfare. (2026-03-11)</li>
<li>Pentagon under Defense Secretary Pete Hegseth spent $93.4 billion in one month including luxury items: A report showed the Pentagon made extravagant purchases such as a grand piano and luxury food while domestic programs were cut, illustrating how defense budgets can be insulated from austerity affecting civilians. (2026-03-11)</li>
<li>Trump administration lifted and broadened sanctions relief for Russian oil during the Iran war: By easing sanctions so all countries could buy Russian oil loaded by March 12, the U.S. helped Russia profit from war-driven price spikes while seeking to cushion domestic economic pain. (2026-03-12)</li>
<li>San Francisco Mayor Daniel Lurie implemented a landmark upzoning plan to increase housing supply: Lurie secured passage of a major upzoning plan to allow more housing construction, aiming to ease the city’s housing shortage and improve affordability over time. (2026-03-12)</li>
<li>San Francisco Mayor Daniel Lurie launched the PermitSF initiative to streamline building permits: The PermitSF program centralized and digitized building permit applications, reducing approval times and lowering administrative barriers to new housing and development. (2026-03-12)</li>
<li>Companies such as FedEx and EssilorLuxottica faced consumer lawsuits over retaining tariff surcharges: Consumers sued firms that had passed Trump’s illegal tariffs through as surcharges, alleging companies planned to keep refunds rather than reimburse customers, spotlighting accountability gaps in corporate pricing practices. (2026-03-12)</li>
<li>Sergey Brin, Eric Schmidt, and allied committees poured tens of millions into campaigns opposing California’s Billionaire Tax Act: Tech billionaires funded committees like Building a Better California and the California Business Roundtable to fight a proposed wealth tax earmarked for public services, demonstrating concentrated financial power in tax policy battles. (2026-03-11)</li>
<li>President Joe Biden proposed higher taxes on high earners and a wealth tax on centimillionaires: Biden advocated raising taxes on incomes above $400,000 and imposing a 25% levy on wealth over $100 million to bolster Social Security and Medicare, offering a contrasting fiscal vision to regressive tax cuts. (2026-03-12)</li>
<li>Former President Trump promised to extend 2017 tax cuts favoring the wealthy and corporations: Trump pledged to keep in place tax cuts that disproportionately benefit high-income individuals and corporations, reinforcing a tax structure tilted toward capital and donors. (2026-03-12)</li>
<li>300 U.S. billionaires and their families contributed 19% of all federal election money in 2024: New data showed a small group of billionaires provided over $3 billion—nearly a fifth of all federal campaign funds—cementing their outsized influence over electoral competition and policy agendas. (2026-03-12)</li>
<li>Elon Musk donated $20 million to Republican campaigns for 2026: Musk’s large contributions to GOP campaigns underscored how individual mega-donors can shape party fortunes and policy priorities heading into midterm elections. (2026-03-12)</li>
<li>Vivek Ramaswamy launched a $10 million ad campaign in the Ohio governor’s race: Ramaswamy’s self-funded $10 million ad blitz dwarfed his opponent’s fundraising, illustrating how personal wealth can dominate state-level electoral messaging. (2026-03-12)</li>
<li>Michigan state government implemented a new gas tax to fund road repairs: Michigan’s gas tax increase, layered atop war-driven fuel price spikes, raised costs for drivers while aiming to address infrastructure needs, with potential political repercussions in a swing state. (2026-03-13)</li>
<li>Trump administration was criticized for Iran war spending and economic fallout: Critics, including Senator Elizabeth Warren, faulted the administration for unclear war objectives and heavy financial burdens, arguing military spending was crowding out domestic priorities. (2026-03-09)</li>
<li>Trump administration faced scrutiny over conflicting messages on Iran war progress and costs: Mixed statements about whether the Iran war was ending or escalating, amid rising oil prices and political risk, contributed to uncertainty about the conflict’s economic and political trajectory. (2026-03-09)</li>
<li>Trump administration was reported to have slowed economic growth through Iran conflict policies: Analysts linked weaker late-2025 growth to the Iran war’s disruptions and inflation, suggesting foreign policy decisions were undermining economic stability. (2026-03-12)</li>
<li>Trump administration was criticized for high oil prices as an acceptable cost of war: By framing elevated oil prices as a “small price” for safety, the administration signaled willingness to impose substantial economic burdens on the public in pursuit of its security agenda. (2026-03-09)</li>
<li>Trump administration was reported to have spent heavily on munitions, planning a $50 billion replenishment request: Rapid depletion of advanced munitions in Iran operations led the Pentagon to prepare a $50 billion request to rebuild stockpiles, deepening the fiscal footprint of the conflict. (2026-03-12)</li>
<li>Trump administration was criticized for Iran war handling and lack of clear objectives: Commentators and lawmakers argued the administration’s Iran strategy lacked coherent goals and underestimated financial and human costs, raising questions about responsible stewardship of public resources. (2026-03-09)</li>
<li>Building a Better California and California Business Roundtable mounted campaigns against a proposed billionaire tax funding public services: Business-backed committees mobilized large sums to defeat a wealth tax earmarked for education, food assistance, and healthcare, illustrating how organized capital can block redistributive policy. (2026-03-11)</li>
</ol>
<h3>Civil Rights and Dissent</h3>
<ol>
<li>Immigration and Customs Enforcement detained a journalist without showing a warrant during a traffic stop: ICE’s detention of reporter Estefany Rodriguez Florez, who had legal status and was covering immigration enforcement, raised concerns that immigration powers were being used in ways that chill press freedom and immigrant rights. (2026-03-07)</li>
<li>Department of Homeland Security and ICE launched Operation Buckeye targeting Somali Americans in Ohio: ICE’s Operation Buckeye focused enforcement on Somali communities in Columbus after inflammatory rhetoric, heightening fear and economic disruption in a minority group already facing political hostility. (2026-03-09)</li>
<li>ICE and federal regulators cracked down on immigrant truck drivers over English requirements: A federal initiative removed about 9,500 mostly foreign-born truck drivers for failing English tests and shut down hundreds of driving schools, straining supply chains and raising questions about discriminatory enforcement. (2026-03-10)</li>
<li>ICE ordered 2,500 conspicuously marked vehicles that agents refuse to use: ICE’s purchase of thousands of branded vehicles, now sitting unused, reflected questionable spending priorities and a preference for visible enforcement symbolism over effective, accountable operations. (2026-03-08)</li>
<li>Ohio Columbus City Council barred local police from aiding federal immigration enforcement without approval: Columbus lawmakers limited local participation in federal immigration raids, seeking to protect immigrant communities and assert local control over policing priorities. (2026-03-09)</li>
<li>Ohio Republican legislators proposed mandatory surveillance cameras in all state-funded childcare facilities: A bill to require recording equipment in every publicly funded childcare center, amid targeted accusations against Somali-run facilities, raised privacy concerns and fears of discriminatory monitoring. (2026-03-09)</li>
<li>President Trump and Republican Congress pushed the SAVE America Act imposing proof-of-citizenship and strict voter ID: The SAVE America Act, championed by Trump and House Republicans, would require documentary proof of citizenship and tighten mail voting, changes experts say could disenfranchise millions, especially women and minorities. (2026-03-09)</li>
<li>Trump administration considered cutting funding for a Voting Rights Act election protection program: Plans to defund a civil rights program that monitors polling places would weaken federal capacity to prevent discrimination and voter suppression during elections. (2026-03-12)</li>
<li>Speaker Mike Johnson refused to condemn Islamophobic remarks by GOP lawmakers: Johnson declined to censure colleagues who said Muslims do not belong in American society and compared them to dogs, signaling tolerance of overt religious bigotry within House leadership. (2026-03-10)</li>
<li>Americans engaged in war tax resistance withheld federal income tax payments in protest of Trump policies: Growing numbers of citizens refused to pay federal income taxes to oppose U.S. wars and ICE funding, using civil disobedience to challenge how public money is spent. (2026-03-11)</li>
<li>Senator Tim Sheehy physically confronted a protester at a Senate hearing, breaking the protester’s arm: Sheehy’s violent handling of a demonstrator at an Armed Services Committee hearing highlighted rising physical risks for protesters and blurred lines between security and suppression of dissent. (2026-03-12)</li>
<li>Texas court and prosecutors secured terrorism convictions against anti-ICE protesters: Nine anti-ICE activists were convicted of terrorism-related offenses for actions at a detention center protest, demonstrating how broad terror laws can be used against domestic dissent. (2026-03-13)</li>
<li>Federal judge in Oregon halted warrantless ICE arrests statewide: An Oregon court barred ICE from making warrantless arrests based on a quota-driven app, finding the practice likely unconstitutional and protective of immigrants’ due process rights. (2026-03-13)</li>
<li>Federal judge Katherine Menendez ordered release of an unlawfully detained asylum seeker and child: Judge Menendez ruled there was no legal basis for ICE’s 50-day detention of an Ecuadorian asylum seeker and his toddler, ordering their release and rebuking the agency for violating a prior court order. (2026-03-13)</li>
<li>ICE and Texas detention facilities released two teenage mariachi musicians after bipartisan backlash: Two asylum-seeking teens detained with their family were freed after public and bipartisan political pressure, illustrating how advocacy can sometimes check harsh immigration enforcement. (2026-03-10)</li>
<li>Senator Tim Sheehy and Senate security responded physically to protest during an Iran war hearing: Sheehy’s physical engagement with a protester at a war hearing, resulting in injury, reflected heightened tensions around dissent in national security settings. (2026-03-12)</li>
<li>National Association of Hispanic Journalists and advocates condemned ICE’s detention of a working journalist: Press and advocacy groups denounced ICE’s warrantless detention of Estefany Rodriguez Florez, framing it as interference with news coverage and a threat to press freedom. (2026-03-07)</li>
<li>Reverend Jesse Jackson’s mourners and speakers held funeral services emphasizing civil rights and democratic engagement: Leaders including former presidents honored Jesse Jackson’s legacy in Chicago, using the funeral to highlight ongoing struggles for civil rights and participation in democracy. (2026-03-07)</li>
<li>Los Angeles County public health officials reported a decline in deaths among unhoused residents: LA County recorded a 10% drop in deaths among unhoused people in 2024, crediting harm reduction and treatment services while warning of budget pressures that could threaten these gains. (2026-03-10)</li>
<li>Catholic Church authorities and Louisiana prosecutors pursued charges against a priest for alleged child sexual abuse: Charging a Louisiana priest with indecent behavior toward a juvenile continued efforts to hold religious officials accountable for abuse, a key aspect of justice for vulnerable children. (2026-03-13)</li>
</ol>
<h3>Information, Memory and Manipulation</h3>
<ol>
<li>Trump administration blocked a joint FBI-DHS-NCTC bulletin on Iran-related domestic threats: The White House halted release of a multi-agency warning about heightened threats tied to the Iran war, limiting information available to local authorities and the public about potential risks. (2026-03-07)</li>
<li>Trump administration released stylized propaganda videos of the Iran war on social media: The administration circulated combat montages mixed with movie and video game clips to rally support, using entertainment-style imagery to shape perceptions of a real conflict. (2026-03-07)</li>
<li>President Trump falsely claimed Iran had surrendered and apologized: Trump’s inaccurate assertion that Iran had surrendered, despite ongoing attacks, exemplified misleading wartime messaging that can distort public understanding and oversight. (2026-03-07)</li>
<li>Defense Secretary Pete Hegseth and Pentagon press office banned press photographers from Iran war briefings over unflattering images: The Pentagon barred photographers from war briefings after disliking prior photos, and suggested outlets seek restrictive credentials, curbing visual documentation of military operations. (2026-03-11)</li>
<li>Defense Secretary Pete Hegseth criticized CNN’s Iran coverage and praised prospective new ownership: Hegseth attacked CNN’s reporting on the Iran war and suggested it would improve under a new owner, signaling official pressure on critical media and preference for friendlier outlets. (2026-03-13)</li>
<li>Energy Secretary Chris Wright tweeted a disputed claim about a U.S. Navy tanker escort and deleted it: Wright asserted that the Navy had escorted an oil tanker through the Strait of Hormuz, a claim later contradicted by military sources and removed, highlighting inconsistent official messaging during crisis. (2026-03-09)</li>
<li>FBI and California law enforcement issued an alert about a possible Iranian UAV attack based on unverified information: An FBI alert warning of a potential Iranian drone strike on the U.S. West Coast, later described as uncorroborated, caused public anxiety and illustrated the challenges of communicating uncertain threats. (2026-03-12)</li>
<li>Pentagon initially underreported and later revised U.S. troop casualty figures in Iran: The Pentagon raised its estimate of wounded troops from fewer than a dozen to about 140 only after media scrutiny, prompting lawmakers to question transparency about war costs. (2026-03-12)</li>
<li>Department of Justice released but also withheld key documents on alleged Trump sexual assault of a minor: DOJ’s partial release and continued withholding of Epstein-related files about alleged Trump abuse, despite a transparency statute, showed selective control over sensitive records involving powerful figures. (2026-03-10)</li>
<li>Trump administration used conflicting narratives and justifications for the Iran war: Shifting explanations—from nuclear threats to regime change to quick victory claims—created confusion about why the Iran war was launched and how it would end, complicating public and congressional oversight. (2026-03-12)</li>
<li>Trump administration downplayed economic and human costs of the Iran war in public statements: Officials minimized the significance of oil price spikes and casualties while emphasizing success, shaping a narrative that obscured the full burdens of the conflict on the public and military. (2026-03-12)</li>
<li>Trump administration continued to promote investigations and narratives casting the 2020 election as suspect: By expanding probes into Arizona’s 2020 results and subpoenaing audit records, federal authorities prolonged doubts about a certified election, reinforcing disinformation about electoral legitimacy. (2026-03-09)</li>
<li>Defense Secretary Pete Hegseth held a Pentagon briefing marked by aggressive, ideological rhetoric on Iran: Hegseth’s Pentagon briefing emphasized military dominance and Christian nationalist themes while downplaying casualties, blending ideological messaging with official war communication. (2026-03-08)</li>
<li>Trump administration downplayed or dismissed questions about Russian intelligence support to Iran: By brushing off inquiries into Russia’s reported targeting assistance for Iran, the administration limited public discussion of a key geopolitical dimension of the conflict. (2026-03-08)</li>
<li>Trump administration was reported to have used AI tools extensively in targeting and assessing Iran strikes: Reports that U.S. and Israeli forces relied on advanced AI for intelligence, targeting, and damage assessment in Iran highlighted the growing role of opaque algorithms in lethal decision-making. (2026-03-10)</li>
<li>National Archives and Records Administration invited public comment on records schedules affecting multiple agencies: NARA’s request for comment on proposed records retention and disposal schedules gave the public a chance to influence which government documents are preserved for history and oversight. (2026-03-09)</li>
<li>Ric Grenell and Kennedy Center leadership oversaw politicized changes at the Kennedy Center before Grenell’s departure: Grenell’s tenure, including renaming the Kennedy Center after Trump, illustrated how cultural institutions can be rebranded to serve political narratives before his replacement was announced. (2026-03-13)</li>
<li>Federal Communications Commission sought public comment on several information collection practices: The FCC invited feedback on data collection related to spectrum use and telecom reporting, part of routine transparency and burden-reduction processes that shape regulatory information flows. (2026-03-09)</li>
<li>Centers for Disease Control and Prevention invited public comment on multiple health data collection projects: CDC notices sought input on survey design, chronic disease surveillance, tobacco control evaluation, newborn screening data, and fellowship systems, reflecting ongoing efforts to refine public health data infrastructure. (2026-03-09)</li>
<li>Food and Drug Administration issued multiple guidance documents and notices on drugs and devices: FDA announced advisory meetings, draft guidances on inspections, biosimilars, flavored e-cigarettes, weight-loss devices, and information collections, shaping how medical products are evaluated and communicated to the public. (2026-03-09)</li>
<li>Environmental Protection Agency published environmental impact statement notices and Superfund listing: EPA released notices on environmental impact statements and added a contaminated site to the National Priorities List, informing the public about major environmental decisions and cleanup priorities. (2026-03-13)</li>
<li>Federal procurement agencies updated trade agreement thresholds in the Federal Acquisition Regulation: DoD, GSA, and NASA issued rules adjusting procurement thresholds under trade agreements, clarifying when foreign and domestic offers must receive equal consideration in government contracting. (2026-03-13)</li>
<li>Drug Enforcement Administration announced multiple controlled substance manufacturing and import applications: DEA published notices on applications to manufacture or import controlled substances, including psilocybin and cocaine, inviting public comment and signaling how drug research and production are regulated. (2026-03-13)</li>
<li>Democracy Docket continued tracking litigation and actions affecting election rules: Democracy Docket maintained analysis of court cases and policies shaping voting access, serving as an information hub on democracy-related legal developments. (2026-03-13)</li>
</ol>
","War in Iran, a coercive voter-suppression drive, gutted oversight, and captured regulators advanced together, entrenching executive power and oligarchic influence while formal institutions and elections persisted."
"","Week 61: War as Routine Governance","<!-- Generated by build_publish_week_v1 (WordPress narrative HTML) -->

<blockquote class=""dc-subtitle""><em>An unauthorized Iran war, weaponized immigration and voting rules, and curated secrecy deepen executive impunity while courts and civil society fight rearguard actions.</em></blockquote>

<p>The sixty-first week of Trump’s second term was a week of consolidation rather than sharp turn. The pattern was not new: war abroad, pressure at home, and a steady narrowing of who counts and who decides. What changed was the density. Iran, immigration, elections, and information policy all moved at once, and the same hands appeared behind each lever. The result was not a single rupture but a thicker web of practices that made unchecked authority feel more routine and stratified citizenship more explicit. It felt less like a break than a tightening.</p>
<p>At the close of the previous period, the Democracy Clock stood at 8:13 p.m. By the end of this week, it remained at 8:13 p.m., a net shift of zero minutes. The stillness in the measure did not mean nothing happened. It meant that the week’s actions deepened patterns already in place rather than opening new fronts. Executive power, emergency governance, and information control all advanced, but along grooves cut in earlier weeks. Courts and civil society registered some resistance, enough to keep the clock from moving forward, not enough to push it back. The direction held steady, even as the path grew more worn.</p>
<p>The Iran war remained the central stage on which executive power was exercised and tested. Trump ordered a large-scale bombardment of Iran without new congressional authorization, treating prior resolutions and his own reading of commander-in-chief powers as sufficient warrant. Defense Secretary Pete Hegseth’s “no quarter, no mercy” rhetoric around the campaign signaled a willingness to push against the laws of war, not as a rogue statement but as part of the administration’s public posture. Together, the order and the language widened the zone in which lethal force could be used with little expectation of external review. War became a field for both violence and precedent.</p>
<p>Around that core, the presidency asserted unilateral authority in other domains that traditionally involve shared power. Trump claimed an “absolute right” to impose tariffs despite a Supreme Court ruling that had just struck down his earlier duties, and he asserted that he alone could withdraw the United States from NATO, notwithstanding statutory limits. These statements were not idle boasts. Within days of the Court’s decision, the White House reimposed broad temporary tariffs under a different statute, illustrating how the executive could pivot among legal hooks to preserve contested powers. The message to other branches was clear. Judicial and legislative constraints would be treated as obstacles to route around, not boundaries to respect.</p>
<p>The Iran conflict also served as justification for emergency moves that reached deep into domestic policy. Invoking the Defense Production Act, Trump ordered the reopening of a long-closed, spill-prone California oil pipeline over state objections, citing wartime energy needs. At the same time, reporting showed that the administration had earlier decommissioned the last U.S. mine countermeasure ships in Bahrain without reliable replacements, weakening the country’s ability to keep the Strait of Hormuz open. Planning failures helped create the crisis; emergency authority then supplied the remedy, overriding environmental safeguards and state autonomy in the process. War thus became both the cause of disruption and the rationale for sweeping executive fixes.</p>
<p>Congress, in theory the primary check on such moves, largely stood aside. The Senate rejected a resolution to limit Trump’s war powers against Iran, leaving his de facto authority to continue and expand operations intact. Congressional leaders held no substantive public hearings on the costs, strategy, or endgame of the war, even as Defense Secretary Hegseth requested more than $200 billion to fund expanded operations. At the same time, a partisan standoff over immigration enforcement left the Department of Homeland Security unfunded for weeks, disrupting TSA pay and airport security. The legislature proved capable of brinkmanship over domestic enforcement priorities but unwilling to assert its constitutional role over war and emergency powers. Performance displaced deliberation.</p>
<p>Intelligence oversight did not fill the gap. At a worldwide threats hearing, Director of National Intelligence Tulsi Gabbard and other chiefs gave evasive answers about Iran and Russian intelligence-sharing, carefully avoiding direct contradiction of the president’s narrative. The formal ritual of testimony proceeded, but the substance was thin. Combined with FBI leadership purges under Director Kash Patel and the sidelining of State Department energy sanctions staff, the hearing underscored how security institutions were being reshaped to align with the White House’s political needs rather than to inform Congress candidly. The machinery of oversight turned, but with less grip.</p>
<p>If the battlefield was one front of the Iran war, the information sphere was another. Trump used social media to boast that the United States was “totally destroying” Iran’s military and to attack critical outlets as unpatriotic. On Air Force One, he publicly berated an ABC News reporter, shushed her, and then cut off questions from the network, turning access to presidential information into a reward for deference. These gestures were not just personal pique. They signaled to the press corps that skeptical coverage could mean exclusion from the central stage of wartime reporting. Access became a lever of discipline.</p>
<p>Regulatory power was brought to bear as well. FCC Chair Brendan Carr warned that broadcasters could lose their licenses for “hoaxes and news distortions” about the war, a message Trump amplified and praised. The standard for what counted as distortion was left vague, but the threat was concrete: critical coverage might be framed as a violation of licensing obligations. In parallel, Trump accused mainstream outlets of wanting the United States to lose the war, casting dissenting narratives as disloyal. Together, the bully pulpit and the licensing regime were turned into tools to discipline independent media. The cost of skepticism rose.</p>
<p>Behind the scenes, intelligence and economic narratives were curated to support the same line. Gabbard’s written testimony to Congress omitted a sentence acknowledging that Iran had no nuclear enrichment capability after U.S. strikes, undercutting the administration’s claim of an imminent nuclear threat. White House economic officials downplayed the war’s impact on U.S. consumers despite clear evidence of rising fuel prices and looming jet fuel shortages. Investigative outlets documented planning failures around the Strait of Hormuz, including the lack of tanker escorts and the retired minesweepers, but those accounts competed with coordinated messaging that insisted the Strait was open and the economy unharmed. The administration’s PAC even used dignified transfer imagery and promises of private national security briefings to raise money, monetizing both sacrifice and insider information. Public tragedy became a fundraising asset.</p>
<p>In this environment, the stakes of secure communication and independent verification grew. Patel acknowledged that the FBI was buying Americans’ location data from commercial brokers without warrants, exploiting a loophole in Fourth Amendment protections. He also warned that Russian intelligence was hacking accounts on encrypted messaging apps, threatening the privacy of officials, journalists, and activists alike. DHS, for its part, invested heavily in AI-based surveillance partnerships, expanding algorithmic monitoring tools that could be repurposed for broad population tracking. Research showing that AI fact-checking systems could nudge users toward more accurate beliefs offered a small countercurrent. The dominant trend, however, was toward greater state and foreign capacity to watch, and to shape, what people see and say.</p>
<p>Immigration enforcement provided a different but related laboratory for how law and power could be used. In Miami-Dade, the sheriff’s office tripled the number of deputies deputized under the 287(g) program, integrating federal immigration checks into routine policing. Across the country, ICE and DHS wrongfully detained and deported asylum seekers and TPS holders in defiance of legal protections and settlements. Court filings described an Ecuadorian asylum seeker held unlawfully, Yemen TPS termination challenged as discriminatory, and asylum denials that ignored prior agreements. These were not isolated mistakes. They reflected an enforcement culture in which due-process norms were treated as obstacles to be worked around.</p>
<p>The human cost was stark. A 19-year-old detainee, Royer Perez-Jimenez, died in ICE custody, apparently by suicide, raising questions about mental health safeguards and accountability for deaths behind bars. Parents were deported to Honduras without being asked about their children, in violation of the administration’s own Detained Parents Directive, reviving the trauma of family separation. Activists, students, and families were held for prolonged periods under harsh conditions: a pro-Palestinian activist detained for a year, a Canadian mother and her autistic child with valid papers swept into detention, a journalist and other students caught up in enforcement actions. Immigration tools were being used not only to police borders but to punish vulnerability and dissent. Citizenship became a sliding scale of security.</p>
<p>Legal challenges emerged, but they were scattered and slow. New suits in Ohio, New Jersey, and Minnesota alleged unlawful warrantless ICE arrests, improper siting of detention facilities, and restrictions on clergy access. A New Jersey congresswoman introduced a bill to bar federal funds for immigration enforcement within a mile of World Cup venues, seeking to create a buffer against high-profile raids. Courts ordered releases in some cases and scrutinized TPS and asylum decisions. Yet the daily discretion of ICE officers and local partners remained vast, and the pattern of wrongful detention and deportation continued. Law on the books and law in practice diverged.</p>
<p>Beyond immigration, protest itself came under sharper criminal and physical pressure. In New York, federal prosecutors charged two teenagers with terrorism offenses for throwing explosive devices during a protest near the mayor’s home, framing protest-adjacent violence as terrorism with decades-long penalties. In California, the Justice Department brought a federal conspiracy case against veteran Bajun Mavalwalla for blocking ICE vans during a demonstration, using heavy charges to deter direct action. In Los Angeles, a protester at an anti-ICE rally was allegedly blinded by a projectile, in violation of a court order on “less-lethal” munitions, prompting a $100 million claim. These cases showed how the line between protest and security threat was being redrawn in ways that raised the cost of dissent. The streets grew riskier.</p>
<p>Universities became a central battleground. The administration filed a civil-rights lawsuit against Harvard, accusing it of violating Jewish and Israeli students’ rights by allowing anti-Israel protests. The suit leveraged Title VI funding threats against a major university, effectively warning that tolerating certain forms of political speech could jeopardize billions in federal support. At the same time, federal courts issued rulings affirming that common pro-Palestinian campus speech was constitutionally protected and rejecting some antisemitism claims against universities. Grassroots groups organized medic trainings, “No Kings” town halls, and weekly anti-ICE protests, building capacity for nonviolent resistance. The result was a contested space in which protest culture persisted but under growing legal and financial strain.</p>
<p>While the streets and campuses were being policed, the architecture of voting was being quietly reshaped. In the Senate, a cloture vote advanced debate on the SAVE America Act, which would require documentary proof of citizenship to register to vote. In North Carolina, the state board of elections proposed rules enabling challenges to registered voters’ citizenship status, mirroring the SAVE Act’s logic at the state level. The Justice Department launched lawsuits and data demands aimed at voter-roll maintenance, pressing states for detailed voter information under the banner of list accuracy. Analyses by Democracy Docket and others explained how these moves, framed as “election integrity,” could lead to aggressive purges and targeted challenges that disproportionately remove eligible voters, especially immigrants and minorities. The language of fraud masked a shift in who bears the burden.</p>
<p>Taken together, these measures formed a single architecture. Federal law would raise documentation barriers; state rules would invite challenges to citizenship; DOJ actions would pressure states to scrub rolls more aggressively. Each step could be defended as technical or neutral. In combination, they shifted the burden of proof onto individual voters and made participation more precarious for those without ready access to paperwork or legal support. The right to vote remained on paper, but the path to exercising it narrowed. Integrity became a gate, not a guardrail.</p>
<p>Transparency and accountability, which might have checked these trends, were themselves under strain. Congress passed the bipartisan Epstein Files Transparency Act, requiring the Justice Department to disclose investigative records on Jeffrey Epstein. But DOJ missed statutory deadlines and, according to reports, released files from which pages of Trump-related interviews had been removed. A 69-page money-laundering memo was blocked from release. Senator Ron Wyden demanded unredacted DEA documents, accused Deputy Attorney General Todd Blanche of obstruction, and introduced legislation to force Treasury to turn over Epstein-related financial records. The House Oversight Committee subpoenaed Attorney General Pam Bondi for sworn testimony on the handling of the files. The law existed; compliance lagged.</p>
<p>These oversight efforts met a justice system that seemed determined to protect certain networks. Whistleblowers described attempts to withhold unclassified but sensitive Epstein and DEA records from Congress. Environmental groups sued Energy Secretary Chris Wright and the Archivist under the Federal Records Act, alleging that DOE officials had used personal email for climate rulemaking without proper archiving. In a separate case, a former employee of a state Department of Government Efficiency was accused of taking databases containing Social Security numbers to share with a contractor. The pattern was consistent. Politically sensitive records were mishandled, delayed, or curated, while vast stores of ordinary citizens’ data were moved and used with little regard for privacy.</p>
<p>Inside law enforcement, personnel changes reinforced the same direction. Under FBI Director Kash Patel, senior counterintelligence executives were pushed out, and two agents who were fired filed suit alleging political retaliation. These purges, combined with Patel’s embrace of warrantless data purchases, signaled that internal dissent and professional counterintelligence priorities were being subordinated to loyalty and flexibility. Inspectors general and other watchdog functions were not formally abolished, but their influence was eroded by leadership choices and the sidelining of those who raised concerns. The guardrails bent under pressure.</p>
<p>Against this backdrop, courts emerged as one of the few arenas where formal limits on executive power still held. Judges in Massachusetts and Oregon blocked RFK Jr.’s attempts to overhaul vaccine schedules and to declare gender-affirming care unsafe for youth, enforcing procedural law and preserving access to established medical standards. In Washington, Judge Royce Lamberth issued summary judgments and reinstatement orders for more than 1,000 Voice of America staff, reversing Kari Lake’s unlawful restructuring of the U.S. Agency for Global Media and defending statutory safeguards for an independent public broadcaster. The Supreme Court’s ruling that Trump’s 2025 import tariffs exceeded statutory authority reasserted judicial control over emergency economic powers. The courts, for now, could still draw lines.</p>
<p>These decisions did not go unanswered. Trump responded to the tariff ruling by reimposing duties under a different statute and by insisting he had an “absolute right” to set tariffs, casting the Court’s decision as an illegitimate intrusion. He renewed personal attacks on Judge James Boasberg after adverse rulings, calling for his discipline or removal and signaling to the broader bench that independence carried political risk. RFK Jr., for his part, reshaped the Interagency Autism Coordinating Committee, removing autistic representation and adding anti-vaccine activists, politicizing a key science advisory body even as his broader policy moves were struck down. The courts could still say no, but the administration was working to change who would be in the room the next time.</p>
<p>Economic policy tied many of these strands together. Iranian attacks on shipping and effective closure or control of the Strait of Hormuz drove oil prices and freight costs sharply higher, exposing how quickly geopolitical conflict could strain household budgets. The administration responded by temporarily lifting sanctions on Russian oil despite the ongoing war in Ukraine and by considering the removal of sanctions on Iranian oil even as strikes hit Iranian energy infrastructure. Sanctions became tools for managing markets as much as for coercing adversaries. At home, airlines warned of jet fuel shortages and potential flight cancellations, wholesale inflation remained elevated, and the national debt climbed past $39 trillion, with war spending a significant driver. The costs spread outward.</p>
<p>Within this landscape, elite actors used their resources to shape outcomes. Jared Kushner, serving as Special Envoy for Peace, sought $5 billion from Saudi, Qatari, and Emirati sovereign funds for his private equity firm, blurring the line between diplomacy and personal enrichment. Sergey Brin and allied tech billionaires poured tens of millions into blocking a California wealth-tax initiative aimed at funding education and social programs, while other donors used large contributions to influence the state’s ballot process. Republicans in Congress struggled to assemble funding for the Iran war even as Defense Secretary Hegseth requested hundreds of billions, highlighting the tension between open-ended military aims and a tax system structured to protect concentrated wealth. Inequality was not incidental; it was built into the choices.</p>
<p>Domestically, the same logic of control and precarity appeared in labor and criminal justice. California prosecutors filed nearly 20,000 felony drug-possession cases under Proposition 36, emphasizing incarceration over promised treatment and showing racial disparities in enforcement. Former USAID officers sued over a reduction in force they alleged targeted older foreign service staff, suggesting that workforce restructuring was being used to sideline experienced employees and weaken protections for older workers. These moves eroded labor security and deepened inequality, making workers more dependent and less able to challenge policy choices that harmed them. Vulnerability became a management tool.</p>
<p>Surveillance and memory formed the final layer of the week’s pattern. DHS’s AI projects and the FBI’s data-broker purchases expanded the state’s ability to monitor ordinary people, while the Epstein files saga, DOE email practices, and the Cesar Chavez Day cancellation in Arizona showed how official records and commemorations could be altered or withheld. Arizona’s decision to drop Cesar Chavez Day as a state holiday after posthumous abuse allegations illustrated how public memory of labor and civil-rights figures could be reshaped quickly, with little process, in ways that affected how future generations understood past struggles. In the Epstein context, selective disclosure and redaction did something similar for elite misconduct, ensuring that what could not be controlled might simply be erased. Memory itself became contested ground.</p>
<p>No single scheduled event in this week promised a clean resolution. The Senate’s debate on the SAVE Act, ongoing litigation over Epstein records, and pending suits on immigration detention and climate rollbacks all pointed toward future confrontations, but their outcomes remained uncertain. What was clear was that courts, state coalitions, and advocacy groups had become central arenas for contesting federal power, even as those arenas themselves were being pressured and reshaped. The fights moved to venues that were also under strain.</p>
<p>In the arc of Trump’s second term, this week marked a deepening of existing grooves rather than a new departure. War was used to justify emergency authority and to mask planning failures. Immigration and protest were treated as security problems to be managed with harsh tools. Voting access was narrowed through technocratic rules framed as integrity. Transparency laws were passed and then blunted in implementation. Courts pushed back in key areas, but their independence was challenged by rhetoric, appointments, and structural changes to advisory bodies. Surveillance expanded, and the historical record was curated. The Democracy Clock did not move because the week did not change the direction of travel; it made that direction more entrenched, and more costly to reverse.</p>
","The clock stayed at 8:13 p.m. as war, emergency powers, immigration enforcement, and voting rules were woven into a denser architecture of unchecked executive authority and stratified citizenship, with courts offering limited resistance.","2026-03-22 20:23:04","post","","https://thedemocracyclock.com/wp-content/uploads/week61-narrative-featured.jpg","week61-narrative-featured.jpg","","","","","","","https://thedemocracyclock.com/wp-content/uploads/week61-narrative-featured.jpg","https://thedemocracyclock.com/wp-content/uploads/week61-narrative-featured.jpg","Week","","publish","","","","","","","","","","","","","","","","61","20260314","20260320","March 14 - 20, 2026","493.2","493.2","0","8:13 p.m.","8:13 p.m.","Democratic Breakdown","Systemic failures; elections, courts, or rights no longer reliably constrain power.","This was a structurally heavy week for democratic erosion, dominated by an unauthorized, escalating war with Iran and a parallel campaign to intimidate courts, media, and oversight institutions. Executive power expanded through unilateral military action, emergency trade and energy moves, and explicit claims of authority to ignore Congress on NATO and tariffs. Congress largely failed to assert war powers, while struggling even to fund DHS, leaving TSA workers unpaid and security degraded. Simultaneously, the administration and FCC chair threatened broadcast licenses over war coverage, while Trump and allies smeared individual journalists and weaponized secrecy around the Epstein files. Immigration enforcement and detention abuses intensified, with wrongful deportations, deaths in custody, and warrantless arrests, even as some courts pushed back on RFK Jr.’s public health overreach, gender-affirming care restrictions, and USAGM dismantling. Voting rights came under coordinated pressure via the SAVE Act, state-level citizenship challenges, and a DOJ voter-roll purge campaign. Foreign policy was recast as a theater of unilateral strikes, energy shocks, and fraying alliances, with Russia and Iran exploiting the chaos. Overall, the week deepened executive impunity, normalized emergency governance, and entrenched a two-tier legal order.","The Democracy Clock remained at 8:13 p.m., holding at 493.2 minutes before midnight with a net change of 0. This apparent stillness masks a week in which war, emergency powers, and information control thickened existing patterns of erosion rather than opening new fronts, producing consolidation rather than a visible lurch.","Net grand-total delta for the week is 0.0 points; erosive movements were offset by limited repairs, yielding no change in the clock time.
Exactly 40 traits registered nonzero movement in Week 61, reflecting broad but consolidating shifts rather than a new front of erosion.","False","This week saw a continuation and deepening of previously established patterns of democratic erosion, with significant breaches in character, ethics, restraint, truthfulness, and good faith. The consolidation of executive power and manipulation of democratic processes persisted, while stewardship remained largely unaddressed.","Quantitatively flat but qualitatively corrosive: Week 61 thickened existing structures of unchecked executive power, surveillance, and exclusion, making the current trajectory more normalized and harder to reverse even without a visible jump toward midnight.","40","255","2026-03-14, 2026-03-15, 2026-03-16, 2026-03-17, 2026-03-18, 2026-03-19, 2026-03-20, 8:13 p.m., A Republican senator’s public break with the administration on immigration killings and Fed leadership showed intra-party oversight pressures on executive appointments., A broad federal push to clean voter rolls, criticized as error-prone and biased, threatened to disenfranchise eligible voters under the banner of combating fraud., A broad federal push to clean voter rolls, criticized as error-prone, risked disenfranchising eligible voters under the banner of combating fraud., A federal push to clean voter rolls, criticized as error-prone and biased, threatened to disenfranchise eligible voters, especially minorities and low-income citizens., A judge’s decision voiding improperly appointed vaccine advisers and their votes reinforced procedural rules governing expert committees that shape national health policy., A mass RIF at USAID that plaintiffs say was aimed at older staff suggested politicized reshaping of the diplomatic workforce under the guise of modernization., A prolonged DHS funding impasse, driven by disagreements over immigration rules, left a core security agency partially shut, revealing governance breakdowns in budgeting., A serious fire and injuries aboard an over-deployed carrier highlighted strain on naval readiness and personnel from prolonged operations tied to regional conflicts., A wave of suits by states, cities, NGOs, and individuals against federal agencies reflected heavy reliance on courts to contest executive overreach across policy domains., Advancing Mullin to lead DHS, despite his past comments about violence and hardline immigration stances, prioritized ideological alignment over technocratic competence in a key security role., Aggressive felony charging under Prop 36, with little follow-through on promised treatment, deepened punitive responses to addiction and exacerbated racial disparities in incarceration., Airlines, Allegations that Blanche blocked release of unclassified DEA files on Epstein suggested senior DOJ leadership was actively limiting Congress’s ability to investigate past abuses., Allowing DHS to remain shut down over immigration disputes degraded airport security and worker livelihoods, using essential services as leverage in partisan conflict., Allowing DHS to remain unfunded amid an immigration enforcement standoff used essential security workers as leverage, degrading public services to force policy concessions., Allowing DHS to run unfunded during a policy standoff weaponized essential security operations in a partisan fight over immigration enforcement rules., An F-35 damaged by Iranian fire contradicted official claims of Iran’s diminished capabilities, revealing ongoing risks to U.S. forces despite optimistic rhetoric., Arizona state government, Bondi’s refusal to commit to testify under oath on Epstein files highlighted executive resistance to legislative oversight in a politically sensitive investigation., By reversing USAGM leadership’s efforts to sideline VOA staff and operations, courts protected the independence and continuity of a key public media institution., By rewriting the history of the Iran nuclear deal to justify present war, Trump used retrospective narratives to deflect accountability for his own escalation decisions., CDC and FDA actions on surveillance systems, travel-related health data, and drug guidance showed routine technocratic governance that underpins public health protections., CDC’s call for experts to serve on a breast cancer advisory committee showed standard processes for staffing scientific advisory bodies that inform health policy., California Highway Patrol and state prosecutors, California law enforcement and prosecutors, California prosecutors and courts, Carlson’s unsubstantiated allegation that intelligence agencies targeted him for foreign contacts blurred lines between legitimate security concerns and perceived retaliation against dissenting media voices., Carr’s threats to pull broadcast licenses over perceived “hoaxes” weaponized regulatory authority against critical coverage, undermining structural protections for independent media., Carr’s threats to revoke licenses for “hoaxes and news distortions” weaponized regulatory power against critical coverage, chilling independent reporting on the conflict., Center for Biological Diversity, Centers for Disease Control and Prevention, Centers for Disease Control and Prevention and FDA, Charging a highway patrol officer with murder for reckless driving that killed civilians demonstrated that law enforcement can face serious accountability for lethal misconduct., Charging teens with terrorism offenses for an attempted bombing at a protest underscored the state’s readiness to treat protest-adjacent violence as national security crime., Civil Rights and Dissent, Confirming that the FBI buys location data without warrants exposed a workaround of Fourth Amendment protections, expanding executive surveillance power over citizens., Confirming that the FBI buys location data without warrants exposed a workaround of Fourth Amendment protections, expanding state surveillance capabilities outside traditional oversight., Conflicting accounts about Trump’s role in a major allied strike obscured decision-making responsibility for escalation, complicating democratic oversight of covert military cooperation., Congressional questioning of Epstein estate co-executor Darren Indyke and DOJ officials sought to clarify networks of complicity and enforcement lapses in a high-profile abuse case., Congress’s lack of open hearings with key officials on the Iran war’s scope and costs reflected weak legislative oversight of major military commitments., Considering occupation or blockade of Kharg Island signaled willingness to escalate toward direct territorial control, risking deeper war and entanglement., Considering sanctions relief for Iranian oil while waging war against Iran highlighted how energy market pressures can override consistent foreign policy and accountability goals., Considering sanctions relief for Iranian oil while waging war against Iran highlighted the primacy of energy market stability over consistent coercive policy., Courts found RFK Jr.’s reconstitution of vaccine advisory bodies and schedule changes likely violated the APA and advisory committee laws, preserving procedural integrity in health governance., Coverage that highlighted the administration’s emphasis on economic optics rather than clear war aims helped expose gaps between rhetoric and reality in conflict management., Creating a White House–chaired anti-fraud task force centralized oversight of benefit programs, potentially improving integrity while also concentrating investigatory power in the executive., Creating a White House–led anti-fraud task force centralized data and enforcement across benefit programs, expanding executive capacity to police recipients with limited external oversight., DEA’s handling of controlled-substance import and manufacturing applications balanced research and pharmaceutical needs with diversion and abuse concerns., DEA’s technical rule changes and licensing decisions on controlled substances reflected ongoing regulatory management of drug manufacturing and research., DHS funding for AI surveillance partnerships increased the state’s ability to monitor populations with opaque tools, raising civil-liberties concerns., DHS investments in AI surveillance tools expanded the state’s technical capacity to monitor populations with opaque algorithms, raising risks of profiling and political misuse., DHS investments in AI surveillance tools expanded the state’s technical capacity to track people, raising risks of opaque, algorithmic monitoring of political and everyday activity., DOE officials’ use of personal email for climate policy work bypassed federal records requirements, obscuring how key environmental decisions were made., DOJ lawsuits and data demands around voter rolls, framed as integrity enforcement, risked enabling aggressive purges and federal overreach into state election administration., DOJ’s refusal to release an unclassified Epstein-related memo, despite a transparency statute, suggested protection of powerful figures at the expense of congressional oversight., DOJ’s refusal to release unclassified Epstein-related records, despite a law mandating disclosure, suggested institutional resistance to exposing elite-linked misconduct., DOJ’s suit against Harvard over campus protests used federal civil-rights enforcement to reshape how universities manage contentious political speech and discrimination claims., DOJ’s suits to enforce NVRA list maintenance requirements sought to standardize voter roll accuracy but also created tools that could be misused for aggressive purges., Defending a group disciplined for Nazi imagery as victims of cancel culture reframed accountability for extremist expression as persecution, potentially emboldening similar behavior., Defense Secretary Pete Hegseth, Democracy Docket, Democratic Party leadership, Democrats’ move to spare most affluent professionals from higher taxes raised questions about the party’s capacity to fund social programs and address inequality., Department of Government Efficiency former employee, Department of Homeland Security, Department of Homeland Security and ICE, Department of Homeland Security under Secretary Kristi Noem, Deporting asylum seekers contrary to a court settlement showed DHS and ICE disregarding binding legal constraints, undermining trust in negotiated remedies., Deporting asylum seekers contrary to a court settlement violated their rights and undermined trust in negotiated protections for vulnerable migrants., Deporting asylum seekers contrary to a court-ordered settlement showed executive agencies disregarding binding legal constraints in immigration enforcement., Deputy Attorney General Todd Blanche, Detailed coverage of federal voter-roll actions and the SAVE Act informed the public about how “integrity” rhetoric can mask new barriers to voting., Detaining a family with lawful status and pressuring them to self-deport showed how immigration enforcement can override documentation and due process norms., Detaining a journalist who covered ICE activities raised fears that immigration powers could be used to intimidate or retaliate against members of the press., Director of National Intelligence Tulsi Gabbard, Dropping charges against a veteran prosecuted under Trump’s anti–flag burning order reaffirmed constitutional protection for symbolic protest against the government., Drug Enforcement Administration, EPA’s choice not to regulate several potential drinking water contaminants signaled a judgment that additional rules would not meaningfully reduce health risks, affecting utility obligations and public confidence., EPA’s decisions on air toxics, drinking water contaminants, and temporary-use incinerators adjusted environmental protections and regulatory certainty for industry and communities., Economic Structure, Eliminating key State Department energy posts hollowed out expertise needed to manage sanctions and energy crises, shifting power toward ad hoc White House decision-making., Ending official recognition of Cesar Chavez in response to abuse claims showed how states can revise public commemorations to address historical misconduct and reshape civic memory., Ending official recognition of Cesar Chavez in response to abuse claims showed how states can revise public commemorations to address historical misconduct., Environmental Protection Agency, Escalatory strikes triggered Iranian attacks on Gulf energy facilities and shipping, broadening the conflict’s geographic and economic impact., Evidence linking heavy smartphone use to mental health issues raised questions about how digital platforms shape civic engagement and social cohesion., Exempting low-risk chemical preparations from CSA controls facilitated research and industrial use while maintaining oversight of substances with abuse potential., Exfiltration of sensitive citizen data from a government agency highlighted vulnerabilities in state data stewardship and risks of privatized misuse of personal information., Extending time for input on gluten labeling rules gave industry and advocates more opportunity to shape consumer protection standards for people with celiac disease., FBI Director Kash Patel, FCC Chair Brendan Carr, FDA’s solicitation of comments ahead of an international cosmetics standards meeting reflected routine participation in cross-border regulatory coordination., Failing to meet a statutory deadline for Epstein file disclosure and releasing records slowly undermined confidence in DOJ’s commitment to transparency on powerful abusers., Federal Communications Commission, Federal Communications Commission Chair Brendan Carr, Federal courts, Federal district and appellate courts, Federal efforts to compel Colorado into a punitive SNAP pilot and freeze grants to critical states showed social programs being weaponized against noncompliant jurisdictions., Federal prosecutors, Federal suits to enforce voter roll maintenance standards, while potentially improving accuracy, also created tools that could be used to justify aggressive purges., Fetterman’s cross-party vote enabled a controversial DHS nominee to reach the full Senate, revealing fractures within the opposition and affecting leadership of a key security agency., Findings that AI fact-checkers can improve belief accuracy suggested a potential tool for countering misinformation in online political discourse., Florida Governor Ron DeSantis and New College of Florida trustees, Food and Drug Administration, Forcing out experienced FBI counterintelligence leaders and replacing them under a politicized director weakened independent security expertise and increased loyalty pressures inside law enforcement., Four noncitizens in Ohio, Framing critical war coverage as unpatriotic and harmful to the country cast independent journalism as an enemy, discouraging scrutiny of military policy., Framing critical war coverage as unpatriotic cast independent journalism as an enemy, discouraging scrutiny of military policy and reinforcing pro-government narratives., Global Mind Project, Greatly increasing local deputies’ power to conduct civil immigration arrests integrated federal immigration control into routine policing, heightening risks of profiling and chilled community engagement., Guidance on physicochemical characterization for generic topicals aimed to clarify approval pathways, potentially increasing competition and lowering drug costs., HUD’s guidance tying funding and certification to narrower civil-rights enforcement pressured state and local agencies to scale back protections for marginalized groups., Heavy felony charging under Prop 36, with little treatment, increased incarceration and racial disparities while failing to deliver promised public health benefits., Hegseth’s attacks on outlets reporting a broader conflict and Hormuz threats aimed to discredit information that contradicted the administration’s optimistic narrative., Hegseth’s categorical denial of U.S. targeting of civilians, amid reports of mass casualties, framed criticism as illegitimate and insulated military decisions from scrutiny., Hegseth’s “no quarter” rhetoric appeared to endorse unlawful killing of prisoners, signaling tolerance for war crimes and weakening norms that constrain military violence., Higher fuel prices driven by regional conflict translated geopolitical risk into everyday economic strain for households and businesses., Holding a family with lawful status and pressuring them to self-deport showed how immigration enforcement can override documentation and due process norms., Holding a family with valid visas and pressuring them to “self-deport” showed how discretionary immigration power can override documentation and due process protections., House Oversight and Government Reform Committee, House committees, ICE’s warrantless detention of a journalist who covered immigration enforcement raised concerns that immigration powers could be used to intimidate or retaliate against the press., Immigration and Customs Enforcement, Immigration and Customs Enforcement and DHS, Immigration and Customs Enforcement and federal courts, Information, Memory and Manipulation, Institutions and Governance, Interfaith Center on Corporate Responsibility, Investigating a senior official who resigned in protest over the Iran war signaled that internal dissent about security policy could trigger criminal scrutiny., Investigative reporting on document removal and incoherent war messaging provided counter-narratives to official accounts, supporting public scrutiny of elite conduct., Invoking Pearl Harbor to justify surprise strikes on Iran strained relations with a key ally and signaled a cavalier approach to wartime diplomacy and historical memory., Invoking emergency production powers to override state regulators and restart a spill-prone pipeline showed how wartime authorities can bypass environmental and federalism safeguards., Iranian forces, Iranian military, Iran’s attacks on shipping and imposition of transit fees through Hormuz weaponized a strategic chokepoint, disrupting global trade and energy markets., Jared Kushner, Joint strikes on a critical Iranian energy hub escalated the conflict into direct attacks on global energy infrastructure, inviting regional retaliation and economic disruption., Judges in multiple cases found RFK Jr.’s public health moves likely violated procedural and statutory requirements, reinforcing legal limits on politicized health policymaking., Judicial orders freeing an asylum seeker and permitting clergy visits to detainees underscored the role of courts in checking immigration abuses and preserving basic rights in detention., Kai Schwemmer, Keeping an activist detained after judges found she could be released on bond showed how immigration detention can be used punitively against political expression., Killing Iran’s supreme leader in a joint strike represented a dramatic intervention in another state’s leadership, with far-reaching implications for regional stability and norms., Kushner’s fundraising from foreign sovereign funds while holding a senior diplomatic role raised serious conflict-of-interest and emoluments concerns., Lawsuits by Yemeni nationals argued that ending TPS was discriminatory and unlawful, seeking judicial protection for immigrants’ ability to remain in the U.S. safely., Leaving out a key assessment that Iran lacked enrichment capacity obscured the intelligence picture underpinning war decisions, weakening informed public and congressional oversight., Leaving out written testimony that Iran lacked enrichment capabilities obscured the intelligence picture underpinning war decisions, weakening informed public and congressional oversight., Local and state governments sought to block a new detention center, asserting procedural violations and defending community interests against expanded incarceration infrastructure., Long-term detention of a public school student for immigration reasons, despite political advocacy, illustrated how enforcement priorities can disrupt education and community ties., Long-term detention of a student for immigration reasons, despite political advocacy, illustrated how enforcement priorities can disrupt education and family life., Los Angeles Police Department, Macroeconomic researchers, Massive spending by tech billionaires to defeat a wealth tax illustrated how concentrated wealth can shape tax policy and limit redistributive reforms., Meidas and other media, Meidas-reported economic data, Miami-Dade Sheriff’s Office, Minimizing the war’s economic fallout, even as prices rose, risked obscuring the real costs of conflict from the public and weakening informed debate on tradeoffs., Minneapolis Area Synod of the Evangelical Lutheran Church in America, Missile attacks on major LNG and refinery sites in Qatar and Saudi Arabia damaged critical infrastructure, threatening long-term global gas supply and price stability., Missing statutory deadlines and hedging on subpoena compliance over Epstein files showed the Justice Department resisting legislative scrutiny into elite-linked crimes., Moving to open a major detention center over local objections expanded federal capacity to hold migrants, intensifying reliance on incarceration in immigration policy., National TPS Alliance and allied plaintiffs, New Jersey congresswoman, New York College Republicans chapter, New research suggesting a connection between large deficits and inflation informed debates over fiscal policy and the risks of sustained high public debt., New user fees for OTC drug facilities shifted some regulatory funding burdens onto manufacturers, influencing market entry and compliance costs., Noahpinion and cited researchers, North Carolina State Board of Elections, OSHA’s review of UL’s expanded recognition illustrated how federal agencies accredit private entities that underpin product safety regimes., Occupational Safety and Health Administration, Ongoing civil litigation over wrongful convictions and school-related harms showed courts as venues for accountability in local justice and education systems., Ongoing monitoring and analysis of election-related litigation provided civil-society oversight of how courts and policymakers shape democratic participation., Ongoing opinion pieces contextualized election-related court battles, helping citizens understand how legal changes affect their ability to participate in democracy., Ordering major strikes on Iran without explicit congressional authorization expanded unilateral war-making authority and weakened legislative checks on the use of force., PA_001, PA_002, PA_003, PA_004, PA_005, Passing another near-total abortion ban in defiance of earlier state supreme court decisions challenged judicial authority and narrowed reproductive autonomy under state law., Pentagon under Defense Secretary Pete Hegseth, Persistent wholesale inflation, predating the latest escalation, signaled underlying price pressures that war-related shocks could further exacerbate., Policy changes that allowed deporting parents while leaving children behind inflicted severe family separations and trauma, particularly on already vulnerable communities., Policy changes that allowed deporting parents while leaving children behind weakened prior safeguards for family unity in immigration enforcement., Policy changes that allowed deporting parents while leaving children behind weaponized immigration enforcement against family unity, inflicting lasting harm on vulnerable families., Popular Info and other outlets, Power and Authority, President Donald Trump, Preventing disclosure of a detailed Epstein-linked document raised concerns that law enforcement was protecting politically connected actors rather than fully exposing criminal networks., Procedural rulings in cases against DHS, HHS, and others kept contested policies on hold or under review, maintaining judicial oversight over rapid executive changes., Prolonged detention of a political activist despite judicial findings she could be released suggested immigration powers being used to chill protest and advocacy., Proposed citizenship challenge rules mirrored federal SAVE Act ideas and risked imposing costly documentation burdens that could deter or disqualify eligible voters., Proposed limits on ICE activity around World Cup events aimed to protect visitors and avoid high-profile arrests, balancing immigration enforcement with international obligations., Prosecuting a lawyer tied to a Trump pardon for alleged extortion highlighted potential abuses around clemency networks and the need for impartial enforcement., Publicly shaming and cutting off a specific outlet during a press gaggle signaled that access depended on deference, pressuring journalists to soften their questioning., RFK Jr.’s overhaul of the autism advisory committee sidelined affected voices and mainstream science, politicizing control over billions in federal research spending., RFK Jr.’s unilateral declaration against gender-affirming care attempted to reshape access to medical treatment nationwide without following required legal processes., Rapid debt growth tied partly to war spending raised concerns about long-term fiscal sustainability and the opportunity cost of military commitments., Reissuing tariffs under a different statute after the Court struck down earlier duties reshaped trade flows and signaled that economic policy could be driven by executive will over legal constraints., Reissuing tariffs under a different statute after the Court struck down earlier duties tested the boundaries of judicial review over trade policy and executive economic powers., Renewed litigation against Wyoming’s abortion ban sought to enforce state constitutional protections for healthcare decisions against persistent legislative attempts to restrict them., Reports that DOJ stripped Trump-related interview pages from Epstein records suggested selective sanitizing of archives to shield the president from scrutiny., Reports that DOJ stripped dozens of pages about Trump from Epstein records suggested selective sanitizing of archives to shield the president from scrutiny., Restarting a spill-prone pipeline over state objections to boost wartime oil supply prioritized short-term energy output and industry interests over environmental and local regulatory concerns., Retiring key minesweeper vessels before effective replacements were ready weakened U.S. control of Hormuz, contributing to a preventable strategic and economic crisis., Retiring specialized mine-hunting ships before reliable replacements were ready left Hormuz more vulnerable to disruption, contributing to a preventable oil supply shock., Retiring specialized mine-hunting ships before reliable replacements were ready left Hormuz more vulnerable to mining, contributing to a foreseeable strategic and economic shock., Revealing a lawmaker’s undisclosed medical details from the bully pulpit showed misuse of privileged information and undermined norms protecting personal privacy in political competition., Reviving talk of forcibly seizing Greenland signaled a willingness to treat foreign territory as subject to U.S. coercion, unsettling allies and norms against conquest., Rewriting the history of the Iran nuclear deal to justify present war used retrospective narratives to deflect accountability for current escalation decisions., Rolling back a flexible incinerator rule returned to stricter preexisting standards, affecting how quickly debris can be burned after disasters and how pollution is controlled., Routine FCC notices on spectrum coordination and paperwork burdens illustrated ongoing administrative rulemaking processes that shape communications infrastructure., Rulings against SNAP punishment of Colorado, FEMA funding freezes, and USAGM dismantling showed courts curbing executive attempts to repurpose federal programs for political leverage., Rulings that common pro-Palestinian speech is constitutionally protected limited attempts to use litigation to suppress campus advocacy on foreign policy issues., Schwemmer’s racist, sexist, and homophobic posts, despite his leadership role in a major youth political group, normalized extremist rhetoric within mainstream partisan organizing., Seeking broad voter registration data from states raised fears of centralized voter profiling and future suppression efforts under the guise of fraud detection., Seeking comprehensive voter registration data raised fears of centralized profiling and future suppression efforts, especially against marginalized communities., Senator John Fetterman, Senator Ron Wyden, Senator Thom Tillis, Sending an amphibious ready group toward Iran deepened U.S. military engagement without clear public debate, entrenching executive control over escalation decisions., Sending thousands more Marines after promising no “boots on the ground” undermined public assurances and deepened U.S. entanglement in the Iran conflict., Sergey Brin and allied tech executives, Siting a major detention center in an industrial warehouse despite local resistance expanded federal incarceration capacity and strained federal–state relations over immigration policy., Slashing personnel in offices tasked with limiting civilian harm reduced internal checks on targeting decisions, increasing risks to noncombatants and accountability gaps in war., State and local governments and advocacy groups, State of New Jersey and Township of Roxbury, State of Oregon and allied plaintiffs, State-driven changes at New College, including firing leaders and ending gender studies, illustrated how political authorities can reshape academic content and campus culture., State-driven changes at New College, including firing leaders and ending gender studies, illustrated how political authorities can reshape higher education governance and academic freedom., States’ refusal to share detailed voter data with DOJ highlighted tensions over federal intrusion into election administration and voter privacy., States’ refusal to share detailed voter data with DOJ underscored tensions over federal reach into election administration and voter privacy protections., Strikes in Nigeria under a broad counterterrorism rationale extended U.S. kinetic operations into another theater with limited public debate or clarity about targets., Struggles to finance the Iran war highlighted the budgetary strain of open-ended conflicts and the tradeoffs they impose on domestic priorities., Targeting South Pars led to Iranian strikes on Qatar’s Ras Laffan LNG hub, demonstrating how attacks on energy infrastructure can cascade across allied economies., Targeting a sitting congresswoman with racist smears and hinting at investigatory retaliation blurred lines between law enforcement and political vendetta, chilling dissent by minority lawmakers., Technical changes to controlled-substance ordering rules clarified who can execute powers of attorney and modernized forms, affecting compliance burdens for registrants., Temporarily lifting sanctions on Russian oil to address price spikes showed how geopolitical accountability measures can be relaxed when they conflict with domestic economic pressures., Temporarily lifting sanctions on Russian oil to ease prices undercut coordinated democratic pressure on Russia over Ukraine, trading accountability for short-term economic relief., The Court’s decision that earlier tariffs exceeded statutory authority reaffirmed judicial checks on unilateral trade measures by the executive., The DHS shutdown’s impact on TSA pay and airport operations showed how budget brinkmanship can destabilize essential public services and workers’ livelihoods., The FBI’s alert about Russian hacking of messaging apps highlighted foreign efforts to compromise private communications of officials, journalists, and political figures., The FBI’s combination of warrantless data purchases and warnings about foreign hacking underscored a security posture that expands state access to private communications while highlighting external threats., The Harvard lawsuit used civil-rights enforcement to police campus responses to pro-Palestinian activism, intertwining foreign policy disputes with domestic academic governance., The Harvard suit used federal civil-rights enforcement to police campus responses to pro-Palestinian activism, intertwining foreign policy disputes with domestic academic governance., The Pentagon’s request for more than $200 billion to sustain Iran operations locked in massive long-term war spending, constraining future civilian budgets and democratic choices over priorities., The Senate’s decision to take up the SAVE Act moved forward legislation that could impose nationwide proof-of-citizenship requirements, reshaping access to the ballot., The Senate’s rejection of a measure to constrain Iran war powers left the president’s military authority largely unchecked despite bipartisan concerns., The U.S. operation to capture Maduro, justified by U.S. indictments, blurred lines between law enforcement and regime change by force., The U.S. seizure of Maduro on Trump’s orders represented an extreme use of force against a foreign head of state, raising questions about precedent and international law., The administration’s civil-rights suit against Harvard over pro-Palestinian protests used federal funding leverage to reshape campus speech norms and institutional behavior., The appellate court’s refusal to vacate a pro-plaintiff TPS ruling preserved legal protections for certain immigrants against abrupt status termination., The case highlighted how asylum seekers can be unlawfully detained and rely on courts to enforce basic due process and release orders., The challenge argued that the SEC’s no-objection policy undermined shareholder rights to raise social and governance concerns through corporate ballots., The committee’s subpoena for Bondi to testify under oath on Epstein records represented a key attempt by Congress to enforce transparency on a politically sensitive investigation., The conflict’s closure of Hormuz, a vital oil chokepoint, drove up global energy prices and inflation, illustrating how military decisions can destabilize economic systems., The conflict’s closure of Hormuz, a vital oil chokepoint, showed how unilateral military decisions can trigger global economic shocks beyond domestic democratic control., The death of a teenager in ICE custody highlighted serious concerns about mental health care and oversight in immigration detention facilities., The death of a teenager in ICE detention highlighted life-threatening conditions in immigration custody and weak accountability for custodial care., The dismissal of a food-spiciness negligence claim illustrated routine judicial application of consumer responsibility standards, with limited direct democratic implications., The enormous supplemental funding request for Iran operations entrenched war as a central budgetary priority, crowding out domestic spending choices., The fatal crash of a refueling aircraft underscored the human costs and operational risks of sustained deployments tied to the Iran war., The injunction ensured detainees’ access to spiritual support, affirming religious and associational rights within immigration detention facilities., The lawsuit contested university discipline for off-campus extremist expression, testing the balance between free speech rights and institutional anti-hate policies., The long detention of a public school student underscored how immigration enforcement can disrupt education and family life, even when public officials intervene., The plaintiffs challenged ICE’s pattern of warrantless arrests as violating federal law and regulations, seeking to curb arbitrary detentions of immigrants., The rapid rise in national debt, partly driven by war costs, raised concerns about long-term fiscal sustainability and intergenerational equity., The ruling protected access to gender-affirming care for minors in participating states, pushing back against a federal attempt to curtail LGBTQ+ health rights., The scale and cost of the Iran war, launched without clear authorization or endgame, entrenched a high-casualty, high-spending conflict largely controlled by the executive branch., The serious injury of a protester by “less-lethal” munitions, despite court limits, showed how crowd-control tactics can effectively suppress protest through excessive force., The suit argued that a key environmental committee was being convened without legal safeguards, seeking to protect public participation and procedural rights in species decisions., Thousands of airstrikes that left Iran still able to disrupt Hormuz showed the limits of military dominance and the risks of overpromising quick victory., Threatened flight cancellations from jet fuel shortages showed how energy chokepoints can quickly ripple into global transportation and commerce., Threatening Harvard’s federal funding through a civil-rights suit over campus protests showed how federal enforcement can reshape university governance and speech norms., Tripling the number of local deputies empowered to enforce immigration law integrated federal control into everyday policing, heightening risks of profiling and fear in immigrant communities., Trump’s SAVE America Act proposal used unproven fraud claims to justify new documentation hurdles for voting, advancing a federal framework for restrictive ballot access., Trump’s appeals to other powers to send warships into Hormuz highlighted how his unilateral escalation created dependencies on foreign militaries to stabilize a crisis he initiated., Trump’s assertion that he had an “absolute right” to impose tariffs, after the Court found prior duties illegal, challenged judicial authority and signaled disregard for legal limits on executive economic power., Trump’s claim that he could pull the U.S. out of NATO without Congress tested constitutional constraints on treaty withdrawal and concentrated foreign policy power in the presidency., Trump’s demands and threats toward NATO over Hormuz leveraged alliance commitments for his war aims, risking long-term damage to collective security structures and allied trust., Trump’s on-the-record shaming and exclusion of a specific outlet during a press gaggle signaled selective access based on deference, pressuring reporters to soften questioning., Trump’s personal attacks on Judge Boasberg for rulings affecting his administration pressured the judiciary and signaled expectations of loyalty from judges handling politically sensitive matters., Trump’s threat to “take over” Cuba signaled willingness to use unilateral force abroad, testing limits on presidential war powers and bypassing normal congressional authorization for military action., Trump’s triumphalist posts about Iran’s military and denunciations of skeptical reporting sought to control public perception of the war and delegitimize independent assessments., Tucker Carlson, U.S. Agency for International Development, U.S. Congress, U.S. Congress and Democracy Docket, U.S. Congress and Pentagon, U.S. Department of Agriculture and Office of Management and Budget, U.S. Department of Energy political appointees, U.S. Department of Health and Human Services Secretary Robert F. Kennedy Jr., U.S. Department of Homeland Security, U.S. Department of Homeland Security and ICE, U.S. Department of Housing and Urban Development, U.S. Department of Justice, U.S. Department of Justice and Attorney General Pam Bondi, U.S. Department of Justice and Deputy Attorney General Todd Blanche, U.S. Department of Transportation and Federal Transit Administration, U.S. Senate, U.S. Supreme Court, U.S. airlines, U.S. energy markets, U.S. federal government, U.S. national debt, U.S. national security apparatus, Updated air toxics standards for a chemical industry sector adjusted compliance costs and public health protections, reflecting ongoing negotiation between industry and environmental goals., Using federal conspiracy charges against a protester who tried to block an ICE transport raised the stakes of civil disobedience and may deter collective action., Using images of fallen service members to sell access to Trump’s “unfiltered” security briefings monetized military sacrifice and blurred lines between public duty and private political fundraising., Week 61 – 2026-03-14–2026-03-20, White House Economic Advisor Kevin Hassett, Withholding transit funds while altering disadvantaged-business rules used federal purse strings to reshape local equity programs and constrain state and city autonomy., Withholding transit funds while revising disadvantaged-business rules affected local infrastructure investment and equity programs, using federal dollars to steer local policy., Wyden’s accusations that DOJ blocked unclassified DEA files underscored concerns that the department was shielding information about elite-linked crimes from Congress., Wyden’s document demands and public accusations against DOJ leadership highlighted legislative efforts to pierce secrecy around elite-linked criminal probes., Wyoming abortion-rights plaintiffs, Wyoming legislature and Governor Mark Gordon, Yemeni TPS holders and applicants, admitted the FBI purchases Americans’ location data from private brokers, allegedly blinded a protester with a projectile at an anti-ICE demonstration, allegedly removed over 50 pages of Trump-related interviews from Epstein files, amended regulations for DEA Form 222 ordering of Schedule I and II substances, announced deployment of an amphibious ready group with thousands of Marines to the Middle East, approved exemptions for certain chemical preparations under the Controlled Substances Act, asserted that the U.S. military does not target civilians in contrast to Iran, attacked commercial ships and controlled access through the Strait of Hormuz, charging passage fees, berated an ABC News reporter and refused further questions from the network, blamed Barack Obama’s Iran nuclear deal for the current conflict, blocked RFK Jr.’s overhaul of vaccine advisory processes and immunization schedules as arbitrary and capricious, blocked or limited multiple Trump administration funding and program directives as unlawful, blocked release of a 69-page Epstein-related document on money laundering and drug trafficking, blocked release of a DEA memo and other Epstein-related documents despite a transparency statute, blocked release of a DEA memo and other Epstein-related documents despite transparency law, canceled Cesar Chavez Day as a state holiday following abuse allegations, cast the decisive committee vote to advance Markwayne Mullin’s DHS nomination, charged New York lawyer Joshua Nass with attempted extortion linked to a Trump-era pardon context, charged a veteran with conspiracy for blocking an ICE transport during a protest, charged an officer with second-degree murder for a high-speed crash that killed four people, charged veteran Bajun Mavalwalla with conspiracy for blocking an ICE transport during a protest, claimed an absolute right to impose tariffs despite a Supreme Court ruling, claimed without evidence that the CIA was preparing a criminal referral against him for contacts with Iranians, conducted a reduction in force that allegedly targeted older foreign service officers, criticized DHS Secretary Kristi Noem and blocked a Federal Reserve nominee over DOJ actions, criticized federal judge James Boasberg and called for his removal from certain cases, criticized major media outlets as wanting the U.S. to lose the Iran war, criticized media coverage suggesting the Iran war was widening and Hormuz was at risk, criticized the Trump administration’s focus on economic messaging over military strategy in Iran, cut State Department energy diplomacy staff, including the only sanctioned-tanker expert, cut staff in Pentagon offices overseeing civilian casualty mitigation, decided not to regulate nine contaminants from the fifth Drinking Water Contaminant Candidate List, declared gender-affirming treatments unsafe for minors without proper procedures, declared there would be “no quarter, no mercy” for the enemy in Iran, defended a disbanded University of Florida College Republicans group after a Nazi salute incident as victims of cancel culture, demanded unredacted DEA documents on the Epstein investigation and accused DOJ of obstruction, democracydocket, denied prior knowledge of an Israeli strike on Iran’s South Pars gas field despite reports of coordination, detained New York student Dylan Lopez Contreras for ten months before releasing him with GPS monitoring, detained a Canadian mother and her autistic daughter despite valid U.S. paperwork, detained a Canadian mother and her autistic daughter with valid U.S. paperwork, detained a New York high school student for ten months before release, detained and then released asylum seeker Elvis Joel TE after a judge found no legal basis for custody, detained journalist Estefany Rodríguez without a warrant before releasing her on bond, detained pro-Palestinian activist Leqaa Kordia for a year despite repeated bond rulings before releasing her, dismissed a negligence lawsuit over spicy salsa at a New York taqueria, dismissed flag-burning charges against veteran Jan “Jay” Carey, donated tens of millions to block a proposed California billionaire tax, downplayed the Iran war’s impact on the U.S. economy despite rising consumer costs, enacted a six-week abortion ban despite prior court rulings, established the Task Force to Eliminate Fraud within the Executive Office of the President, expanded 287(g) immigration enforcement authority to hundreds of deputies, experienced rising gasoline prices to a national average of $3.90 per gallon amid Middle East conflict, extended and managed TROs and stays in multiple challenges to Trump administration policies, extended the comment period on gluten labeling and cross-contact rulemaking, faced a Justice Department lawsuit against Harvard University over alleged antisemitism, faced difficulties securing funding for the Iran war as projected costs reached hundreds of billions, failed to hold substantive public hearings on the costs and implications of the Iran war, failed to meet the Epstein Files Act deadline and resisted full compliance with a House subpoena, failed to pass a resolution limiting Trump’s war powers against Iran, federalregister, filed a civil-rights lawsuit against Harvard University over alleged antisemitism tied to pro-Palestinian protests, filed a class action alleging unlawful warrantless ICE arrests, filed a lawsuit challenging the new six-week abortion ban under the state constitution, filed class actions challenging termination of Temporary Protected Status for Yemen, filed lawsuits against multiple states for alleged failures to maintain voter rolls, filed multiple lawsuits challenging Trump administration policies on TPS, housing, environment, immigration, and SEC procedures, filed nearly 20,000 felony drug possession cases under Proposition 36 with minimal treatment, finalized amendments to hazardous air pollutant standards for polyether polyols production, finalized or rescinded several environmental rules and determinations, froze grant reimbursements to New York and Chicago transit agencies after changing DBE rules, froze grant reimbursements to New York and Chicago transit projects after changing DBE rules, funded AI surveillance partnerships to expand monitoring capabilities, funded AI surveillance projects through its tech incubator, guardian, handled various civil suits including wrongful conviction, school negligence, and archdiocesan liability, hcr, held or planned hearings on Epstein enablers and DOJ transparency failures, held pro-Palestinian activist Leqaa Kordia for a year despite repeated bond rulings, implemented a revised Detained Parents Directive that enabled deporting parents without their children, imposed new 10% global tariffs under section 122 of the 1974 Trade Act after a Supreme Court loss, introduced a bill to limit ICE enforcement near World Cup venues, invalidated ACIP membership and decisions due to improper appointment processes, invited comment on UL LLC’s application to expand its recognition as a testing laboratory, issued final guidance on Q3 characterization for topical drug products in ANDAs, issued funding guidance threatening to decertify fair housing agencies that enforce protections beyond federal minimums, issued multiple notices and guidance on public health data collection, drug development, and labeling, issued preliminary injunctions and summary judgments against RFK Jr.’s vaccine schedule changes and gender-affirming care declaration, justsecurity, launched a campaign critics say sloppily targets voter rolls and risks wrongful removals, launched a racist tirade against Representative Ilhan Omar and suggested investigating her with an anti-fraud task force, lifted sanctions on Russian oil shipments until April 11, lifted sanctions on Russian oil shipments until April 11 to ease prices, linked high government debt and pandemic spending to rising inflation, made controversial Pearl Harbor analogies to Japanese Prime Minister Sanae Takaichi regarding the Iran attack, meidas, missed the Epstein Files Act deadline and released documents in piecemeal fashion, noah, omitted written testimony stating Iran had no nuclear enrichment capabilities after U.S. bombing, ordered ICE to release unlawfully detained asylum seeker Elvis Joel TE and allowed clergy access to detainees, ordered U.S. forces to seize Venezuelan leader Nicolás Maduro, ordered a large-scale bombardment of Iran without new congressional authorization, ordered reinstatement of Voice of America staff and invalidated USAGM cuts as arbitrary, ordered the reopening of a long-closed California oil pipeline using Defense Production Act powers, orders, outloud, oversaw FBI and intelligence leadership that omitted key Iran nuclear assessments from public testimony, oversaw FBI leadership that purchased Americans’ location data and warned of Russian cyber campaigns targeting messaging apps, oversaw U.S. and Israeli airstrikes that failed to dislodge Iran’s control of the Strait of Hormuz, oversaw U.S. and Israeli strikes on Iran’s largest gas processing facility at South Pars, oversaw U.S. and Israeli strikes that prompted Iranian drone and missile retaliation across the region, oversaw U.S. military strikes in north-west Nigeria against alleged Islamic State fighters, oversaw a DHS anti-fraud task force with broad cross-agency data-sharing powers, oversaw a DHS nomination process that elevated Markwayne Mullin despite concerns about his rhetoric and record, oversaw a DHS shutdown that caused nationwide TSA staffing shortages and delays, oversaw a DHS shutdown that left TSA staff unpaid and airports understaffed, oversaw a DHS that detained a Canadian mother and autistic child with valid visas, oversaw a DHS that detained a New York high school student for ten months before release, oversaw a DHS that expanded AI surveillance projects through its tech incubator, oversaw a DHS that expanded local 287(g) immigration enforcement in Miami-Dade, oversaw a DOJ campaign that critics say sloppily targets voter rolls and risks wrongful removals, oversaw a DOJ campaign to sue states over voter roll maintenance while demanding detailed voter data, oversaw a DOJ lawsuit against Harvard that could jeopardize billions in federal funding, oversaw a DOJ request for extensive state voter registration data, oversaw a DOJ that allegedly removed Trump-related interview pages from Epstein files, oversaw a DOJ that blocked release of a 69-page Epstein-related document on money laundering and drug trafficking, oversaw a DOJ that demanded private voter data from states, prompting bipartisan resistance, oversaw a DOJ that filed lawsuits against states over voter roll maintenance under the NVRA, oversaw a DOJ that launched a campaign critics call a sloppy voter-roll crusade, oversaw a DOJ that requested extensive voter registration data from states, oversaw a DOJ that sued Harvard over alleged antisemitism tied to pro-Palestinian protests, oversaw a Pentagon plan to consider occupying or blockading Iran’s Kharg Island, oversaw a Pentagon request for over $200 billion to sustain Iran operations, oversaw a U.S. F-35 being hit by Iranian fire and forced to land, oversaw a U.S. KC-135 refueling plane crash in Iraq that killed six service members, oversaw a U.S. attack on Venezuela and seizure of Nicolás Maduro, oversaw a U.S.–Israeli strike on Iran’s South Pars gas field that prompted Iranian retaliation on Qatar’s Ras Laffan, oversaw a joint U.S.–Israeli attack that killed Iran’s supreme leader Ayatollah Ali Khamenei, oversaw a shutdown-driven halt in DHS funding amid an immigration enforcement dispute, oversaw a war in Iran that closed or severely disrupted the Strait of Hormuz, oversaw a war in Iran that killed over 1,300 people and cost an estimated $890 million per day, oversaw decommissioning of U.S. mine countermeasure ships in the Gulf without reliable replacements, oversaw decommissioning of mine countermeasure ships in Bahrain without effective replacements, oversaw deployment of additional Marines and warships to the Middle East despite prior pledges of no ground war, oversaw detention conditions that led to the death of 19-year-old Royer Perez-Jimenez, oversaw detention conditions that led to the death of a 19-year-old in ICE custody, oversaw extended deployment of the USS Gerald R Ford that suffered a major onboard fire, oversaw purges of senior FBI executives under Director Kash Patel, planned a large immigration detention facility in Roxbury, New Jersey, over state and local objections, planned a large-scale immigration detention facility in Roxbury, New Jersey, planned a large-scale immigration detention facility in Roxbury, New Jersey, over state and local objections, popinfo, posted bigoted and extreme content on social media while leading College Republicans of America political strategy, processed multiple applications and technical amendments for controlled substances handling and Form 222, processed multiple applications to import or manufacture controlled substances for research and reference standards, proposed rules allowing voter citizenship challenges requiring documentary proof, proposed the Safeguard American Voter Eligibility (SAVE) America Act imposing stricter voting requirements, protected pro-Palestinian speech on U.S. campuses in antisemitism lawsuits, publicly demanded NATO assistance to reopen the Strait of Hormuz while threatening to leave the alliance, publicly disclosed private health information about Congressman Neal Dunn, publicly requested foreign navies to help secure the Strait of Hormuz, published analyses on DOJ voter-roll lawsuits, data demands, and the SAVE Act’s threat to voting rights, published opinions and analyses tracking litigation that shapes election rules and democratic access, pursued a civil-rights lawsuit against Harvard University over alleged antisemitism tied to pro-Palestinian protests, pursued an investigation of former counterterrorism chief Joe Kent over alleged leaks, pursued terrorism-related charges against teenagers accused of attempting to bomb the New York mayor’s home during a protest, remained deadlocked over DHS funding amid disputes on immigration enforcement reforms, remained unfunded due to a congressional standoff, leaving TSA workers unpaid, removed restricted databases containing sensitive personal data with intent to share with a contractor, renewed threats to seize Greenland, including suggesting military action, replaced all members of the Interagency Autism Coordinating Committee with fewer autistic members and anti-vaccine advocates, reported on AI-based fact-checking systems’ ability to shift belief accuracy on social media, reported that DOJ allegedly removed Trump-related interview pages from Epstein files and that war messaging obscured strategy, reported that early smartphone use correlates with mental health struggles among Gen Z, requested extensive state voter registration data, prompting bipartisan resistance, requested extensive voter registration data from states, requested over $200 billion in additional funding for the Iran war, requested over $200 billion in additional funding to sustain Iran operations, requested public input for the ICCR-20 international cosmetics regulation meeting, rescinded an interim rule allowing temporary-use incinerators for disaster recovery, resisted full compliance with a House subpoena for Attorney General Pam Bondi’s testimony, restructured New College’s leadership and eliminated its gender studies department, ruled many of Trump’s prior import duties illegal under a 1977 law, saw the national debt surpass $39 trillion amid increased military spending, secured a favorable summary judgment that the Ninth Circuit declined to vacate, set OTC monograph drug facility fee rates for fiscal year 2026, shifted tax policy focus toward taxing only the hyper-rich while cutting taxes for the moderately wealthy, showed a 3.4% annual increase in wholesale prices with three consecutive monthly rises, signaled willingness to remove sanctions on Iranian oil to lower global prices, signaled willingness to remove sanctions on Iranian oil to lower prices, solicited nominations for the Advisory Committee on Breast Cancer in Young Women, sought $5 billion from foreign governments for his private equity firm while serving as Special Envoy for Peace, sought public comment on multiple technical information collections and paperwork reductions, stated he could unilaterally withdraw the United States from NATO, struck Qatar’s Ras Laffan LNG facility and other Gulf energy infrastructure in retaliation, subpoenaed Attorney General Pam Bondi over DOJ handling of Epstein files, sued ICE and DHS to stop a large immigration detention facility, sued Interior Secretary Doug Burgum to block an Endangered Species Committee meeting, sued the SEC over a new policy easing exclusion of shareholder proposals, sued the University of Florida after suspension over an online Nazi salute post, surpassed $39 trillion amid increased military spending and other policies, threatened a military takeover of Cuba, threatened broadcasters with license revocation over alleged fake news about the Iran war, threatened to revoke broadcasters’ licenses for alleged fake news about the Iran war, tracked and analyzed litigation and actions affecting election rules and democratic access, used a SNAP recertification pilot and funding freezes to pressure Colorado and other states, used a SNAP recertification pilot and funding freezes to punish Colorado and other states, used a dignified transfer photo in a PAC fundraising email promising private national security briefings, used personal email for official climate rulemaking business without proper record-keeping, used social media to claim the U.S. was totally destroying Iran’s military and attack critical coverage, used social media to claim the U.S. was totally destroying Iran’s military and attack skeptical coverage, voted to begin debate on the restrictive SAVE America Act voting bill, warned of a Russian cyber campaign targeting users of encrypted messaging apps, warned of potential flight cancellations due to jet fuel shortages linked to Hormuz disruptions, was accused by Senator Ron Wyden of obstructing congressional access to unclassified DEA records on Epstein, was accused by Senator Ron Wyden of obstructing congressional access to unclassified Epstein DEA records, wk061-002, wk061-003, wk061-004, wk061-006, wk061-007, wk061-008, wk061-009, wk061-010, wk061-012, wk061-017, wk061-018, wk061-019, wk061-020, wk061-021, wk061-022, wk061-023, wk061-024, wk061-025, wk061-026, wk061-027, wk061-028, wk061-030, wk061-034, wk061-035, wk061-036, wk061-037, wk061-038, wk061-039, wk061-040, wk061-041, wk061-042, wk061-044, wk061-045, wk061-049, wk061-050, wk061-051, wk061-056, wk061-057, wk061-058, wk061-059, wk061-062, wk061-063, wk061-064, wk061-065, wk061-066, wk061-067, wk061-068, wk061-070, wk061-071, wk061-072, wk061-073, wk061-074, wk061-076, wk061-079, wk061-080, wk061-081, wk061-082, wk061-083, wk061-084, wk061-085, wk061-086, wk061-087, wk061-089, wk061-090, wk061-091, wk061-092, wk061-093, wk061-094, wk061-095, wk061-096, wk061-097, wk061-098, wk061-099, wk061-100, wk061-101, wk061-102, wk061-103, wk061-104, wk061-108, wk061-109, wk061-110, wk061-112, wk061-113, wk061-114, wk061-115, wk061-116, wk061-117, wk061-118, wk061-119, wk061-120, wk061-121, wk061-122, wk061-123, wk061-124, wk061-125, wk061-126, wk061-127, wk061-132, wk061-133, wk061-134, wk061-135, wk061-136, wk061-137, wk061-138, wk061-139, wk061-140, wk061-143, wk061-144, wk061-145, wk061-146, wk061-147, wk061-148, wk061-149, wk061-150, wk061-151, wk061-152, wk061-154, wk061-156, wk061-157, wk061-159, wk061-160, wk061-161, wk061-162, wk061-163, wk061-164, wk061-165, wk061-168, wk061-170, wk061-171, wk061-172, wk061-173, wk061-174, wk061-175, wk061-176, wk061-177, wk061-178, wk061-179, wk061-180, wk061-181, wk061-182, wk061-183, wk061-184, wk061-187, wk061-189, wk061-190, wk061-191, wk061-193, wk061-194, wk061-195, wk061-196, wk061-197, wk061-198, wk061-199, wk061-200, wk061-202, wk061-203, wk061-204, wk061-205, wk061-206, wk061-207, wk061-208, wk061-209, wk061-210, wk061-212, wk061-213, wk061-214, wk061-215, wk061-216, wk061-217, wk061-218, wk061-219, wk061-220, wk061-221, wk061-222, wk061-223, wk061-224, wk061-225, wk061-226, wk061-227, wk061-228, wk061-229, wk061-230, wk061-231, wk061-232, wk061-233, wk061-234, wk061-235, wk061-237, wk061-238, wk061-239, wk061-240, wk061-241, wk061-242, wk061-244, wk061-245, wk061-247, wk061-248, wk061-249, wk061-250, wk061-251, wk061-252, wk061-253, wk061-254, wk061-255, wk061-256, wk061-257, wk061-258, wk061-259, wk061-260, wk061-261, wk061-262, wk061-263, wk061-264, wk061-265, wk061-266, wk061-267, wk061-268, wk061-269, wk061-270, wk061-271, wk061-272, wk061-273, wk061-274, wk061-275, wk061-276, wk061-277, wk061-278, wk61_CR_001, wk61_CR_002, wk61_CR_003, wk61_CR_004, wk61_CR_005, wk61_CR_006, wk61_CR_007, wk61_CR_008, wk61_CR_009, wk61_CR_010, wk61_CR_011, wk61_CR_012, wk61_CR_013, wk61_CR_014, wk61_CR_015, wk61_CR_016, wk61_CR_017, wk61_CR_018, wk61_CR_019, wk61_CR_020, wk61_CR_021, wk61_CR_022, wk61_CR_023, wk61_CR_024, wk61_CR_025, wk61_CR_026, wk61_CR_027, wk61_CR_028, wk61_CR_029, wk61_CR_030, wk61_ES_001, wk61_ES_002, wk61_ES_003, wk61_ES_004, wk61_ES_005, wk61_ES_006, wk61_ES_007, wk61_ES_008, wk61_ES_009, wk61_ES_010, wk61_ES_011, wk61_ES_012, wk61_ES_013, wk61_ES_014, wk61_ES_015, wk61_ES_016, wk61_ES_017, wk61_ES_018, wk61_ES_019, wk61_ES_020, wk61_ES_021, wk61_ES_022, wk61_ES_023, wk61_ES_024, wk61_ES_025, wk61_ES_026, wk61_ES_027, wk61_ES_028, wk61_ES_029, wk61_ES_030, wk61_ES_031, wk61_ES_032, wk61_ES_033, wk61_ES_034, wk61_ES_035, wk61_ES_036, wk61_ES_037, wk61_ES_038, wk61_ES_039, wk61_ES_040, wk61_IG_001, wk61_IG_002, wk61_IG_003, wk61_IG_004, wk61_IG_005, wk61_IG_006, wk61_IG_007, wk61_IG_008, wk61_IG_009, wk61_IG_010, wk61_IG_011, wk61_IG_012, wk61_IG_013, wk61_IG_014, wk61_IG_015, wk61_IG_016, wk61_IG_017, wk61_IG_018, wk61_IG_019, wk61_IG_020, wk61_IG_021, wk61_IG_022, wk61_IG_023, wk61_IG_024, wk61_IG_025, wk61_IG_026, wk61_IG_027, wk61_IG_028, wk61_IG_029, wk61_IG_030, wk61_IG_031, wk61_IG_032, wk61_IG_033, wk61_IG_034, wk61_IG_035, wk61_IG_036, wk61_IG_037, wk61_IG_038, wk61_IG_039, wk61_IG_040, wk61_IG_041, wk61_IG_042, wk61_IG_043, wk61_IG_044, wk61_IG_045, wk61_IG_046, wk61_IG_047, wk61_IG_048, wk61_IG_049, wk61_IG_050, wk61_IG_051, wk61_IG_052, wk61_IG_053, wk61_IG_054, wk61_IG_055, wk61_IM_001, wk61_IM_002, wk61_IM_003, wk61_IM_004, wk61_IM_005, wk61_IM_006, wk61_IM_007, wk61_IM_008, wk61_IM_009, wk61_IM_010, wk61_IM_011, wk61_IM_012, wk61_IM_013, wk61_IM_014, wk61_IM_015, wk61_IM_016, wk61_IM_017, wk61_IM_018, wk61_IM_019, wk61_IM_020, wk61_IM_021, wk61_IM_022, wk61_IM_023, wk61_IM_024, wk61_IM_025, wk61_IM_026, wk61_IM_027, wk61_IM_028, wk61_IM_029, wk61_IM_030, wk61_PA_001, wk61_PA_002, wk61_PA_003, wk61_PA_004, wk61_PA_005, wk61_PA_006, wk61_PA_007, wk61_PA_008, wk61_PA_009, wk61_PA_010, wk61_PA_011, wk61_PA_012, wk61_PA_013, wk61_PA_014, wk61_PA_015, wk61_PA_016, wk61_PA_017, wk61_PA_018, wk61_PA_019, wk61_PA_020, wk61_PA_021, wk61_PA_022, wk61_PA_023, wk61_PA_024, wk61_PA_025, wk61_PA_026, wk61_PA_027, wk61_PA_028, wk61_PA_029, wk61_PA_030, wk61_PA_031, wk61_PA_032, wk61_PA_033, wk61_PA_034, wk61_PA_035, wk61_PA_036, wk61_PA_037, wk61_PA_038, wk61_PA_039, wk61_PA_040, wk61_PA_041, wk61_PA_042, wk61_PA_043, wk61_PA_044, wk61_PA_045, wk61_PA_046, wk61_PA_047, wk61_PA_048, wk61_PA_049, wk61_PA_050, wk61_PA_051, wk61_PA_052, wk61_PA_053, wk61_PA_054, wk61_PA_055, wk61_PA_056, wk61_PA_057, wk61_PA_058, wk61_PA_059, wk61_PA_060, wk61_PA_061, wk61_PA_062, wk61_PA_063, wk61_PA_064, wk61_PA_065, wk61_PA_066, wk61_PA_067, wk61_PA_068, wk61_PA_069, wk61_PA_070, wk61_PA_071, wk61_PA_072, wk61_PA_073, wk61_PA_074, wk61_PA_075, wk61_PA_076, wk61_PA_077, wk61_PA_078, wk61_PA_079, wk61_PA_080, wk61_PA_081, wk61_PA_082, wk61_PA_083, wk61_PA_084, wk61_PA_085, wk61_PA_086, wk61_PA_087, wk61_PA_088, wk61_PA_089, wk61_PA_090, wk61_PA_091, wk61_PA_092, wk61_PA_093, wk61_PA_094, wk61_PA_095, wk61_PA_096, wk61_PA_097, wk61_PA_098, wk61_PA_099, wk61_PA_100, won an injunction allowing clergy visits to immigration detainees, won summary judgment against HHS’s declaration restricting gender-affirming care for minors, wrongfully deported more than 100 asylum seekers in violation of a settlement agreement, wrongfully deported over 100 asylum seekers in violation of a settlement agreement, zeteo","Week 61 Appendix: War as Routine Governance","<!-- Generated by build_publish_week_v1 (WordPress appendix HTML) -->

<p><em>An unauthorized Iran war, weaponized immigration and voting rules, and curated secrecy deepen executive impunity while courts and civil society fight rearguard actions.</em></p>
<p>This was a structurally heavy week for democratic erosion, dominated by an unauthorized, escalating war with Iran and a parallel campaign to intimidate courts, media, and oversight institutions. Executive power expanded through unilateral military action, emergency trade and energy moves, and explicit claims of authority to ignore Congress on NATO and tariffs. Congress largely failed to assert war powers, while struggling even to fund DHS, leaving TSA workers unpaid and security degraded. Simultaneously, the administration and FCC chair threatened broadcast licenses over war coverage, while Trump and allies smeared individual journalists and weaponized secrecy around the Epstein files. Immigration enforcement and detention abuses intensified, with wrongful deportations, deaths in custody, and warrantless arrests, even as some courts pushed back on RFK Jr.’s public health overreach, gender-affirming care restrictions, and USAGM dismantling. Voting rights came under coordinated pressure via the SAVE Act, state-level citizenship challenges, and a DOJ voter-roll purge campaign. Foreign policy was recast as a theater of unilateral strikes, energy shocks, and fraying alliances, with Russia and Iran exploiting the chaos. Overall, the week deepened executive impunity, normalized emergency governance, and entrenched a two-tier legal order.</p>
<h3>Power and Authority</h3>
<ol>
<li>President Donald Trump threatened a military takeover of Cuba: Trump’s threat to “take over” Cuba, prompting senators to seek statutory war-powers limits, showed the president asserting unilateral authority to launch foreign military action without clear congressional authorization. (2026-03-14)</li>
<li>President Donald Trump ordered a large-scale bombardment of Iran without new congressional authorization: Trump’s unilateral bombardment of Iran, launched without explicit congressional authorization and amid confused justifications, expanded presidential war-making power and weakened legislative checks on initiating major conflicts. (2026-03-14)</li>
<li>Defense Secretary Pete Hegseth declared there would be “no quarter, no mercy” for enemies in the Iran war: Hegseth’s “no quarter” statement, widely read as endorsing killing prisoners, signaled willingness to disregard laws of war, lowering constraints on executive use of lethal force and risking normalization of war crimes. (2026-03-14)</li>
<li>President Donald Trump claimed an absolute right to impose tariffs despite a Supreme Court ruling: By asserting an “absolute right” to reimpose tariffs after the Court struck down his earlier duties, Trump challenged judicial limits on his economic powers and framed legal checks as illegitimate interference. (2026-03-16)</li>
<li>President Donald Trump asserted he could unilaterally withdraw the United States from NATO: Trump’s claim that he alone could pull the U.S. out of NATO, despite statutory limits, tested constitutional boundaries on treaty withdrawal and concentrated foreign-policy power in the presidency. (2026-03-16)</li>
<li>President Donald Trump publicly blamed Barack Obama’s Iran nuclear deal for the current conflict: Trump’s effort to retroactively blame Obama’s nuclear agreement for avoiding a supposed nuclear war recast past policy choices to justify his own escalation, shaping public memory to defend expanded executive war powers. (2026-03-18)</li>
<li>President Donald Trump used social media to boast of destroying Iran’s military and attack critical media: Trump’s posts claiming the U.S. was “totally destroying” Iran’s military while denouncing skeptical coverage used the presidential megaphone to control war narratives and delegitimize independent reporting. (2026-03-14)</li>
<li>President Donald Trump publicly disclosed private health information about Representative Neal Dunn: Trump’s revelation of a congressman’s undisclosed health details showed the president wielding sensitive personal information against a legislator, undermining privacy norms and potentially chilling intra-branch dissent. (2026-03-16)</li>
<li>President Donald Trump launched racist attacks and unfounded fraud accusations against Representative Ilhan Omar: Trump’s Oval Office tirade falsely portraying Ilhan Omar as an illegal immigrant and “ringleader” for fraud weaponized presidential rhetoric against a political opponent, stigmatizing minorities and inviting investigative harassment. (2026-03-16)</li>
<li>President Donald Trump created a White House Task Force to Eliminate Fraud in benefit programs: Trump’s anti-fraud task force centralized cross-agency data sharing and enforcement on federal benefits under White House leadership, expanding executive capacity to police recipients with limited external oversight. (2026-03-16)</li>
<li>President Donald Trump used emergency powers to order reopening of a long-closed California oil pipeline: Invoking the Defense Production Act to restart a spill-prone California pipeline over state objections, Trump used wartime emergency authority to override environmental regulation and state autonomy in the name of energy supply. (2026-03-17)</li>
<li>President Donald Trump oversaw decommissioning of U.S. mine countermeasure ships in the Gulf region: The administration’s decision to retire the last minesweeper ships in Bahrain without reliable replacements weakened U.S. capacity to keep the Strait of Hormuz open, contributing to a crisis that later justified emergency measures. (2026-03-18)</li>
<li>President Donald Trump allowed Jared Kushner to serve as Special Envoy for Peace while seeking billions from foreign governments: Trump’s appointment of Kushner as Special Envoy while Kushner solicited $5 billion from foreign sovereign funds blurred lines between public office and private enrichment, raising emoluments and influence-peddling concerns. (2026-03-16)</li>
<li>President Donald Trump used a PAC fundraising email offering private national security briefings on the Iran war: Trump’s PAC promise of exclusive national security briefings, using imagery from a dignified transfer of fallen troops, monetized wartime information access and military sacrifice for political fundraising. (2026-03-14)</li>
<li>President Donald Trump repeatedly attacked federal judges involved in cases touching his administration: Trump’s renewed calls to discipline or remove Judge James Boasberg after adverse rulings continued a pattern of personal attacks on judges, pressuring the judiciary and signaling expectations of political loyalty. (2026-03-17)</li>
<li>Defense Secretary Pete Hegseth requested over $200 billion to fund expanded military operations against Iran: Hegseth’s $200 billion war funding request underscored how executive-initiated conflicts can rapidly commit vast public resources, constraining future fiscal choices and deepening dependence on continued military engagement. (2026-03-19)</li>
</ol>
<h3>Institutions and Governance</h3>
<ol>
<li>U.S. Department of Justice dropped flag-burning charges against veteran Jan “Jay” Carey: DOJ’s dismissal of charges brought under Trump’s anti–flag burning order acknowledged Supreme Court precedent protecting such protests, modestly reaffirming constitutional speech limits on executive criminalization efforts. (2026-03-14)</li>
<li>Federal courts issued multiple rulings blocking RFK Jr.’s vaccine and gender-care policy changes: Judges in Massachusetts and Oregon halted RFK Jr.’s overhaul of vaccine schedules and his declaration against gender-affirming care, enforcing procedural law and preserving access to established medical standards against unilateral executive rewrites. (2026-03-20)</li>
<li>Wyoming legislature and governor enacted a six-week abortion ban despite prior adverse rulings: Wyoming’s new six-week abortion ban, quickly challenged in court, showed state lawmakers repeatedly testing constitutional and state protections for healthcare autonomy in defiance of earlier supreme court decisions. (2026-03-15)</li>
<li>U.S. Supreme Court ruled many of Trump’s 2025 import tariffs illegal: The Court’s decision that Trump’s earlier tariffs exceeded statutory authority reasserted judicial control over emergency economic powers, even as the administration immediately sought alternative legal hooks for new duties. (2026-03-16)</li>
<li>President Donald Trump imposed new temporary 10% global tariffs under the 1974 Trade Act: After losing at the Supreme Court, Trump quickly reimposed broad tariffs using a different statute, illustrating how executives can pivot among legal authorities to preserve contested economic powers. (2026-03-16)</li>
<li>U.S. Congress and President Donald Trump enacted the Epstein Files Transparency Act mandating DOJ disclosure of case records: The bipartisan Epstein Files law sought to force public release of DOJ investigative records on Epstein, signaling rare cross-party use of statute to pierce secrecy around elite-linked criminal probes. (2026-03-16)</li>
<li>U.S. Department of Justice missed statutory deadlines and allegedly removed Trump-related interviews from Epstein files: DOJ’s failure to meet Epstein disclosure deadlines, coupled with reports that Trump interview pages were stripped from released files, suggested institutional resistance to transparency in cases implicating powerful figures. (2026-03-16)</li>
<li>House Oversight and Government Reform Committee subpoenaed Attorney General Pam Bondi over Epstein files handling: The House Oversight Committee’s subpoena of Bondi for sworn testimony on Epstein records represented a key attempt by Congress to enforce transparency and confront possible DOJ obstruction. (2026-03-17)</li>
<li>Senator Ron Wyden demanded unredacted DEA documents on Jeffrey Epstein and accused DOJ of obstruction: Wyden’s letters and public accusations that Deputy AG Todd Blanche blocked release of unclassified DEA Epstein records highlighted senatorial use of oversight tools to challenge perceived protection of politically connected actors. (2026-03-19)</li>
<li>Senate of the United States voted down a resolution to limit Trump’s war powers against Iran: The Senate’s 53–47 rejection of a measure to restrict Trump’s Iran operations left the president’s de facto war-making authority largely unchecked, underscoring congressional reluctance to reassert constitutional war powers. (2026-03-19)</li>
<li>U.S. Congress failed to fund the Department of Homeland Security, causing a prolonged shutdown: A partisan standoff over immigration enforcement left DHS unfunded for weeks, disrupting TSA operations and pay, and illustrating how budget brinkmanship can degrade core security services and worker protections. (2026-03-16)</li>
<li>Congressional leadership held no substantive public hearings on the costs and strategy of the Iran war: Reports that Congress had not convened cabinet-level public hearings on the Iran war’s costs or objectives showed legislative oversight lagging far behind the scale of executive military action. (2026-03-16)</li>
<li>Senate of the United States voted to begin debate on the restrictive SAVE America voting bill: The Senate’s cloture vote to take up the SAVE America Act advanced legislation that would require documentary proof of citizenship to register, moving federal election law toward stricter access barriers. (2026-03-17)</li>
<li>North Carolina State Board of Elections proposed rules enabling citizenship challenges to registered voters: North Carolina’s draft rules allowing challenges to voters’ citizenship status, mirroring the SAVE Act, would shift administrative burdens onto individuals and invite targeted challenges that can suppress eligible voters. (2026-03-14)</li>
<li>U.S. Department of Justice launched lawsuits and a campaign pressuring states over voter roll maintenance and data access: DOJ’s suits and demands for detailed voter data, framed as enforcing list accuracy, risked aggressive purges and privacy intrusions that could disproportionately remove eligible voters from the rolls. (2026-03-16)</li>
<li>U.S. Department of Homeland Security and ICE faced multiple lawsuits challenging immigration detention and warrantless arrest practices: New suits in Ohio, New Jersey, and Minnesota alleged unlawful warrantless ICE arrests, improper detention facility siting, and restrictions on clergy access, reflecting judicial pushback against expansive enforcement tactics. (2026-03-18)</li>
<li>Federal courts blocked Trump administration efforts to dismantle U.S. Agency for Global Media and Voice of America: Judge Lamberth’s summary judgments and reinstatement orders for over 1,000 VOA staff reversed Kari Lake’s unlawful restructuring, defending statutory safeguards for an independent public broadcaster. (2026-03-17)</li>
<li>Environmental Defense Fund sued Energy Secretary Chris Wright and the Archivist over missing climate-related records: EDF’s Federal Records Act suit alleging DOE officials used personal email for climate rulemaking without proper archiving highlighted risks that politically sensitive environmental decisions escape the official record. (2026-03-17)</li>
<li>State coalitions and local transit agencies filed multiple suits challenging federal funding freezes and climate rollbacks: New cases by Illinois, California, Massachusetts, Oregon, New York, Chicago’s CTA, and others contested HUD fair-housing guidance, EPA’s endangerment reversal, and DOT grant freezes, using courts to resist policy shifts seen as punitive or unlawful. (2026-03-20)</li>
<li>U.S. Department of Health and Human Services under RFK Jr. replaced all members of the Interagency Autism Coordinating Committee with a more anti-vaccine slate: RFK Jr.’s wholesale reshaping of the autism advisory committee, reducing autistic representation and adding anti-vaccine activists, politicized a key science body that guides nearly $2 billion in federal research spending. (2026-03-19)</li>
<li>Trump administration cut State Department energy diplomacy staff, including sanctions-tracking experts: Eliminating the State Department team that liaised with foreign energy sectors and tracked sanctioned tankers weakened institutional capacity to manage energy crises and enforce sanctions coherently. (2026-03-18)</li>
<li>U.S. Department of Justice and FBI leadership pushed out senior counterintelligence executives and fired two agents who then sued: Accounts of FBI leadership purges under Director Kash Patel, and a lawsuit by fired agents alleging political retaliation, pointed to growing politicization of federal law enforcement leadership and weakened internal oversight. (2026-03-15)</li>
<li>Senate Intelligence Committee held a worldwide threats hearing where intelligence leaders avoided contradicting Trump on Iran: At the threats hearing, DNI Tulsi Gabbard and other chiefs gave evasive answers about Iran and Russian intelligence-sharing, underscoring how political pressure can blunt candid intelligence testimony to Congress. (2026-03-20)</li>
<li>Federal courts issued multiple immigration and TPS rulings and appeals affecting Trump policies: New complaints and appellate moves in TPS, SNAP, and asylum-related cases showed courts actively reviewing Trump-era immigration and benefits directives, sometimes enjoining what judges viewed as punitive or unlawful conditions. (2026-03-16)</li>
<li>Trump administration filed a civil-rights lawsuit against Harvard University over campus protests: The federal suit accusing Harvard of violating Jewish and Israeli students’ civil rights by allowing anti-Israel protests leveraged Title VI funding threats against a major university, raising questions about politicized enforcement of civil-rights law. (2026-03-20)</li>
<li>Chicago Transit Authority sued the U.S. Department of Transportation over frozen grants tied to DBE rule changes: CTA’s challenge to DOT’s interim rule altering disadvantaged-business rules and freezing grants alleged overreach and separation-of-powers violations, highlighting how federal funding levers can reshape local equity programs. (2026-03-20)</li>
<li>Center for Biological Diversity sued Interior Secretary Doug Burgum over an Endangered Species Committee meeting: The suit alleging ESA procedural violations in convening the Endangered Species Committee underscored how environmental groups use courts to enforce statutory process against rushed, high-stakes regulatory decisions. (2026-03-18)</li>
<li>Interfaith Center on Corporate Responsibility challenged the SEC’s new no-objection policy on shareholder proposal exclusions: ICCR’s APA suit against the SEC’s hands-off “no-objection” stance on shareholder proposal exclusions argued the agency was abdicating oversight, weakening a key channel for investor accountability over corporations. (2026-03-19)</li>
<li>Senate Finance Committee Ranking Member Ron Wyden introduced legislation to force Treasury to turn over Epstein-related financial records: Wyden’s proposed bill to compel Treasury to release Epstein financial files reflected legislative frustration with executive stonewalling and an attempt to harden transparency obligations in statute. (2026-03-19)</li>
</ol>
<h3>Economic Structure</h3>
<ol>
<li>Iran and regional conflict dynamics disrupted oil flows through the Strait of Hormuz, driving global price spikes: Iranian attacks on shipping and effective closure or control of the Strait of Hormuz sharply raised oil prices and freight costs, exposing how geopolitical conflict can rapidly strain household budgets and global economic stability. (2026-03-14)</li>
<li>Trump administration lifted sanctions on Russian oil shipments temporarily to ease prices: By suspending sanctions on Russian oil despite the Ukraine invasion, the administration prioritized short-term price relief over coordinated democratic pressure, signaling willingness to trade accountability for economic stabilization. (2026-03-14)</li>
<li>Trump administration considered or signaled willingness to remove sanctions on Iranian oil amid war: Treasury discussions about releasing Iranian oil to tame $120-per-barrel prices, even as strikes hit Iranian energy infrastructure, illustrated contradictory use of sanctions as both coercive and market-management tools. (2026-03-19)</li>
<li>White House economic officials downplayed the Iran war’s impact on U.S. consumers despite clear price pressures: Economic adviser Kevin Hassett’s assurances that the Iran war would not significantly hurt the U.S. economy, despite rising fuel costs, reflected political incentives to minimize visible economic fallout from foreign policy choices. (2026-03-16)</li>
<li>Sergey Brin and allied tech billionaires poured tens of millions into blocking a California billionaire tax initiative: Brin’s $45 million and other elite donations to defeat a one-time wealth tax for education and social programs showed how concentrated wealth can shape state tax policy and constrain redistributive reforms. (2026-03-18)</li>
<li>Jared Kushner sought $5 billion from foreign sovereign funds for his private equity firm while in office: Kushner’s fundraising from Saudi, Qatari, and Emirati funds while serving as Special Envoy for Peace exemplified how senior officials can leverage public roles for private capital, blurring diplomacy and personal gain. (2026-03-16)</li>
<li>Trump administration decommissioned mine countermeasure ships without effective replacements, weakening Hormuz security: Retiring specialized minesweepers in Bahrain and relying on unreliable new systems left vital shipping lanes more vulnerable to Iranian mines, contributing to an avoidable economic shock when conflict escalated. (2026-03-17)</li>
<li>Airlines and aviation sector warned of potential flight cancellations due to jet fuel shortages: Airlines’ alerts about jet fuel shortages linked to Hormuz disruptions highlighted how energy shocks can cascade into travel and supply-chain interruptions, with broad economic and social effects. (2026-03-19)</li>
<li>Meidas and macroeconomic analysts reported rising wholesale inflation and national debt surpassing $39 trillion: Data showing persistent wholesale inflation and a rapidly growing national debt, partly driven by war spending, underscored how fiscal choices and conflict can erode economic resilience and future policy space. (2026-03-19)</li>
<li>Sergey Brin and other donors used large political contributions to influence California’s tax ballot process: Massive elite spending to shape a still-pending California wealth-tax ballot measure illustrated how direct democracy mechanisms can be steered by those with the resources to dominate campaign messaging. (2026-03-18)</li>
<li>Congressional Republicans struggled to assemble funding for the Iran war as projected costs soared: Republicans’ difficulty securing hundreds of billions for the Iran war highlighted the fiscal strain of open-ended conflicts and the political challenge of aligning budget priorities with expansive military aims. (2026-03-19)</li>
<li>California prosecutors and state justice system filed nearly 20,000 felony drug-possession cases under Prop 36 with minimal treatment: California’s harsh Prop 36 implementation, emphasizing incarceration over promised treatment and showing racial disparities, used criminal law to manage addiction in ways that deepen inequality and strain communities. (2026-03-18)</li>
<li>USAID leadership conducted a reduction in force alleged to target older foreign service officers: Former USAID officers’ age-discrimination suit over a mass RIF suggested workforce restructuring was used to sideline experienced staff, weakening institutional memory and protections for older workers. (2026-03-18)</li>
<li>Sergey Brin and allied elites mobilized wealth to oppose redistributive taxation while war costs mounted: Elite resistance to a billionaire tax, juxtaposed with soaring war expenditures and debt, underscored a political economy where concentrated wealth can block revenue measures even as public burdens grow. (2026-03-18)</li>
</ol>
<h3>Civil Rights and Dissent</h3>
<ol>
<li>Miami-Dade Sheriff’s Office dramatically expanded its 287(g) designated immigration officers and civil arrest powers: Miami-Dade’s tripling of deputies deputized for federal immigration enforcement integrated civil immigration checks into routine policing, heightening risks of profiling and chilling immigrant communities’ engagement with local government. (2026-03-14)</li>
<li>ICE and DHS wrongfully detained and deported asylum seekers and TPS holders in defiance of legal protections: Court testimony and rulings revealing wrongful deportations, unlawful detention of an Ecuadorian asylum seeker, and challenges to Yemen TPS termination showed immigration agencies flouting settlements and due-process norms. (2026-03-19)</li>
<li>ICE and detention facilities held activists, students, and families for prolonged periods under harsh conditions: Cases involving Leqaa Kordia, Dylan Lopez Contreras, a Canadian mother and autistic child, and a detained journalist highlighted how immigration detention is used against activists and students, often despite court orders or valid visas. (2026-03-18)</li>
<li>ICE and Glades County Detention Center oversaw conditions under which a 19-year-old detainee died, apparently by suicide: The death of 19-year-old Royer Perez-Jimenez in ICE custody underscored persistent failures to safeguard detainees’ mental health and raised questions about accountability for deaths in immigration detention. (2026-03-19)</li>
<li>Trump administration deported parents without their children in violation of its own directive: A report documenting parents removed to Honduras without being asked about their children showed the administration disregarding its Detained Parents Directive, inflicting traumatic family separations as a byproduct of enforcement. (2026-03-19)</li>
<li>California Highway Patrol and prosecutors charged an officer with murder for a high-speed crash that killed four civilians: Charging a CHP officer with second-degree murder for reckless driving that caused multiple deaths signaled rare criminal accountability for law enforcement misconduct on duty. (2026-03-16)</li>
<li>Los Angeles Police Department allegedly blinded a protester with a projectile at an anti-ICE demonstration: A $100 million claim alleging LAPD violated a court order on “less-lethal” munitions by firing a projectile that blinded a protester highlighted ongoing risks to bodily integrity during immigration-related protests. (2026-03-20)</li>
<li>U.S. Department of Justice charged a veteran protester with federal conspiracy for blocking an ICE transport: The federal conspiracy case against veteran Bajun Mavalwalla for a protest blocking ICE vans raised concerns that heavy federal charges are being used to deter direct action in defense of immigrants. (2026-03-20)</li>
<li>New York federal prosecutors filed terrorism charges against teens over an attempted bombing at the mayor’s home: Charging two teenagers with terrorism offenses for throwing explosive devices during a protest near the New York mayor’s home illustrated how protest-adjacent violence can be framed as terrorism, with decades-long penalties. (2026-03-15)</li>
<li>Federal courts issued rulings affirming pro-Palestinian campus speech as constitutionally protected: Court decisions rejecting some antisemitism claims against universities and upholding common pro-Palestinian speech as protected expression reinforced First Amendment limits on efforts to criminalize or suppress such advocacy. (2026-03-19)</li>
<li>Trump administration filed a civil-rights lawsuit against Harvard over anti-Israel protests on campus: The federal suit accusing Harvard of civil-rights violations for allowing anti-Israel protests threatened billions in funding and risked pressuring universities to curb controversial political speech to avoid sanctions. (2026-03-20)</li>
<li>New Jersey congresswoman introduced a bill to restrict ICE enforcement near World Cup venues: The proposal to bar federal funds for immigration enforcement within a mile of World Cup events sought to shield fans and local communities from high-profile raids, balancing security with civil-rights and reputational concerns. (2026-03-19)</li>
<li>Indivisible and allied groups organized medic trainings, town halls, and protests against the Iran war and ICE expansion: Grassroots groups offering protest medic training, hosting a “No Kings” town hall, and staging weekly anti-ICE demonstrations in North Carolina strengthened civil society’s capacity to sustain nonviolent dissent. (2026-03-14)</li>
<li>Trump administration and DHS expanded local-federal immigration enforcement and detention despite judicial criticism: The combination of 287(g) expansion, new large-scale detention plans in New Jersey, and harsh enforcement against activists and students showed immigration tools being used aggressively despite mounting legal and political pushback. (2026-03-18)</li>
<li>Trump administration and RFK Jr. attempted to restrict gender-affirming care and reframe it as unsafe: RFK Jr.’s declaration labeling gender-affirming care unsafe for youth, later struck down, exemplified efforts to curtail LGBTQ+ healthcare rights through executive fiat rather than legislative debate. (2026-03-20)</li>
<li>Trump administration and state actors pursued policies and rhetoric stratifying citizenship by origin and ideology: From Yemen TPS termination and harsh asylum denials to Trump’s racist attacks on Ilhan Omar and crackdowns on pro-Palestine activism, policy and rhetoric increasingly treated some residents as less entitled to rights and belonging. (2026-03-19)</li>
</ol>
<h3>Information, Memory and Manipulation</h3>
<ol>
<li>FCC Chair Brendan Carr and President Donald Trump threatened broadcasters with license revocation over alleged “fake news” on the Iran war: Carr’s warnings that stations could lose licenses for “hoaxes and news distortions,” amplified and praised by Trump, used regulatory power to intimidate critical war coverage and chill independent broadcast journalism. (2026-03-16)</li>
<li>President Donald Trump attacked mainstream media as wanting the U.S. to lose the Iran war: By accusing major outlets of rooting for U.S. defeat, Trump framed critical reporting as disloyal, undermining trust in independent journalism and casting dissenting narratives as unpatriotic. (2026-03-16)</li>
<li>President Donald Trump berated an ABC News reporter and cut off questions from the network: Trump’s public shushing and insults toward an ABC reporter aboard Air Force One, followed by refusing further questions, exemplified personalized efforts to marginalize critical outlets from access to presidential information. (2026-03-15)</li>
<li>Tucker Carlson claimed without evidence that the CIA was preparing a criminal referral against him: Carlson’s unsupported allegation that the CIA was targeting him as a foreign agent blurred lines between legitimate surveillance concerns and conspiratorial rhetoric, complicating public understanding of intelligence oversight. (2026-03-16)</li>
<li>FBI Director Kash Patel admitted the FBI purchases Americans’ location data from brokers without warrants: Patel’s testimony that the FBI buys commercial location data to bypass warrant requirements exposed a major surveillance loophole, raising constitutional concerns about mass tracking outside traditional judicial oversight. (2026-03-18)</li>
<li>FBI Director Kash Patel warned of a Russian cyber campaign compromising encrypted messaging apps: The FBI’s alert that Russian intelligence was hacking accounts on apps like Signal underscored how foreign actors can infiltrate private communications of officials, journalists, and activists, threatening secure democratic discourse. (2026-03-19)</li>
<li>Department of Homeland Security funded AI surveillance projects expanding data-collection capabilities: Records showing DHS investing heavily in AI-based surveillance partnerships highlighted a shift toward algorithmic monitoring tools that can be repurposed for broad population tracking with limited transparency. (2026-03-15)</li>
<li>Trump administration and DOJ leadership obstructed or delayed release of Epstein-related investigative documents: DOJ’s blocking of a 69-page Epstein money-laundering memo and alleged removal of Trump interview pages from released files suggested deliberate curation of the historical record to shield elites from scrutiny. (2026-03-18)</li>
<li>Senator Ron Wyden and whistleblowers exposed attempts to withhold unclassified Epstein and DEA records from Congress: Wyden’s letters and a whistleblower’s claims about blocked DEA documents highlighted how internal resistance and political ties can be used to keep unclassified but sensitive information away from legislative oversight and the public. (2026-03-19)</li>
<li>Director of National Intelligence Tulsi Gabbard omitted written testimony stating Iran lacked nuclear enrichment after U.S. strikes: Gabbard’s removal of a line acknowledging Iran had no enrichment capability after bombing undercut the administration’s imminent-nuclear-threat narrative, suggesting intelligence was being edited to sustain war justifications. (2026-03-19)</li>
<li>Trump administration faced a whistleblower complaint over removal of restricted citizen data from government systems: A complaint that a former Department of Government Efficiency employee took sensitive databases containing Social Security numbers to share with a contractor raised alarms about misuse of state-held personal data. (2026-03-20)</li>
<li>Kai Schwemmer and College Republicans of America amplified bigoted and extremist content through social media and youth organizing: Schwemmer’s appointment as CRA political director despite a record of racist, antisemitic, and homophobic posts showed how extremist narratives can gain institutional footholds in partisan youth networks. (2026-03-18)</li>
<li>Trump administration and allied media coordinated war messaging that minimized setbacks and economic harm: Statements by Trump, Hegseth, and economic advisers insisting the Strait was open and the economy unharmed, despite evidence to the contrary, reflected a broader strategy of managing perceptions rather than acknowledging costs. (2026-03-18)</li>
<li>Democracy Docket and researchers analyzed DOJ voter-roll actions and SAVE Act as threats to voting access: Analyses explaining how DOJ’s voter-roll lawsuits and the SAVE Act could suppress eligible voters provided counter-narratives to official “integrity” framing, helping the public understand structural risks to participation. (2026-03-17)</li>
<li>Noahpinion and academic researchers reported on AI fact-checking tools that can improve belief accuracy on social media: A study showing AI systems like Grok and Perplexity can nudge users toward more accurate beliefs suggested a potential technological counterweight to disinformation in online political discourse. (2026-03-19)</li>
<li>Arizona state government canceled Cesar Chavez Day as a state holiday after abuse allegations: Arizona’s decision to drop Cesar Chavez Day in response to posthumous abuse allegations showed how official commemorations can be rapidly revised, reshaping public memory of historical figures and movements. (2026-03-18)</li>
<li>Trump administration and RFK Jr. reshaped scientific advisory bodies in ways that promote fringe views: RFK Jr.’s overhaul of the autism committee and earlier ACIP changes, later invalidated, illustrated how executive control over advisory appointments can be used to elevate pseudoscience and undermine evidence-based policy. (2026-03-19)</li>
<li>Trump administration and DOJ managed overlapping crises and secrecy in ways that fragmented public focus: Simultaneous escalation in Iran, tariff whiplash, DHS shutdown, and opaque Epstein file handling created a dense crisis environment that made it harder for the public and Congress to track any single abuse. (2026-03-19)</li>
<li>Popular Information and other outlets documented planning failures and misleading narratives around the Strait of Hormuz crisis: Investigations into decommissioned minesweepers, nonexistent tanker escorts, and misrepresented intelligence about Iran’s nuclear capacity provided a factual counterweight to official claims about preparedness and threat. (2026-03-17)</li>
<li>Trump administration and DOJ used selective disclosure and redaction to shape the historical record of elite misconduct: From partial Epstein file releases to blocked DEA memos and alleged removal of Trump-related interviews, the administration’s handling of records showed how state archives can be curated to protect powerful networks. (2026-03-18)</li>
</ol>
","The clock stayed at 8:13 p.m. as war, emergency powers, immigration enforcement, and voting rules were woven into a denser architecture of unchecked executive authority and stratified citizenship, with courts offering limited resistance."
"","Week 62: Emergency As Standing Policy","<!-- Generated by build_publish_week_v1 (WordPress narrative HTML) -->

<blockquote class=""dc-subtitle""><em>War in Iran, a weaponized shutdown at home, and a coordinated squeeze on voting and citizenship turned crisis into the default mode of governance.</em></blockquote>

<p>The sixty-second week of Trump’s second term unfolded as a study in layered strain rather than a single break. War abroad, shutdown at home, and a grinding fight over who counts as a voter and a citizen all moved forward at once. Each domain had its own logic and actors, yet together they described a government that treated crisis as a standing condition and used it to redraw the lines of power. The pattern was not new. What changed was the confidence with which it was applied and the breadth of systems it now touched.</p>
<p>At the close of the previous period, the Democracy Clock stood at 8:13 p.m. By the end of this week, it remained at 8:13 p.m., a net change of zero minutes. The stillness in the measure did not reflect calm. It reflected offsetting forces: deepening unilateral war-making, voter restriction, and stratified citizenship on one side, and pockets of institutional and civic resistance on the other. The balance held, but only because courts, states, and civil society absorbed more strain to counter moves that, left unchecked, would have pushed the clock forward.</p>
<p>The week’s central axis was the Iran war, now plainly an executive project. Early in the period, reports surfaced that the administration had weighed an assault on Iran’s Kharg Island and prepared thousands of Marines for deployment. These were not contingency plans in a distant file. They were active options, readied by the Pentagon under presidential direction. Trump then publicly threatened to “obliterate” Iranian power plants if the Strait of Hormuz was not reopened, signaling a willingness to target civilian infrastructure in service of coercive aims. The language was blunt. The chain of authority was short.</p>
<p>As the days passed, the president announced and then extended pauses of planned bombing campaigns, claiming negotiations with Tehran that Iranian officials denied. Each pause and claimed breakthrough moved markets and shaped public expectations, yet none passed through the formal channels that usually accompany war and peace. Behind the announcements, the Pentagon deployed and prepared to deploy large Army and Marine units to the region, deepening U.S. entanglement without new authorization. By week’s end, Trump described the Iran campaign as a “military operation” and a success, even as he acknowledged that Congress had not approved it. Hostilities of that scale were treated as a matter of presidential discretion.</p>
<p>Foreign influence threaded through these decisions. Saudi Crown Prince Mohammed bin Salman lobbied Trump to continue and expand the war, pressing for strikes that looked less like self-defense and more like regime change. Israeli leaders also urged escalation. At the same time, Saudi funds flowed into Jared Kushner’s investment firm and a Trump-branded development, tying the president’s family finances to a monarchy with a direct stake in Iran’s fate. When Trump launched strikes on Iran at the urging of these leaders, without an imminent threat finding, it underscored how personal relationships and foreign interests could shape U.S. war decisions more than institutional checks.</p>
<p>Congress appeared in this story mostly as a frustrated observer. Republican leaders refused to hold hearings that might scrutinize the war’s justification, choosing instead to back the president and avoid public oversight. Senate Democrats tried to require congressional authorization for continued operations, but their efforts failed. Members in both chambers sought more detailed briefings on strategy, costs, and objectives, only to receive vague presentations that left nearly $30 billion in war spending and major shifts in alliance priorities largely unexplained. The constitutional allocation of war powers remained on paper. In practice, the presidency acted first and informed later, if at all.</p>
<p>The conflict in the Gulf was not only a military affair. It became an economic shock tool. Iran closed the Strait of Hormuz and imposed tolls on ships, disrupting a key route for global oil and liquefied natural gas. Iraq declared force majeure on foreign-operated oilfields, unable to fulfill contracts because exports could not move. Fuel shortages and price spikes rippled outward. In parts of Asia, governments ordered work-from-home arrangements, shortened workweeks, and early university closures to conserve fuel. A distant strait became a lever on daily life for millions.</p>
<p>The Trump administration responded by easing sanctions in ways that blended war policy with market management. Treasury and the White House lifted or waived sanctions on roughly 140 million barrels of Iranian oil already at sea, allowing it to reach market to lower prices even as U.S. forces fought Iranian targets. Sanctions on Belarus were relaxed to secure fertilizer imports, trading away human-rights leverage for short-term economic relief. At home, the U.S. Postal Service prepared an eight percent fuel surcharge on packages, passing war-driven costs to households and small businesses. The executive branch thus used sanctions relief and emergency surcharges to manage the fallout, with little visible legislative input, while the burdens of geopolitical risk settled on ordinary people.</p>
<p>If war abroad showed one face of emergency governance, the prolonged shutdown of the Department of Homeland Security showed another. For weeks, Congress failed to agree on DHS funding. Seven Senate votes collapsed amid disputes over immigration enforcement and voting provisions. A Senate-passed package that omitted ICE funding stalled when House Republicans refused to take it up, preferring alternative plans that preserved leverage. The result was a partially unfunded security department, unpaid workers, and mounting operational strain.</p>
<p>Into that vacuum stepped the president and his preferred enforcement arm. Trump threatened to deploy Immigration and Customs Enforcement agents to airports to backfill unpaid Transportation Security Administration staff, then followed through. ICE officers in tactical gear appeared in civilian terminals, performing screening functions that had long been the domain of specialized, non-immigration personnel. The move turned immigration enforcement into a visible political tool in everyday public space, blurring the line between border policing and routine security to pressure Congress. Hearings in the House documented the human cost: TSA workers struggling without pay, ICE transfers to airports, and poor conditions in detention centers. The stories were concrete. The strain was visible.</p>
<p>As the shutdown dragged on, Trump issued an executive order directing DHS to pay TSA agents despite the funding lapse. The order relieved immediate hardship but did so by improvising around appropriations rules, reinforcing the idea that the president could patch over legislative failure with ad hoc decrees. At the same time, the Senate confirmed a loyal Trump ally, Markwayne Mullin, as Secretary of Homeland Security, placing a political confidant atop a vast security bureaucracy in the midst of a shutdown and immigration crackdown. Civil service roles that had once rested on professional norms were now shaped by partisan loyalty and emergency workarounds.</p>
<p>The fight over who would be screened at airports and who would be paid for it ran parallel to a broader campaign over who would be allowed to vote. Trump and his allies pushed the SAVE America Act, which tied DHS funding to strict proof-of-citizenship requirements and new voter ID rules. Senate Republicans explored using budget reconciliation to finance ICE and embed SAVE provisions, a way to bypass the filibuster and enact contentious voting changes with a bare majority. Trump publicly urged elimination of the filibuster to speed this agenda, framing it as necessary to secure the border and elections. The linkage was explicit. The stakes were high.</p>
<p>In the courts, the Republican National Committee pursued its own flank. It filed a lawsuit seeking stricter verification and counting rules for mail ballots, aiming to make it harder for such votes to be included. The Supreme Court agreed to review a challenge to Mississippi’s deadline for counting mail-in ballots that arrive after election day, a case with implications for close races and voter confidence. At the local level, a county sheriff in California seized and initiated recounts of more than 650,000 ballots from a prior election based on disputed fraud claims, blurring law-enforcement and electoral roles and risking public trust in neutral administration.</p>
<p>The executive branch prepared to go further still. Trump called for “nationalizing” aspects of voting, challenging the long-standing state-led structure of U.S. elections. A draft executive order under consideration would end machine and mail voting, require all voters to re-register with proof of citizenship, and mandate hand counts. Such an order would centralize sweeping changes to election rules in the presidency, bypassing legislatures and state officials. Civil-society groups like Democracy Docket tracked these moves and the related litigation, providing analysis that made the pattern visible: under the banner of “integrity,” the system was being reengineered to narrow the electorate and shift control of election machinery toward the executive and a partisan majority.</p>
<p>Immigration policy was another arena where lines between law, enforcement, and rights were redrawn. ICE and DHS expanded aggressive operations, including high-profile arrests at airports and intensified crackdowns in Minnesota. A legally documented Canadian mother and her child were detained in harsh conditions and pressured to self-deport. New rules tightened commercial driver’s license requirements for immigrants, stripping or threatening licenses for thousands of noncitizen truckers, including refugees, by imposing English and status conditions that many could not meet. These measures restricted access to work and mobility for disfavored groups.</p>
<p>Behind the scenes, ICE and Justice Department lawyers used false or misleading legal justifications to detain immigrants at courthouses. Internal memos were misrepresented to suggest broader authority for arrests than they actually conferred. A federal judge issued a preservation order for related communications, signaling concern about misuse of legal authority against people seeking lawful status. At the same time, advocates and detainees’ families testified before Congress about inhumane conditions at facilities like Stewart detention center, describing neglect and inadequate care for disabled detainees. The testimony gave human shape to what might otherwise have remained an abstract enforcement debate.</p>
<p>States, localities, and civil-rights groups responded with a wave of litigation. Michigan and the city of Romulus sued DHS over plans to convert a warehouse into a 500-bed detention center, raising environmental, procedural, and cooperative-governance objections. Minnesota and allied plaintiffs sued DOJ and DHS for withholding evidence in shootings by federal officers during “Operation Metro Surge,” seeking records needed to investigate potential misconduct. Class actions challenged detention and deportation of trafficking and domestic-violence survivors, alleging violations of the Trafficking Victims Protection Act. Individual suits, such as a Venezuelan immigrant’s claim of unconstitutional deportation and mistreatment, alleged systemic abuses in high-level enforcement decisions.</p>
<p>Courts provided important, if case-specific, protections. Judges blocked a policy to detain refugees lacking green cards, ordered the return of a deported DACA recipient, and temporarily halted immigrant license restrictions. A preliminary injunction in Minnesota required free, private phone access and expanded visitation for detainees, strengthening practical access to counsel. These rulings did not dismantle the enforcement apparatus, but they showed that legal protections for migrants, workers, and trafficking survivors still had force when brought before a judge. The result was a stratified citizenship regime contested in real time: harsher treatment for certain nationalities and statuses, checked at the margins by litigation and injunctions.</p>
<p>Law and security institutions more broadly were pulled toward partisan and ideological loyalty. Trump publicly demanded that the Attorney General pursue legal action against his political opponents, signaling an expectation that federal law enforcement serve presidential retribution rather than neutral justice. He labeled Democratic lawmakers’ comments about unlawful military orders as “seditious behavior, punishable by death,” recasting constitutional oversight as treason. The rhetoric raised the personal cost of dissent for elected officials and normalized the idea that opposition could be treated as a capital crime.</p>
<p>Personnel choices reinforced this tilt. The confirmation of Markwayne Mullin at DHS placed a loyalist in charge of a department central to immigration, election security, and domestic enforcement. At the Pentagon, Defense Secretary Pete Hegseth overruled Army leaders to block promotions of four officers—two Black and two women—from a general-officer list, suggesting that ideological or demographic criteria now influenced advancement into the flag ranks. Hegseth also announced changes to the military chaplain corps, reducing religious affiliation codes while replacing rank insignia with religious symbols on uniforms, injecting explicit faith signaling into military structures. In public health, the Centers for Disease Control and Prevention operated without a Senate-confirmed director, and a court voided an unlawfully appointed vaccine advisory panel, concentrating vaccine policy authority in a political appointee. The Senate’s stalled confirmation of a Surgeon General nominee left another key role unfilled.</p>
<p>Security vulnerabilities intersected with this politicization. A foreign-linked group hacked and published personal emails of FBI Director Kash Patel, exposing personal and work correspondence. The breach underscored how senior officials’ communications could be exploited in information operations at the very moment when the bureau’s neutrality was under question. In such an environment, the alignment of law enforcement and security forces with regime interests did not require formal decrees. It emerged from rhetoric, appointments, promotion decisions, and the selective pursuit or neglect of investigations.</p>
<p>Money and policy moved together in ways that blurred the line between governance and private gain. HealthEquity, a health-finance firm, made an unprecedented $1 million contribution to a Trump-aligned super PAC. Soon after, the administration expanded eligibility for Health Savings Accounts in ways that primarily benefited higher-income users, and the company advocated further changes to allow premium payments and higher contribution limits. The sequence illustrated how large donations could align with tax and health-policy shifts that favored donors, reinforcing a pay-to-play channel for corporate actors seeking bespoke regulatory outcomes.</p>
<p>In energy and climate policy, the administration paid nearly $1 billion to buy back offshore wind leases from TotalEnergies, steering the company toward U.S. oil and gas investment instead. The move redirected public funds from renewables to fossil fuels, privileging incumbent energy interests. California sued the Energy Department over its use of Defense Production Act authority to restart an offshore oil pipeline, arguing that the federal government was bypassing state law and court settlements under the guise of emergency economic powers. The case tested whether courts would check the use of national-security tools to advance industry goals.</p>
<p>Foreign financial ties deepened the entanglement of private and public interests. Saudi investments in Kushner’s firm and a Trump Organization project created direct economic links between a foreign monarchy and the president’s family businesses. At the same time, Saudi leaders lobbied for a more aggressive Iran campaign. Policy on war and regional alignment thus tracked the preferences of a government that was also a major investor in Trump-world. Executive orders added further layers: one restricted certain diversity, equity, and inclusion practices by federal contractors, chilling race-conscious equity programs in the private sector; another directed federal agencies to challenge state AI regulations seen as burdensome to innovation, asserting federal preemption in ways that weakened state-level protections against algorithmic discrimination and worker harms. State legislatures in Colorado and Texas adjusted their own AI discrimination laws, sometimes delaying or narrowing protections, while DHS immigration fee policies affected the ability of firms like Anthropic to recruit specialized workers. Across domains, business-aligned governance became the norm.</p>
<p>Information itself was a contested field. The White House used edited videos of military strikes as entertainment-style public messaging, packaging real combat footage as game-like content to promote the Iran war. Trump received war briefings as short highlight reels of successful strikes rather than full intelligence assessments, suggesting that internal information flows were curated to reinforce favorable narratives. He falsely announced negotiations with Iran that did not exist, coinciding with heavy trading in futures and massive swings in equities and oil prices. Suspicious prediction-market activity around ceasefire bets raised concerns that insiders might be monetizing privileged national-security information.</p>
<p>Institutional control over records and data tightened in selective ways. The FBI seized 700 boxes of 2020 election documents from Fulton County under a warrant whose supporting affidavit was alleged to contain misrepresentations, concentrating control of crucial electoral archives in federal hands. DOJ inadvertently disclosed an FBI memo about Trump’s classified documents to Congress, raising questions about how sensitive information was handled and who decided what lawmakers could see. In the Epstein case, a bipartisan law required DOJ to release files, and large disclosures followed, but a class action alleged that the department violated the Privacy Act by exposing survivors’ identities, while Google continued to index the unredacted records. The episode highlighted how transparency, victim protection, and data-handling practices could come into conflict.</p>
<p>Other agencies adjusted their data systems in quieter ways. EPA modified its acquisition records to allow sharing with Treasury for fraud detection, expanding inter-agency data flows with implications for privacy and oversight. It rescinded a grants management system as a Privacy Act system of records, changing how grant data were categorized and accessed. Notices of environmental impact statements for major projects maintained some transparency around high-impact decisions, even as other parts of the state grew more opaque. The CDC, under court order, canceled a key immunization advisory committee meeting, delaying expert guidance on vaccines and illustrating how litigation over advisory bodies could disrupt public-health information flows. At the same time, AI industry leaders emphasized existential risks and funded regulation and safety initiatives, shaping public and policymaker perceptions of the technology and steering regulatory agendas.</p>
<p>Beneath and around these moves, a struggle over national symbols and memory continued. Trump installed a reconstructed Christopher Columbus statue on White House grounds, resurrecting a monument destroyed during anti-racism protests and signaling an official endorsement of a contested figure. He announced architectural plans for central Washington—a massive ballroom, a grand arch, and the replacement of historic pavers with black granite—using control over the capital’s built environment to project a personalized aesthetic of grandeur. He decided that his signature would replace the treasurer’s on U.S. paper currency, embedding his name in a core national symbol that passes through every hand.</p>
<p>Rhetoric and ritual reinforced this personalization. Trump described Democrats as America’s “greatest enemy,” casting the opposition party as an existential threat rather than a legitimate alternative. The White House and House Speaker created and awarded a new “America First” prize to Trump at a party fundraiser, blurring lines between institutional leadership and personal loyalty ceremonies. At the same time, he celebrated the death of Robert Mueller on social media and attacked his legacy, sending a message that those who scrutinize presidential conduct could expect vilification even after their work ended. These choices curated memory: which figures were honored, which were vilified, and which stories were centered in the national narrative.</p>
<p>Yet the week also recorded counter-mobilization. Organizers prepared “No Kings” protests at more than 3,000 locations, a broad-based civic effort to oppose authoritarian drift and defend democratic norms. Courts and activists contested rights rollbacks in other arenas. A Georgia case in which a woman was charged with murder for using abortion pills under a heartbeat law drew judicial skepticism and minimal bail, illustrating both the harsh reach and contested legitimacy of new abortion regimes. A professor sued Texas State University, alleging his contract was terminated for off-campus political speech about Israel–Palestine, raising concerns about academic freedom. A class action over Epstein survivors’ privacy sought to enforce limits on how the state and platforms handle sensitive data. In North Carolina, a state board postponed action on a criticized voter-suppression bill after heavy public comment, showing that civic engagement could slow restrictive measures. The Army, facing recruitment pressures from ongoing conflicts, raised the maximum enlistment age and relaxed marijuana-related restrictions, modestly broadening access to a key public institution.</p>
<p>These acts of resistance did not reverse the week’s structural shifts, but they mattered for the clock. They absorbed some of the pressure generated by unilateral war-making, shutdown governance, voter restriction, and stratified citizenship. They kept certain lines from being crossed outright, or at least delayed their crossing. The result was a period in which the formal measure of democratic erosion did not move, even as the underlying contest over power, law, and memory intensified.</p>
<p>The week thus sits in the term’s larger arc as a moment of consolidation rather than rupture. Executive war powers were exercised as a matter of course. Emergency-style governance at home became a tool in ordinary policy fights. Law and security institutions bent further toward loyalty, while money and foreign influence threaded through health, energy, and Middle East decisions. At the same time, courts, states, and civil society showed that resistance remained possible, though often reactive and piecemeal. The equilibrium that kept the clock from advancing was fragile. It depended on institutions and citizens willing to bear higher costs to preserve boundaries that, in healthier times, would not have needed such defense.</p>
","The clock stayed at 8:13 p.m. as unilateral war-making, shutdown governance, voter restriction, and stratified citizenship advanced, offset by courts, states, and mass civic resistance straining to hold the line.","2026-03-29 17:42:01","post","","https://thedemocracyclock.com/wp-content/uploads/week62-narrative-featured.jpg","week62-narrative-featured.jpg","","","","","","","https://thedemocracyclock.com/wp-content/uploads/week62-narrative-featured.jpg","https://thedemocracyclock.com/wp-content/uploads/week62-narrative-featured.jpg","Week","","publish","","","","","","","","","","","","","","","1","62","20260321","20260327","March 21 - 27, 2026","493.2","493.2","0","8:13 p.m.","8:13 p.m.","Democratic Breakdown","Systemic failures; elections, courts, or rights no longer reliably constrain power.","This was an acute-crisis week in which an already fragile constitutional order was stressed on multiple fronts. The Iran war and related regional escalation dominated, with the president openly threatening strikes on civilian infrastructure, deploying and surging troops without authorization, and acknowledging a “military operation” in Iran absent congressional approval. That conduct, combined with Republicans’ refusal to exercise war oversight and massive off‑books war spending, drove severe pressure on executive constraint, separation of powers, and emergency normalization. Domestically, the DHS shutdown and ICE-at-airports experiment exposed how core public services can be held hostage to immigration and voter‑suppression demands, while TSA workers and other civil servants absorbed the costs. Parallel moves to advance the SAVE Act, data‑sharing of voter rolls with DHS, and even a draft executive order to effectively nationalize and constrict voting marked a coordinated attempt to reengineer electoral access under the banner of “integrity.” Law enforcement and courts were heavily politicized: selective prosecutions, settlements for Trump allies, aggressive ballot seizures, and FBI/ICE abuses contrasted with important but reactive judicial pushback. Symbolic personalization of the state—from Trump’s signature on currency to Columbus statuary and architectural remakes—reinforced a leader‑centric, revisionist narrative amid widening global and domestic instability.","The Democracy Clock held steady at 8:13 p.m., with zero minutes of net movement (493.2 minutes before and after). That apparent stillness masks offsetting forces: significant erosion in war powers, voting access, and citizenship protections, counterbalanced by targeted court rulings, state lawsuits, and mass civic mobilization that temporarily kept further democratic slippage in check.","Net grand-total delta was 0.0 points, consistent with the Democracy Clock remaining at 493.2 minutes (8:13 p.m.) despite substantial underlying churn.
Thirty-six traits registered nonzero movement this week, reflecting broad but offsetting shifts across executive power, elections, rights, and patronage.","False","This week saw a continuation and deepening of previously established patterns of democratic erosion, with significant breaches in character, ethics, restraint, truthfulness, and good faith. The consolidation of executive power and manipulation of democratic processes persisted, while stewardship remained largely unaddressed.","Quantitatively, the system held its ground, but only because courts, states, and civil society absorbed intensified pressure from unilateral war-making, shutdown leverage, voter restriction, and stratified citizenship. The equilibrium is fragile and increasingly dependent on reactive, high-cost forms of resistance.","36","128","1868-07-28, 2023-06-30, 2025-11-19, 2026-03-20, 2026-03-21, 2026-03-22, 2026-03-23, 2026-03-24, 2026-03-25, 2026-03-26, 2026-03-27, 50501, 8:13 p.m., A baseless claim of talks to end the Iran war, coinciding with heavy trading in futures, showed how presidential disinformation can distort markets and public understanding of foreign policy., A bipartisan law requiring DOJ to disclose Epstein files, and subsequent large releases, represented a rare instance of coordinated legislative-executive action to increase transparency in a politically sensitive case., A class action alleging DOJ Privacy Act violations for exposing Epstein survivors’ identities, and Google’s continued indexing, highlighted tensions between transparency, victim protection, and data-handling practices., A class action alleging unlawful disclosure and continued indexing of survivors’ personal data highlighted the risks of government and platform mishandling of sensitive information in high-profile cases., A county sheriff’s seizure and recount of over 650,000 ballots based on disputed fraud claims blurred law-enforcement and electoral roles, risking public trust in neutral vote administration., A court order forcing the federal government to restart over $2 billion in transit grants after an allegedly arbitrary rule change showed judicial willingness to check selective enforcement of civil-rights-related funding rules., A court order requiring free, private phone access and expanded visitation for immigration detainees in Minnesota strengthened practical protections for legal representation in removal proceedings., A damages suit claiming unlawful deportation, imprisonment, and due-process violations for a Venezuelan immigrant spotlighted alleged systemic abuses in high-level immigration enforcement decisions., A draft executive order to end machine and mail voting, require re-registration with citizenship proof, and mandate hand counts would centralize sweeping changes to election administration in the presidency, bypassing normal legislative processes., A foreign-linked hack of the FBI director’s personal email exposed personal and work correspondence, underscoring vulnerabilities in senior officials’ communications and the potential for information operations., A professor’s suit claiming his contract was terminated for political speech about Israel–Palestine raised concerns about academic freedom and viewpoint discrimination in public higher education., A proposed moratorium on AI datacenters until environmental and labor impacts are addressed linked emerging technology infrastructure to climate justice and economic equity concerns., A temporary fuel surcharge on mail services tied to war-driven oil prices showed how international conflict costs are passed to households and small businesses through higher basic service fees., AI industry leaders and firms, Abeyance orders, TRO denials, clarifications, and stays in cases involving labor contracts, immigration, and DHS rules illustrated courts’ ongoing but often slow role in mediating disputes over executive actions., Accounts of neglect and inadequate care for disabled detainees at Stewart detention center highlighted human-rights concerns in immigration custody and fueled calls for oversight., Allowing procurement data to be shared with Treasury for fraud detection aimed to improve accountability but also expanded inter-agency data use with privacy implications., Allowing roughly 140 million barrels of Iranian oil to reach market to lower prices intertwined sanctions policy with short-term market management, potentially channeling funds to an adversary during war., An IG probe into potentially irregular DHS contracts signaled internal oversight mechanisms still functioning to examine favoritism or corruption in high-value federal procurement., An accidental release of a sensitive memo on Trump’s document retention raised questions about DOJ’s handling of classified information and the balance between secrecy and legislative oversight., Anthropic and AI commentators, Anthropic and other plaintiffs, Appointing the head of major social platforms to advise the president on science and technology, after Meta curtailed fact-checking, raised concerns about platform influence over information policy and democratic discourse., Approvals of state air plans, hazardous-waste program revisions, chemical findings, and Superfund settlements showed routine but consequential regulatory work shaping environmental quality and corporate liability., Asian governments, Awarding the Medal of Honor through statute reflected Congress’s ceremonial role in recognizing military valor and reinforcing norms of legislative participation in honoring service., Barring contractors from engaging in DEI activities defined as racially discriminatory, with penalties including debarment, used federal contracting power to chill race-conscious equity programs in the private sector., Bernie Sanders and Alexandria Ocasio-Cortez, Blocking a policy to detain refugees lacking green cards and hearing habeas petitions for trafficking survivors in ICE custody showed courts acting as a backstop for vulnerable migrants’ rights., By avoiding hearings and backing the president instead of scrutinizing his justification for war, Republican lawmakers weakened Congress’s checking role over large-scale military operations., By championing the SAVE America Act’s citizenship documentation and mail-vote limits, Trump used presidential influence to advance structural barriers to voting under the guise of fraud prevention., By describing the Iran campaign as a “military operation” and a success despite lacking war authorization, Trump normalized large-scale hostilities initiated solely by the executive, eroding Congress’s constitutional war powers., CDC, CDC and HHS, California’s ban on officials using nonpublic information to wager on prediction markets aimed to close a novel corruption channel, reinforcing ethical constraints on how public power can be monetized., California’s challenge to a DPA-based pipeline restart raised questions about federal agencies bypassing state law and court settlements, testing judicial checks on emergency economic powers., Census Bureau, Challenging a 14-day review process without public comment for certain energy projects tested whether executive streamlining can bypass statutory environmental safeguards and local input., Charging a woman with murder for using abortion pills under a heartbeat law, followed by a judge’s skepticism and minimal bail, illustrated the harsh reach and contested legitimacy of new abortion criminalization regimes., Chicago Transit Authority, Civil Rights and Dissent, Civil-rights and immigrant groups, Closures of volunteer fire departments due to economic pressures on volunteers exposed vulnerabilities in relying on unpaid labor for essential public safety services., Colorado and Texas legislatures, Colorado’s delay of its AI discrimination law and Texas’s narrower Responsible AI Governance Act showed states experimenting with, and sometimes weakening, protections against algorithmic bias in employment., Confirming a Trump ally to lead DHS during a shutdown and immigration crackdown placed a loyalist atop a vast security bureaucracy, with implications for how neutrally the department enforces federal law., Congress, Congress and President Trump, Congress and the states (historical), Continuing a large-scale survey on children’s health and special needs supports evidence-based policymaking on services and benefits affecting families nationwide., Coordinated “No Kings” protests across more than 3,000 locations reflected broad-based civic mobilization to defend democratic norms and contest perceived authoritarian drift., Court-ordered cancellation of an ACIP meeting delayed expert guidance on vaccines, illustrating how legal disputes over advisory bodies can disrupt public-health information flows., Courts halted a refugee arrest policy, ordered the return of a deported DACA recipient, and temporarily blocked immigrant license restrictions, providing important, if case-specific, protections against overbroad enforcement., DEA, DHS Inspector General, DHS’s refusal to grant H-1B fee exemptions, allegedly mischaracterizing requests, highlighted how immigration fee policies can affect labor markets and the ability of organizations to recruit specialized workers., DOJ and Google, DOJ and Rep. Jamie Raskin, Decisions overturning Roe v. Wade and ending race-conscious admissions rolled back long-standing protections for reproductive autonomy and educational equity, reshaping civil-rights baselines., Defense Secretary Pete Hegseth, Delaying a decision on a criticized voting measure following heavy public comment showed how civic engagement can slow or alter state-level efforts perceived as restricting ballot access., Democracy Docket, Democrats’ failed efforts to pass a war-authorization requirement highlighted both ongoing attempts to reassert legislative war powers and the structural difficulty of constraining unilateral executive action., Describing the opposition party as the country’s “greatest enemy” after launching military action abroad cast domestic rivals as existential threats, undermining norms that treat opposition as legitimate participants in governance., Detaining a legally documented Canadian woman and her daughter and pressuring them to self-deport illustrated how aggressive enforcement can ensnare lawful residents and strain diplomatic relations., Dismissal of charges after a defendant proved she was not at an anti-ICE church protest underscored risks of overbroad prosecutions in politically charged demonstrations., Dropping a case against federal actors over criminal investigations signaled shifting litigation strategies in state–federal disputes about law-enforcement authority., EPA, EPA and other federal regulators, Eagle County, Colorado, Economic Structure, Encouraging states to end public schooling for undocumented children, despite Supreme Court precedent, sought to erode basic rights for a vulnerable group through state experimentation., Ending IGMS/NGGS as a Privacy Act system changed how grant-related data are categorized and potentially accessed, affecting transparency and privacy protections around federal grants., Establishing a symbolic award for Trump at a party fundraiser blurred lines between institutional leadership and personal loyalty rituals, reinforcing a leader-centric political culture., Expanding eligibility for military service by age and minor drug history broadened access to a key public institution, though partly in response to recruitment pressures from ongoing conflicts., Expanding routine uses of procurement data to Treasury for fraud control increased inter-agency data flows, with implications for privacy and oversight of federal spending., Exploring reconciliation to finance ICE and add voter ID rules would bypass the filibuster, using budget procedure to advance contentious enforcement and voting changes with a bare majority., Extended inaction on a controversial Surgeon General nominee left a key public-health leadership role unfilled, limiting federal capacity to speak with authority on health issues during overlapping crises., Extending the FEMA Review Council by executive order kept a presidentially controlled advisory body in place over disaster management, shaping how emergency policy recommendations reach the White House., FBI and DOJ, FCC, FCC actions on robocalls, spectrum, public-safety frequencies, and paperwork burdens shaped the rules governing critical communications infrastructure and consumer protections., FDA, FDA and CDC, Federal and state actors, Federal courts, Federal courts and DOJ, Federal courts and Minnesota prosecutors, Federal judges, Financial markets and Polymarket users, Framing the opposition party as the nation’s top enemy used inflammatory rhetoric to delegitimize political competitors and deepen partisan animosity., Governor Gavin Newsom, Handala Hack Team, HealthEquity, HealthEquity and Trump administration, HealthEquity’s unprecedented $1 million super PAC donation and subsequent HSA eligibility expansions primarily benefiting higher-income users illustrated how campaign money can align with tax and health-policy changes favoring donors., Hearings documenting unpaid TSA workers, ICE transfers to airports, and poor detention conditions showed Congress using its investigative tools to surface the human and operational costs of executive and legislative stalemates., Hearings, information-collection notices, device reclassifications, and survey approvals reflected ongoing technocratic governance of drug, device, and health-data policy that underpins public health and industry operations., High-profile arrests at airports, intensified operations in Minnesota, and detention of legally present immigrants showed immigration enforcement practices that raised due-process and humanitarian concerns for noncitizens and mixed-status families., Hines Immigration Law and co-plaintiffs, House Judiciary Democrats, House Oversight Committee, House Republicans, House and Senate members, House committees, ICE and DHS, ICE and DOJ lawyers, Immigration Center for Women and Children and Flora’s lawyers, Immigration Center for Women and Children and co-plaintiffs, Immigration advocates and detainees’ families, Immigration and Customs Enforcement, Industry leaders’ messaging about AI’s catastrophic potential shaped public and policymaker perceptions of the technology, potentially steering regulatory agendas and investment priorities., Information, Memory and Manipulation, Initiating strikes on Iran based on lobbying from Saudi and Israeli leaders, rather than an imminent threat determination, highlighted susceptibility of U.S. war decisions to foreign influence and personal relationships over institutional checks., Injunctions requiring better phone and visitation access for detainees and litigation over tear gas near housing complexes showed courts enforcing due-process and safety norms against federal enforcement agencies., Institutions and Governance, Iranian government, Iran’s closure and tolling of the Strait of Hormuz disrupted a key route for global oil and LNG, triggering fuel shortages and emergency measures abroad and demonstrating how chokepoints can be weaponized economically., Iraqi government, Iraq’s inability to fulfill oil contracts because of the Strait of Hormuz conflict underscored how geopolitical crises can abruptly reshape global energy supply and economic stability., Jamie Raskin’s letter about DOJ disclosures that may have breached a court gag order highlighted tensions between congressional oversight, judicial control of evidence, and the handling of sensitive material involving the president., Labeling legislators’ criticism of potential illegal orders as “seditious behavior, punishable by death” framed constitutional oversight as treason, chilling dissent and signaling readiness to equate opposition with capital crimes., Large new deployments of Army and Marine units to the Middle East deepened U.S. entanglement in the Iran conflict, committing substantial force structure under executive direction while Congress struggled to assert war-authorization authority., Lawmakers’ frustration over vague briefings and nearly $30 billion in war spending without clear objectives underscored how limited congressional insight into ongoing hostilities had become., Lifting or waiving sanctions on Iranian oil during active hostilities gave the president unilateral leverage over a key adversary’s revenue and global energy markets, blending war policy with economic statecraft under centralized control., Linking DHS funding to proof-of-citizenship rules and exploring reconciliation to pass SAVE provisions sought to narrow the electorate, especially among naturalized citizens and marginalized groups, under an election-integrity narrative., Litigation claiming that Somali nationals’ cases were accelerated in violation of the APA and constitutional protections suggested nationality-based disparities in access to fair immigration proceedings., Local and state challenges to a 500-bed ICE facility raised environmental, procedural, and cooperative-governance objections to expanding detention infrastructure in their community., Local efforts in New York and California to substantially increase minimum wages reflected subnational attempts to address cost-of-living pressures and income inequality through labor policy., MBS’s push for regime-change-oriented strikes on Iran, coinciding with major Saudi financial ties to Trump-world, highlighted how foreign and private interests can shape costly U.S. military commitments., Mark Zuckerberg and President Trump, Minnesota Bureau of Criminal Apprehension and others, Minnesota’s suit to compel disclosure of records from “Operation Metro Surge” highlighted tensions between federal secrecy and state efforts to investigate potential misconduct by immigration agents., Multiple states and local governments, Multiple suits over withheld investigative records and detention policies showed civil society using courts to contest opaque and potentially abusive federal enforcement., Neiyerver Adrián Leon Rengel, New English and status requirements that stripped or threatened licenses for thousands of noncitizen truckers, including refugees, restricted immigrant access to skilled work and triggered court intervention., New York City Council and California local campaigns, New York volunteer fire departments and state officials, New suits from Michigan, Minnesota, and others over detention centers, evidence withholding, and ICE operations showed states turning to courts to contest federal immigration practices they view as unlawful or opaque., North Carolina Board of Elections, Ongoing monitoring and analysis of voting-related cases by a specialized outlet provided civil-society infrastructure for understanding how court decisions reshape electoral rules., Operating the CDC without a Senate-confirmed director and relying on a health secretary whose advisory panel was ruled unlawful concentrated vaccine policy authority in a political appointee, weakening independent public-health governance., Ordering Commerce and DOJ to identify and sue over state AI laws that allegedly burden innovation asserted federal preemption to weaken state-level protections against algorithmic discrimination and worker harms., Ordering DHS to pay TSA workers by executive fiat during a funding lapse underscored how the president can improvise around appropriations gridlock, both relieving hardship and normalizing ad hoc emergency governance., Organizers of the 'No Kings' protests, Overruling Army leaders to remove two Black officers and two women from a promotion slate suggested ideological or demographic criteria influencing senior military advancement, politicizing the flag ranks., PA_001, PA_002, PA_003, PA_004, PA_005, Packaging real combat footage as game-like content to promote the Iran war risked normalizing violence and shaping public opinion through spectacle rather than sober information., Pentagon, Placing 3-MeO-PCP in Schedule I imposed the strictest controls on its manufacture and use, reflecting a prohibition-focused approach to emerging psychoactive substances., Plans for a massive ballroom, arch, and replacement of historic pavers with black granite used presidential authority over the capital’s built environment to imprint a personalized aesthetic on national civic space., Plans for monumental new structures and aesthetic changes around the White House used physical design to project a particular vision of national grandeur and leadership., Plans to redirect weapons and $750 million in Ukraine-related NATO funding toward U.S. stockpiles for the Iran war showed the executive reshaping alliance commitments and battlefield priorities with limited public debate., Postponing a food color-additive order in response to industry objections showed how regulated entities can slow implementation of safety-related rules through administrative procedures., Power and Authority, President Trump, President Trump and U.S. Treasury, President Trump and congressional allies, Pressuring the Attorney General to prosecute political adversaries signaled an expectation that federal law enforcement serve presidential retribution rather than neutral justice, undermining the separation between political power and prosecution., Proposals to broaden HSA eligibility, allow premium payments, and raise contribution limits would deepen tax advantages for wealthier households, reinforcing inequality in health financing., Publishing notices of EIS availability maintained transparency around environmental reviews for nuclear and laboratory facilities, enabling public scrutiny of high-impact projects., Putting the sitting president’s signature on banknotes for the first time personalized a core national symbol, reinforcing leader-centric branding over institutional continuity., Quebec National Assembly, Re-erecting a Columbus statue destroyed during anti-racism protests signaled an official endorsement of a contested historical figure, shaping national memory toward glorifying conquest., Reallocating weapons and funding away from Ukraine to support the Iran campaign allowed the executive to reshape U.S. security commitments and alliance priorities with limited public scrutiny., Rebranding banknotes with the president’s signature altered a long-standing convention, embedding personal political identity into everyday monetary symbols., Reducing religious affiliation codes and replacing rank insignia with religious symbols on chaplains’ uniforms injected explicit faith signaling into military structures, raising church–state concerns., Relaxing sanctions on Belarus to obtain fertilizer in response to the Hormuz closure showed the executive trading away human-rights leverage for short-term economic relief, with little visible legislative input., Reliance on curated “highlight reel” briefings rather than full intelligence assessments suggested that internal information flows to the president were being shaped to reinforce favorable narratives., Removing a participant from federal communications subsidy programs enforced integrity rules in funding mechanisms that support schools and libraries’ connectivity., Renewing information-collection rules for TSCA CBI balanced industry confidentiality with government and professional access to chemical data, affecting transparency in environmental health regulation., Reports that the administration weighed an assault on Iran’s Kharg Island and prepared thousands of Marines for deployment signaled willingness to expand war-making without clear congressional authorization, concentrating life-and-death decisions in the executive branch., Republican National Committee, Republicans in Congress, Revealing Neal Dunn’s serious health condition without warning blurred boundaries between public interest and personal medical privacy, potentially chilling trust in government medical care., Revelations that ICE attorneys misrepresented a memo’s scope to justify courthouse arrests, and a judge’s preservation order for related communications, exposed misuse of legal authority against people seeking lawful status., Riverside County Sheriff Chad Bianco, Saudi Crown Prince Mohammed bin Salman, Saudi Public Investment Fund and Trump family businesses, Saudi investments in Kushner’s fund and a Trump-branded development created deep financial ties between a foreign monarchy and the president’s family enterprises, raising conflict-of-interest concerns around Middle East policy., Seeking release for a trafficking victim with pending legal applications highlighted how detention policies can conflict with protections intended for survivors of exploitation., Senate, Senate Democrats, Senate Republicans, Senate Republicans and Democrats, Seven failed Senate votes and ongoing partisan disputes over ICE and voting provisions left DHS partially unfunded for weeks, degrading core security functions and illustrating legislative gridlock., Spending $928 million to cancel wind projects and steer the company toward U.S. oil and gas investment redirected public funds from renewables to fossil fuels, privileging incumbent energy interests., State of California, State of Michigan and City of Romulus, State of Minnesota and allied plaintiffs, Statements by Anthropic, Elon Musk, and OpenAI about catastrophic AI risks, alongside lobbying and funding for risk-prevention foundations, signaled industry support for stronger AI governance frameworks., Stephen Miller and allied state legislators, Taking 700 boxes of 2020 election documents based on an affidavit alleged to contain misrepresentations concentrated control of key electoral records in federal hands and fueled fears of politicized evidence handling., Temporary and preliminary injunctions against Pentagon bans on Anthropic’s AI tools suggested judicial skepticism of using supply-chain risk designations to punish companies for policy positions on autonomous weapons., Testimony that federal investigators never interviewed key Epstein associates raised questions about past prosecutorial decisions and the thoroughness of high-profile abuse investigations., Texas State University and Professor Idris Robinson, The Civil War–era amendments and Congress’s refusal to seat Georgia legislators expelled for being Black established constitutional guarantees of equal protection and voting rights that remain central benchmarks for assessing current democratic backsliding., The Court’s review of an RNC challenge to Mississippi’s mail-ballot deadline could reshape when and how valid votes are counted, with implications for close races and voter confidence., The House GOP’s refusal to take up a Senate compromise that excluded ICE funding prolonged the shutdown and underscored how one chamber’s majority can block restoration of basic government operations., The RNC’s suit to tighten verification and counting of mail ballots aimed to make it harder for such votes to be included, potentially disenfranchising lawful voters who rely on mail voting., The suit alleged that Trump-era policies violated the Trafficking Victims Protection Act by targeting survivors for removal, highlighting conflicts between enforcement priorities and statutory protections., The unanimous motion demanding a French-speaking CEO reflected a legislature asserting cultural and linguistic norms in corporate governance, illustrating how identity politics can shape institutional expectations., Trump administration, Trump’s call to “nationalize” voting challenged the long-standing state-led structure of U.S. elections, raising the prospect of centralized executive influence over voter eligibility and procedures., Trump’s gloating posts about Mueller’s death vilified a former investigator and signaled that those who scrutinize presidential conduct can expect ongoing public smears even after leaving office., Trump’s push to scrap the filibuster so Republicans could fund DHS and enact the SAVE America Act without Democrats highlighted his preference for majoritarian rule to entrench executive-aligned policy on security and voting., Trump’s shifting announcements about pausing strikes for supposed talks with Iran, which Tehran denied, allowed him to move markets and shape public expectations about war from the bully pulpit without transparent process or oversight., Trump’s ultimata to “obliterate” Iranian power plants to force reopening of the Strait of Hormuz showed the president personally directing potential strikes on civilian infrastructure, heightening risks of unlawful warfare and unchecked executive coercive power., U.S. Army, U.S. Postal Service, U.S. Supreme Court, U.S. Treasury and Trump administration, USPS’s planned surcharge on packages due to war-related fuel costs highlighted how geopolitical instability can erode the affordability of essential public services., Unusual prediction-market activity and massive swings in equities and oil prices around Trump’s Iran statements raised concerns that insiders might be monetizing privileged national-security information., Using ICE agents in tactical gear to backfill unpaid TSA staff turned immigration enforcement into a visible political tool in civilian spaces, blurring lines between border policing and domestic security to pressure Congress., Week 62 – 2026-03-21–2026-03-27, White House, White House and House Speaker Mike Johnson, Work-from-home orders, shortened workweeks, and early university closures in Asia illustrated how distant conflicts can force abrupt changes in domestic economic and social routines., acknowledged conducting a military operation in Iran without congressional approval, adjusted state AI discrimination laws affecting workers’ rights, advanced or adjusted multiple health-related regulatory processes and data collections, advanced proposals and ballot measures to raise minimum wages to $30 per hour, advocated for further expansion of HSA rules that primarily benefit higher earners, advocated for the SAVE America Act to impose strict proof-of-citizenship voting requirements and curb mail voting, announced and then extended pauses of planned bombing campaigns in Iran while claiming negotiations, announced architectural and symbolic redesigns of central Washington, including large new structures and paving changes, announced availability of environmental impact statements for major federal projects, announced changes to the military chaplain corps emphasizing religious identity over rank, announced that his signature would replace the treasurer’s on U.S. paper currency, attempted to require congressional authorization for continued military operations in Iran, became embroiled in a lawsuit over alleged retaliation for off-campus speech, blocked or limited several Trump administration immigration measures, blocked promotions of four Army officers, including Black and female candidates, from a general-officer list, breached and published personal emails of FBI Director Kash Patel, called Democratic lawmakers’ comments about unlawful military orders seditious and punishable by death, called for nationalizing aspects of voting administration, canceled a key immunization advisory committee meeting due to ongoing litigation, celebrated the death of Robert Mueller and attacked his legacy on social media, challenged an alleged 'Somali Fast-Track Policy' in immigration courts, channeled billions into Jared Kushner’s firm and a Trump Organization project, closed the Strait of Hormuz and imposed tolls affecting global energy shipments, combined a large corporate donation with regulatory expansion of Health Savings Accounts, confirmed Markwayne Mullin as Secretary of Homeland Security, congress, considered and prepared for major military escalation against Iran, considered diverting weapons and NATO funds from Ukraine to restock U.S. supplies for the Middle East, considered issuing an executive order to overhaul voting rules before the 2026 midterms, considered limiting the counting of mail-in ballots that arrive after election day, created and awarded a new partisan 'America First' prize to Donald Trump, debarred an individual from the E-Rate and universal service programs for three years, decided to place Trump’s signature on U.S. currency in place of the treasurer’s, declared Democrats to be America’s greatest enemy on social media, declared force majeure on foreign-operated oilfields due to Hormuz disruptions, delayed the effective date of a spirulina color-additive rule after objections, democracydocket, deployed and prepared to deploy thousands of additional U.S. troops to the Middle East, deposed Jeffrey Epstein’s former lawyer and accountant about investigative gaps, detained a Canadian mother and child with legal status in harsh conditions, directed DHS by executive order to immediately pay TSA agents during the shutdown, directed the Pentagon to divert weapons and missile-defense resources from Ukraine to the Iran theater, disclosed a congressman’s terminal diagnosis during a press event, dropped charges against a woman misidentified in an anti-ICE protest case, eased long-standing sanctions on Iranian oil to influence global prices during the conflict, eased sanctions on Belarus to secure fertilizer imports amid the Hormuz crisis, enacted a law authorizing the Medal of Honor for John W. Ripley, enacted and ratified the Thirteenth, Fourteenth, and Fifteenth Amendments and intervened in Georgia’s legislature, expanded aggressive immigration enforcement, including airport arrests and Minnesota crackdowns, faced closures and sought compensation reforms amid declining volunteerism, falsely announced negotiations with Iran that moved financial markets, federalregister, filed a class-action lawsuit challenging detention and deportation of trafficking and domestic-violence survivors, filed a lawsuit seeking stricter mail-ballot counting rules, filed lawsuits challenging DHS and DOJ evidence-withholding and detention practices, filed lawsuits challenging Trump administration immigration and detention policies, formalized Zuckerberg’s role on the President’s science and technology advisory council, granted significant relief in cases challenging DHS and ICE practices affecting access to counsel and use of force, guardian, handled cases involving Epstein survivors’ privacy and release of unredacted records, hcr, held and prepared open meetings and information-collection reviews on communications regulation, held oversight hearings on DHS shutdown impacts, TSA staffing, and ICE detention conditions, implemented and then faced court challenges to restrictive abortion enforcement in Georgia, implemented emergency work and education measures to conserve fuel, inadvertently disclosed an FBI memo about Trump’s classified documents to Congress, installed a reconstructed Christopher Columbus statue on White House grounds, introduced a bill to pause construction of new AI datacenters, issued an executive order directing federal agencies to challenge state AI regulations, issued an executive order restricting certain DEI practices by federal contractors, issued key rulings in disputes over Anthropic’s access to government contracting, issued multiple environmental and chemical regulatory decisions and settlements, issued multiple rulings adjusting the posture of challenges to Trump-era policies, issued rulings curtailing abortion rights and banning affirmative action in college admissions, justsecurity, launched military strikes on Iran at the urging of foreign leaders despite no imminent threat finding, left the CDC director position vacant while a court voided an unlawfully appointed vaccine panel, lifted or waived sanctions on Iranian oil already at sea, lobbied President Trump to continue and expand the war against Iran, mandated and implemented release of extensive Jeffrey Epstein-related DOJ records, meidas, modified its acquisition system records to allow data sharing with Treasury for fraud detection, noah, opened an investigation into DHS contracting practices involving Kristi Noem and Corey Lewandowski, ordered continued operation of the FEMA Review Council by executive order, orders, outloud, paid TotalEnergies nearly $1 billion to buy back offshore wind leases, passed a motion calling for Air Canada’s CEO to resign over language used in a condolence message, planned thousands of nationwide demonstrations opposing authoritarianism, planned to use budget reconciliation to fund ICE and embed SAVE Act provisions, popinfo, postponed action on a controversial voter suppression bill after public opposition, promoted extreme state-level immigration laws targeting undocumented children’s education, proposed large-scale architectural changes to Washington’s core civic spaces, protected refugees and trafficking victims from harsh detention policies, publicly demanded that the Attorney General pursue legal action against his political opponents, publicly emphasized existential AI risks and funded regulation and safety initiatives, publicly framed AI as posing existential risks requiring regulation, publicly labeled the Democratic Party as America’s greatest enemy, publicly threatened to bomb Iranian power and energy infrastructure if the Strait of Hormuz was not reopened, publicly urged elimination of the Senate filibuster to pass DHS funding and restrictive voting rules, pursued habeas relief for a trafficked Venezuelan mother detained by ICE, pushed the SAVE America Act and related voter ID and citizenship-proof requirements, raised the maximum enlistment age and relaxed marijuana-related enlistment restrictions, received and scrutinized DOJ documents potentially violating a gag order in the Trump documents case, received war briefings as short highlight reels of successful strikes, refused to exercise public oversight of the Iran war, rejected a Senate-passed DHS funding package and pursued alternative plans, repeatedly failed to agree on DHS funding bills during a prolonged shutdown, reported DHS denials of H-1B fee exemptions and sought court review, rescinded a grants management system as a Privacy Act system of records, responded to Middle East conflict by planning fuel surcharges on domestic shipping, scheduled 3-MeO-PCP as a Schedule I controlled substance, secured a preliminary injunction improving detainees’ access to counsel at a federal facility, seized 2020 election records from Fulton County under a disputed warrant, seized and initiated recounts of hundreds of thousands of ballots from a prior election, showed suspicious trading patterns around Iran ceasefire bets and Trump announcements, signed an executive order banning insider betting by state officials on prediction markets, sought OMB approval for the National Survey of Children’s Health, sought and prepared to implement an 8% fuel surcharge on packages, sought more information and briefings on Iran war strategy and costs, stalled confirmation of Surgeon General nominee Casey Means, sued DHS over plans to convert a warehouse into a large immigration detention center, sued DOJ and DHS for withholding evidence in shootings by federal officers, sued the Interior Department over expedited environmental review procedures for energy projects, sued the U.S. Energy Department over restarting an offshore oil pipeline via Defense Production Act authority, sued the United States alleging unconstitutional deportation and mistreatment as a Venezuelan immigrant, testified before Congress about inhumane ICE detention conditions, threatened to deploy ICE agents to airports and then ordered their deployment during the DHS shutdown, tightened commercial driver’s license rules for immigrants, prompting legal challenges, tracked and analyzed litigation affecting election rules and democratic access, updated TSCA confidential business information access procedures, updated acquisition system records to support fraud and improper payment detection, used edited videos of military strikes as entertainment-style public messaging, used false or misleading legal justifications to detain immigrants at courthouses, voluntarily dismissed a federal suit against Governor Noem, were sued for releasing and indexing unredacted Epstein survivor records, wk062-001, wk062-002, wk062-006, wk062-008, wk062-009, wk062-010, wk062-013, wk062-014, wk062-015, wk062-016, wk062-017, wk062-018, wk062-019, wk062-020, wk062-021, wk062-026, wk062-028, wk062-035, wk062-036, wk062-037, wk062-038, wk062-039, wk062-040, wk062-041, wk062-042, wk062-044, wk062-045, wk062-046, wk062-047, wk062-048, wk062-049, wk062-050, wk062-051, wk062-052, wk062-053, wk062-054, wk062-057, wk062-058, wk062-059, wk062-060, wk062-061, wk062-062, wk062-063, wk062-064, wk062-069, wk062-070, wk062-071, wk062-072, wk062-076, wk062-077, wk062-078, wk062-079, wk062-080, wk062-081, wk062-082, wk062-083, wk062-084, wk062-085, wk062-086, wk062-087, wk062-088, wk062-089, wk062-090, wk062-091, wk062-092, wk062-093, wk062-094, wk062-095, wk062-096, wk062-098, wk062-099, wk062-100, wk062-101, wk062-102, wk062-103, wk062-105, wk062-106, wk062-108, wk062-109, wk062-110, wk062-111, wk062-112, wk062-113, wk062-114, wk062-115, wk062-116, wk062-117, wk062-118, wk062-119, wk062-122, wk062-123, wk062-125, wk062-127, wk062-128, wk062-130, wk062-131, wk062-132, wk062-133, wk062-135, wk062-137, wk062-138, wk062-139, wk062-141, wk062-142, wk062-143, wk062-144, wk062-146, wk062-147, wk062-148, wk062-149, wk062-151, wk062-152, wk062-153, wk062-154, wk062-155, wk062-156, wk062-157, wk062-158, wk062-159, wk062-160, wk062-161, wk062-162, wk062-163, wk062-164, wk062-165, wk062-166, wk062-167, wk062-168, wk062-169, wk062-171, wk062-172, wk062-173, wk062-175, wk062-178, wk062-179, wk062-184, wk062-185, wk062-187, wk062-188, wk062-189, wk062-191, wk062-192, wk062-193, wk062-194, wk062-195, wk062-196, wk062-197, wk062-198, wk062-201, wk062-204, wk062-205, wk062-206, wk062-211, wk062-214, wk062-215, wk062-216, wk062-217, wk062-218, wk062-219, wk062-220, wk062-221, wk062-222, wk062-223, wk062-224, wk062-225, wk062-227, wk062-228, wk062-229, wk062-230, wk062-231, wk062-232, wk062-233, wk062-234, wk062-235, wk062-236, wk062-237, wk062-242, wk062-243, wk062-244, wk062-245, wk062-246, wk062-247, wk062-248, wk062-249, wk062-250, wk062-251, wk062-252, wk062-253, wk062-254, wk062-255, wk062-256, wk062-257, wk062-258, wk062-261, wk062-266, wk062-267, wk062-268, wk062-269, wk062-270, wk062-271, wk062-272, wk062-273, wk062-274, wk062-275, wk062-276, wk062-277, wk062-278, wk062-279, wk062-280, wk062-281, wk062-282, wk062-283, wk062-284, wk062-285, wk062-286, wk062-288, wk062-289, wk062-291, wk062-293, wk062-294, wk062-295, wk062-296, wk062-297, wk062-298, wk062-299, wk062-300, wk062-301, wk062-303, wk062-308, wk062-310, wk062-311, wk62_CR_001, wk62_CR_002, wk62_CR_003, wk62_CR_004, wk62_CR_005, wk62_CR_006, wk62_CR_007, wk62_CR_008, wk62_CR_009, wk62_CR_010, wk62_CR_011, wk62_CR_012, wk62_CR_013, wk62_CR_014, wk62_CR_015, wk62_CR_016, wk62_CR_017, wk62_CR_018, wk62_CR_019, wk62_CR_020, wk62_CR_021, wk62_CR_022, wk62_CR_023, wk62_CR_024, wk62_CR_025, wk62_CR_026, wk62_ES_001, wk62_ES_002, wk62_ES_003, wk62_ES_004, wk62_ES_005, wk62_ES_006, wk62_ES_007, wk62_ES_008, wk62_ES_009, wk62_ES_010, wk62_ES_011, wk62_ES_012, wk62_ES_013, wk62_ES_014, wk62_ES_015, wk62_ES_016, wk62_ES_017, wk62_ES_018, wk62_ES_019, wk62_ES_020, wk62_ES_021, wk62_ES_022, wk62_ES_023, wk62_ES_024, wk62_IG_001, wk62_IG_002, wk62_IG_003, wk62_IG_004, wk62_IG_005, wk62_IG_006, wk62_IG_007, wk62_IG_008, wk62_IG_009, wk62_IG_010, wk62_IG_011, wk62_IG_012, wk62_IG_013, wk62_IG_014, wk62_IG_015, wk62_IG_016, wk62_IG_017, wk62_IG_018, wk62_IG_019, wk62_IG_020, wk62_IG_021, wk62_IG_022, wk62_IG_023, wk62_IG_024, wk62_IG_025, wk62_IG_026, wk62_IG_027, wk62_IG_028, wk62_IG_029, wk62_IG_030, wk62_IG_031, wk62_IG_032, wk62_IG_033, wk62_IM_001, wk62_IM_002, wk62_IM_003, wk62_IM_004, wk62_IM_005, wk62_IM_006, wk62_IM_007, wk62_IM_008, wk62_IM_009, wk62_IM_010, wk62_IM_011, wk62_IM_012, wk62_IM_013, wk62_IM_014, wk62_IM_015, wk62_IM_016, wk62_IM_017, wk62_IM_018, wk62_IM_019, wk62_IM_020, wk62_PA_001, wk62_PA_002, wk62_PA_003, wk62_PA_004, wk62_PA_005, wk62_PA_006, wk62_PA_007, wk62_PA_008, wk62_PA_009, wk62_PA_010, wk62_PA_011, wk62_PA_012, wk62_PA_013, wk62_PA_014, wk62_PA_015, wk62_PA_016, wk62_PA_017, wk62_PA_018, wk62_PA_019, wk62_PA_020, wk62_PA_021, wk62_PA_022, wk62_PA_023, wk62_PA_024, wk62_PA_025, won a TRO requiring DOT to resume processing major transit grants, zeteo","Week 62 Appendix: Emergency As Standing Policy","<!-- Generated by build_publish_week_v1 (WordPress appendix HTML) -->

<p><em>War in Iran, a weaponized shutdown at home, and a coordinated squeeze on voting and citizenship turned crisis into the default mode of governance.</em></p>
<p>This was an acute-crisis week in which an already fragile constitutional order was stressed on multiple fronts. The Iran war and related regional escalation dominated, with the president openly threatening strikes on civilian infrastructure, deploying and surging troops without authorization, and acknowledging a “military operation” in Iran absent congressional approval. That conduct, combined with Republicans’ refusal to exercise war oversight and massive off‑books war spending, drove severe pressure on executive constraint, separation of powers, and emergency normalization. Domestically, the DHS shutdown and ICE-at-airports experiment exposed how core public services can be held hostage to immigration and voter‑suppression demands, while TSA workers and other civil servants absorbed the costs. Parallel moves to advance the SAVE Act, data‑sharing of voter rolls with DHS, and even a draft executive order to effectively nationalize and constrict voting marked a coordinated attempt to reengineer electoral access under the banner of “integrity.” Law enforcement and courts were heavily politicized: selective prosecutions, settlements for Trump allies, aggressive ballot seizures, and FBI/ICE abuses contrasted with important but reactive judicial pushback. Symbolic personalization of the state—from Trump’s signature on currency to Columbus statuary and architectural remakes—reinforced a leader‑centric, revisionist narrative amid widening global and domestic instability.</p>
<h3>Power and Authority</h3>
<ol>
<li>Trump administration considered and prepared for major military escalation against Iran: Reports that the administration weighed an assault on Iran’s Kharg Island and prepared thousands of Marines for deployment signaled willingness to expand war-making without clear congressional authorization, concentrating life-and-death decisions in the executive branch. (2026-03-21)</li>
<li>President Trump publicly threatened to bomb Iranian power and energy infrastructure if the Strait of Hormuz was not reopened: Trump’s ultimata to “obliterate” Iranian power plants to force reopening of the Strait of Hormuz showed the president personally directing potential strikes on civilian infrastructure, heightening risks of unlawful warfare and unchecked executive coercive power. (2026-03-22)</li>
<li>President Trump announced and then extended pauses of planned bombing campaigns in Iran while claiming negotiations: Trump’s shifting announcements about pausing strikes for supposed talks with Iran, which Tehran denied, allowed him to move markets and shape public expectations about war from the bully pulpit without transparent process or oversight. (2026-03-23)</li>
<li>President Trump acknowledged conducting a military operation in Iran without congressional approval: By describing the Iran campaign as a “military operation” and a success despite lacking war authorization, Trump normalized large-scale hostilities initiated solely by the executive, eroding Congress’s constitutional war powers. (2026-03-27)</li>
<li>President Trump launched military strikes on Iran at the urging of foreign leaders despite no imminent threat finding: Initiating strikes on Iran based on lobbying from Saudi and Israeli leaders, rather than an imminent threat determination, highlighted susceptibility of U.S. war decisions to foreign influence and personal relationships over institutional checks. (2026-03-27)</li>
<li>Pentagon deployed and prepared to deploy thousands of additional U.S. troops to the Middle East: Large new deployments of Army and Marine units to the Middle East deepened U.S. entanglement in the Iran conflict, committing substantial force structure under executive direction while Congress struggled to assert war-authorization authority. (2026-03-25)</li>
<li>Pentagon considered diverting weapons and NATO funds from Ukraine to restock U.S. supplies for the Middle East: Plans to redirect weapons and $750 million in Ukraine-related NATO funding toward U.S. stockpiles for the Iran war showed the executive reshaping alliance commitments and battlefield priorities with limited public debate. (2026-03-27)</li>
<li>President Trump eased long-standing sanctions on Iranian oil to influence global prices during the conflict: Lifting or waiving sanctions on Iranian oil during active hostilities gave the president unilateral leverage over a key adversary’s revenue and global energy markets, blending war policy with economic statecraft under centralized control. (2026-03-22)</li>
<li>President Trump eased sanctions on Belarus to secure fertilizer imports amid the Hormuz crisis: Relaxing sanctions on Belarus to obtain fertilizer in response to the Hormuz closure showed the executive trading away human-rights leverage for short-term economic relief, with little visible legislative input. (2026-03-27)</li>
<li>President Trump directed DHS by executive order to immediately pay TSA agents during the shutdown: Ordering DHS to pay TSA workers by executive fiat during a funding lapse underscored how the president can improvise around appropriations gridlock, both relieving hardship and normalizing ad hoc emergency governance. (2026-03-27)</li>
<li>President Trump threatened to deploy ICE agents to airports and then ordered their deployment during the DHS shutdown: Using ICE agents in tactical gear to backfill unpaid TSA staff turned immigration enforcement into a visible political tool in civilian spaces, blurring lines between border policing and domestic security to pressure Congress. (2026-03-22)</li>
<li>President Trump publicly demanded that the Attorney General pursue legal action against his political opponents: Pressuring the Attorney General to prosecute political adversaries signaled an expectation that federal law enforcement serve presidential retribution rather than neutral justice, undermining the separation between political power and prosecution. (2026-03-24)</li>
<li>President Trump called Democratic lawmakers’ comments about unlawful military orders seditious and punishable by death: Labeling legislators’ criticism of potential illegal orders as “seditious behavior, punishable by death” framed constitutional oversight as treason, chilling dissent and signaling readiness to equate opposition with capital crimes. (2026-03-24)</li>
<li>President Trump publicly urged elimination of the Senate filibuster to pass DHS funding and restrictive voting rules: Trump’s push to scrap the filibuster so Republicans could fund DHS and enact the SAVE America Act without Democrats highlighted his preference for majoritarian rule to entrench executive-aligned policy on security and voting. (2026-03-25)</li>
<li>President Trump advocated for the SAVE America Act to impose strict proof-of-citizenship voting requirements and curb mail voting: By championing the SAVE America Act’s citizenship documentation and mail-vote limits, Trump used presidential influence to advance structural barriers to voting under the guise of fraud prevention. (2026-03-25)</li>
<li>President Trump considered issuing an executive order to overhaul voting rules before the 2026 midterms: A draft executive order to end machine and mail voting, require re-registration with citizenship proof, and mandate hand counts would centralize sweeping changes to election administration in the presidency, bypassing normal legislative processes. (2026-03-27)</li>
<li>President Trump called for nationalizing aspects of voting administration: Trump’s call to “nationalize” voting challenged the long-standing state-led structure of U.S. elections, raising the prospect of centralized executive influence over voter eligibility and procedures. (2026-03-24)</li>
<li>President Trump publicly labeled the Democratic Party as America’s greatest enemy: Describing the opposition party as the country’s “greatest enemy” after launching military action abroad cast domestic rivals as existential threats, undermining norms that treat opposition as legitimate participants in governance. (2026-03-22)</li>
<li>President Trump directed the Pentagon to divert weapons and missile-defense resources from Ukraine to the Iran theater: Reallocating weapons and funding away from Ukraine to support the Iran campaign allowed the executive to reshape U.S. security commitments and alliance priorities with limited public scrutiny. (2026-03-27)</li>
<li>President Trump announced architectural and symbolic redesigns of central Washington, including large new structures and paving changes: Plans for a massive ballroom, arch, and replacement of historic pavers with black granite used presidential authority over the capital’s built environment to imprint a personalized aesthetic on national civic space. (2026-03-25)</li>
<li>President Trump ordered continued operation of the FEMA Review Council by executive order: Extending the FEMA Review Council by executive order kept a presidentially controlled advisory body in place over disaster management, shaping how emergency policy recommendations reach the White House. (2026-03-24)</li>
<li>President Trump issued an executive order restricting certain DEI practices by federal contractors: Barring contractors from engaging in DEI activities defined as racially discriminatory, with penalties including debarment, used federal contracting power to chill race-conscious equity programs in the private sector. (2026-03-26)</li>
<li>President Trump issued an executive order directing federal agencies to challenge state AI regulations: Ordering Commerce and DOJ to identify and sue over state AI laws that allegedly burden innovation asserted federal preemption to weaken state-level protections against algorithmic discrimination and worker harms. (2026-03-26)</li>
<li>President Trump announced that his signature would replace the treasurer’s on U.S. paper currency: Putting the sitting president’s signature on banknotes for the first time personalized a core national symbol, reinforcing leader-centric branding over institutional continuity. (2026-03-26)</li>
<li>Governor Gavin Newsom signed an executive order banning insider betting by state officials on prediction markets: California’s ban on officials using nonpublic information to wager on prediction markets aimed to close a novel corruption channel, reinforcing ethical constraints on how public power can be monetized. (2026-03-27)</li>
</ol>
<h3>Institutions and Governance</h3>
<ol>
<li>Republicans in Congress refused to exercise public oversight of the Iran war: By avoiding hearings and backing the president instead of scrutinizing his justification for war, Republican lawmakers weakened Congress’s checking role over large-scale military operations. (2026-03-21)</li>
<li>Senate Democrats attempted to require congressional authorization for continued military operations in Iran: Democrats’ failed efforts to pass a war-authorization requirement highlighted both ongoing attempts to reassert legislative war powers and the structural difficulty of constraining unilateral executive action. (2026-03-21)</li>
<li>Congress and the states (historical) enacted and ratified the Thirteenth, Fourteenth, and Fifteenth Amendments and intervened in Georgia’s legislature: The Civil War–era amendments and Congress’s refusal to seat Georgia legislators expelled for being Black established constitutional guarantees of equal protection and voting rights that remain central benchmarks for assessing current democratic backsliding. (1868-07-28)</li>
<li>U.S. Supreme Court considered limiting the counting of mail-in ballots that arrive after election day: The Court’s review of an RNC challenge to Mississippi’s mail-ballot deadline could reshape when and how valid votes are counted, with implications for close races and voter confidence. (2026-03-23)</li>
<li>Republican National Committee filed a lawsuit seeking stricter mail-ballot counting rules: The RNC’s suit to tighten verification and counting of mail ballots aimed to make it harder for such votes to be included, potentially disenfranchising lawful voters who rely on mail voting. (2026-03-23)</li>
<li>State of California sued the U.S. Energy Department over restarting an offshore oil pipeline via Defense Production Act authority: California’s challenge to a DPA-based pipeline restart raised questions about federal agencies bypassing state law and court settlements, testing judicial checks on emergency economic powers. (2026-03-23)</li>
<li>Multiple states and local governments filed lawsuits challenging Trump administration immigration and detention policies: New suits from Michigan, Minnesota, and others over detention centers, evidence withholding, and ICE operations showed states turning to courts to contest federal immigration practices they view as unlawful or opaque. (2026-03-24)</li>
<li>Federal courts issued multiple rulings adjusting the posture of challenges to Trump-era policies: Abeyance orders, TRO denials, clarifications, and stays in cases involving labor contracts, immigration, and DHS rules illustrated courts’ ongoing but often slow role in mediating disputes over executive actions. (2026-03-23)</li>
<li>Federal judges blocked or limited several Trump administration immigration measures: Courts halted a refugee arrest policy, ordered the return of a deported DACA recipient, and temporarily blocked immigrant license restrictions, providing important, if case-specific, protections against overbroad enforcement. (2026-03-23)</li>
<li>Federal courts granted significant relief in cases challenging DHS and ICE practices affecting access to counsel and use of force: Injunctions requiring better phone and visitation access for detainees and litigation over tear gas near housing complexes showed courts enforcing due-process and safety norms against federal enforcement agencies. (2026-03-26)</li>
<li>Federal courts issued key rulings in disputes over Anthropic’s access to government contracting: Temporary and preliminary injunctions against Pentagon bans on Anthropic’s AI tools suggested judicial skepticism of using supply-chain risk designations to punish companies for policy positions on autonomous weapons. (2026-03-26)</li>
<li>State of Minnesota and allied plaintiffs sued DOJ and DHS for withholding evidence in shootings by federal officers: Minnesota’s suit to compel disclosure of records from “Operation Metro Surge” highlighted tensions between federal secrecy and state efforts to investigate potential misconduct by immigration agents. (2026-03-24)</li>
<li>House committees held oversight hearings on DHS shutdown impacts, TSA staffing, and ICE detention conditions: Hearings documenting unpaid TSA workers, ICE transfers to airports, and poor detention conditions showed Congress using its investigative tools to surface the human and operational costs of executive and legislative stalemates. (2026-03-25)</li>
<li>Senate Republicans and Democrats repeatedly failed to agree on DHS funding bills during a prolonged shutdown: Seven failed Senate votes and ongoing partisan disputes over ICE and voting provisions left DHS partially unfunded for weeks, degrading core security functions and illustrating legislative gridlock. (2026-03-27)</li>
<li>House Republicans rejected a Senate-passed DHS funding package and pursued alternative plans: The House GOP’s refusal to take up a Senate compromise that excluded ICE funding prolonged the shutdown and underscored how one chamber’s majority can block restoration of basic government operations. (2026-03-27)</li>
<li>Senate Republicans planned to use budget reconciliation to fund ICE and embed SAVE Act provisions: Exploring reconciliation to finance ICE and add voter ID rules would bypass the filibuster, using budget procedure to advance contentious enforcement and voting changes with a bare majority. (2026-03-25)</li>
<li>Congress enacted a law authorizing the Medal of Honor for John W. Ripley: Awarding the Medal of Honor through statute reflected Congress’s ceremonial role in recognizing military valor and reinforcing norms of legislative participation in honoring service. (2026-03-26)</li>
<li>Congress and President Trump mandated and implemented release of extensive Jeffrey Epstein-related DOJ records: A bipartisan law requiring DOJ to disclose Epstein files, and subsequent large releases, represented a rare instance of coordinated legislative-executive action to increase transparency in a politically sensitive case. (2025-11-19)</li>
<li>House Oversight Committee deposed Jeffrey Epstein’s former lawyer and accountant about investigative gaps: Testimony that federal investigators never interviewed key Epstein associates raised questions about past prosecutorial decisions and the thoroughness of high-profile abuse investigations. (2026-03-25)</li>
<li>Senate confirmed Markwayne Mullin as Secretary of Homeland Security: Confirming a Trump ally to lead DHS during a shutdown and immigration crackdown placed a loyalist atop a vast security bureaucracy, with implications for how neutrally the department enforces federal law. (2026-03-24)</li>
<li>White House and House Speaker Mike Johnson created and awarded a new partisan 'America First' prize to Donald Trump: Establishing a symbolic award for Trump at a party fundraiser blurred lines between institutional leadership and personal loyalty rituals, reinforcing a leader-centric political culture. (2026-03-26)</li>
<li>CDC and HHS left the CDC director position vacant while a court voided an unlawfully appointed vaccine panel: Operating the CDC without a Senate-confirmed director and relying on a health secretary whose advisory panel was ruled unlawful concentrated vaccine policy authority in a political appointee, weakening independent public-health governance. (2026-03-26)</li>
<li>Senate stalled confirmation of Surgeon General nominee Casey Means: Extended inaction on a controversial Surgeon General nominee left a key public-health leadership role unfilled, limiting federal capacity to speak with authority on health issues during overlapping crises. (2026-03-26)</li>
<li>Defense Secretary Pete Hegseth blocked promotions of four Army officers, including Black and female candidates, from a general-officer list: Overruling Army leaders to remove two Black officers and two women from a promotion slate suggested ideological or demographic criteria influencing senior military advancement, politicizing the flag ranks. (2026-03-27)</li>
<li>Defense Secretary Pete Hegseth announced changes to the military chaplain corps emphasizing religious identity over rank: Reducing religious affiliation codes and replacing rank insignia with religious symbols on chaplains’ uniforms injected explicit faith signaling into military structures, raising church–state concerns. (2026-03-26)</li>
<li>House and Senate members sought more information and briefings on Iran war strategy and costs: Lawmakers’ frustration over vague briefings and nearly $30 billion in war spending without clear objectives underscored how limited congressional insight into ongoing hostilities had become. (2026-03-25)</li>
<li>Quebec National Assembly passed a motion calling for Air Canada’s CEO to resign over language used in a condolence message: The unanimous motion demanding a French-speaking CEO reflected a legislature asserting cultural and linguistic norms in corporate governance, illustrating how identity politics can shape institutional expectations. (2026-03-26)</li>
<li>Minnesota Bureau of Criminal Apprehension and others voluntarily dismissed a federal suit against Governor Noem: Dropping a case against federal actors over criminal investigations signaled shifting litigation strategies in state–federal disputes about law-enforcement authority. (2026-03-24)</li>
<li>Chicago Transit Authority won a TRO requiring DOT to resume processing major transit grants: A court order forcing the federal government to restart over $2 billion in transit grants after an allegedly arbitrary rule change showed judicial willingness to check selective enforcement of civil-rights-related funding rules. (2026-03-24)</li>
<li>Eagle County, Colorado sued the Interior Department over expedited environmental review procedures for energy projects: Challenging a 14-day review process without public comment for certain energy projects tested whether executive streamlining can bypass statutory environmental safeguards and local input. (2026-03-26)</li>
<li>House Judiciary Democrats received and scrutinized DOJ documents potentially violating a gag order in the Trump documents case: Jamie Raskin’s letter about DOJ disclosures that may have breached a court gag order highlighted tensions between congressional oversight, judicial control of evidence, and the handling of sensitive material involving the president. (2026-03-26)</li>
<li>DHS Inspector General opened an investigation into DHS contracting practices involving Kristi Noem and Corey Lewandowski: An IG probe into potentially irregular DHS contracts signaled internal oversight mechanisms still functioning to examine favoritism or corruption in high-value federal procurement. (2026-03-27)</li>
<li>Democracy Docket tracked and analyzed litigation affecting election rules and democratic access: Ongoing monitoring and analysis of voting-related cases by a specialized outlet provided civil-society infrastructure for understanding how court decisions reshape electoral rules. (2026-03-26)</li>
</ol>
<h3>Economic Structure</h3>
<ol>
<li>Iraqi government declared force majeure on foreign-operated oilfields due to Hormuz disruptions: Iraq’s inability to fulfill oil contracts because of the Strait of Hormuz conflict underscored how geopolitical crises can abruptly reshape global energy supply and economic stability. (2026-03-20)</li>
<li>U.S. Treasury and Trump administration lifted or waived sanctions on Iranian oil already at sea: Allowing roughly 140 million barrels of Iranian oil to reach market to lower prices intertwined sanctions policy with short-term market management, potentially channeling funds to an adversary during war. (2026-03-21)</li>
<li>HealthEquity and Trump administration combined a large corporate donation with regulatory expansion of Health Savings Accounts: HealthEquity’s unprecedented $1 million super PAC donation and subsequent HSA eligibility expansions primarily benefiting higher-income users illustrated how campaign money can align with tax and health-policy changes favoring donors. (2026-03-23)</li>
<li>Trump administration paid TotalEnergies nearly $1 billion to buy back offshore wind leases: Spending $928 million to cancel wind projects and steer the company toward U.S. oil and gas investment redirected public funds from renewables to fossil fuels, privileging incumbent energy interests. (2026-03-25)</li>
<li>Saudi Public Investment Fund and Trump family businesses channeled billions into Jared Kushner’s firm and a Trump Organization project: Saudi investments in Kushner’s fund and a Trump-branded development created deep financial ties between a foreign monarchy and the president’s family enterprises, raising conflict-of-interest concerns around Middle East policy. (2026-03-25)</li>
<li>Saudi Crown Prince Mohammed bin Salman lobbied President Trump to continue and expand the war against Iran: MBS’s push for regime-change-oriented strikes on Iran, coinciding with major Saudi financial ties to Trump-world, highlighted how foreign and private interests can shape costly U.S. military commitments. (2026-03-25)</li>
<li>Financial markets and Polymarket users showed suspicious trading patterns around Iran ceasefire bets and Trump announcements: Unusual prediction-market activity and massive swings in equities and oil prices around Trump’s Iran statements raised concerns that insiders might be monetizing privileged national-security information. (2026-03-23)</li>
<li>U.S. Postal Service sought and prepared to implement an 8% fuel surcharge on packages: A temporary fuel surcharge on mail services tied to war-driven oil prices showed how international conflict costs are passed to households and small businesses through higher basic service fees. (2026-03-25)</li>
<li>Iranian government closed the Strait of Hormuz and imposed tolls affecting global energy shipments: Iran’s closure and tolling of the Strait of Hormuz disrupted a key route for global oil and LNG, triggering fuel shortages and emergency measures abroad and demonstrating how chokepoints can be weaponized economically. (2026-03-25)</li>
<li>Asian governments implemented emergency work and education measures to conserve fuel: Work-from-home orders, shortened workweeks, and early university closures in Asia illustrated how distant conflicts can force abrupt changes in domestic economic and social routines. (2026-03-25)</li>
<li>U.S. Postal Service responded to Middle East conflict by planning fuel surcharges on domestic shipping: USPS’s planned surcharge on packages due to war-related fuel costs highlighted how geopolitical instability can erode the affordability of essential public services. (2026-03-26)</li>
<li>HealthEquity advocated for further expansion of HSA rules that primarily benefit higher earners: Proposals to broaden HSA eligibility, allow premium payments, and raise contribution limits would deepen tax advantages for wealthier households, reinforcing inequality in health financing. (2026-03-23)</li>
<li>EPA and other federal regulators issued multiple environmental and chemical regulatory decisions and settlements: Approvals of state air plans, hazardous-waste program revisions, chemical findings, and Superfund settlements showed routine but consequential regulatory work shaping environmental quality and corporate liability. (2026-03-23)</li>
<li>FDA and CDC advanced or adjusted multiple health-related regulatory processes and data collections: Hearings, information-collection notices, device reclassifications, and survey approvals reflected ongoing technocratic governance of drug, device, and health-data policy that underpins public health and industry operations. (2026-03-23)</li>
<li>FCC held and prepared open meetings and information-collection reviews on communications regulation: FCC actions on robocalls, spectrum, public-safety frequencies, and paperwork burdens shaped the rules governing critical communications infrastructure and consumer protections. (2026-03-24)</li>
<li>DEA scheduled 3-MeO-PCP as a Schedule I controlled substance: Placing 3-MeO-PCP in Schedule I imposed the strictest controls on its manufacture and use, reflecting a prohibition-focused approach to emerging psychoactive substances. (2026-03-23)</li>
<li>Census Bureau sought OMB approval for the National Survey of Children’s Health: Continuing a large-scale survey on children’s health and special needs supports evidence-based policymaking on services and benefits affecting families nationwide. (2026-03-25)</li>
<li>EPA updated TSCA confidential business information access procedures: Renewing information-collection rules for TSCA CBI balanced industry confidentiality with government and professional access to chemical data, affecting transparency in environmental health regulation. (2026-03-26)</li>
<li>FDA delayed the effective date of a spirulina color-additive rule after objections: Postponing a food color-additive order in response to industry objections showed how regulated entities can slow implementation of safety-related rules through administrative procedures. (2026-03-24)</li>
<li>FCC debarred an individual from the E-Rate and universal service programs for three years: Removing a participant from federal communications subsidy programs enforced integrity rules in funding mechanisms that support schools and libraries’ connectivity. (2026-03-27)</li>
<li>AI industry leaders and firms publicly emphasized existential AI risks and funded regulation and safety initiatives: Statements by Anthropic, Elon Musk, and OpenAI about catastrophic AI risks, alongside lobbying and funding for risk-prevention foundations, signaled industry support for stronger AI governance frameworks. (2026-03-26)</li>
<li>Colorado and Texas legislatures adjusted state AI discrimination laws affecting workers’ rights: Colorado’s delay of its AI discrimination law and Texas’s narrower Responsible AI Governance Act showed states experimenting with, and sometimes weakening, protections against algorithmic bias in employment. (2026-03-26)</li>
<li>New York City Council and California local campaigns advanced proposals and ballot measures to raise minimum wages to $30 per hour: Local efforts in New York and California to substantially increase minimum wages reflected subnational attempts to address cost-of-living pressures and income inequality through labor policy. (2026-03-27)</li>
<li>Anthropic and other plaintiffs reported DHS denials of H-1B fee exemptions and sought court review: DHS’s refusal to grant H-1B fee exemptions, allegedly mischaracterizing requests, highlighted how immigration fee policies can affect labor markets and the ability of organizations to recruit specialized workers. (2026-03-26)</li>
</ol>
<h3>Civil Rights and Dissent</h3>
<ol>
<li>Riverside County Sheriff Chad Bianco seized and initiated recounts of hundreds of thousands of ballots from a prior election: A county sheriff’s seizure and recount of over 650,000 ballots based on disputed fraud claims blurred law-enforcement and electoral roles, risking public trust in neutral vote administration. (2026-03-23)</li>
<li>President Trump and congressional allies pushed the SAVE America Act and related voter ID and citizenship-proof requirements: Linking DHS funding to proof-of-citizenship rules and exploring reconciliation to pass SAVE provisions sought to narrow the electorate, especially among naturalized citizens and marginalized groups, under an election-integrity narrative. (2026-03-22)</li>
<li>North Carolina Board of Elections postponed action on a controversial voter suppression bill after public opposition: Delaying a decision on a criticized voting measure following heavy public comment showed how civic engagement can slow or alter state-level efforts perceived as restricting ballot access. (2026-03-22)</li>
<li>U.S. Supreme Court issued rulings curtailing abortion rights and banning affirmative action in college admissions: Decisions overturning Roe v. Wade and ending race-conscious admissions rolled back long-standing protections for reproductive autonomy and educational equity, reshaping civil-rights baselines. (2023-06-30)</li>
<li>Federal and state actors implemented and then faced court challenges to restrictive abortion enforcement in Georgia: Charging a woman with murder for using abortion pills under a heartbeat law, followed by a judge’s skepticism and minimal bail, illustrated the harsh reach and contested legitimacy of new abortion criminalization regimes. (2026-03-24)</li>
<li>ICE and DHS expanded aggressive immigration enforcement, including airport arrests and Minnesota crackdowns: High-profile arrests at airports, intensified operations in Minnesota, and detention of legally present immigrants showed immigration enforcement practices that raised due-process and humanitarian concerns for noncitizens and mixed-status families. (2026-03-24)</li>
<li>ICE and DOJ lawyers used false or misleading legal justifications to detain immigrants at courthouses: Revelations that ICE attorneys misrepresented a memo’s scope to justify courthouse arrests, and a judge’s preservation order for related communications, exposed misuse of legal authority against people seeking lawful status. (2026-03-26)</li>
<li>Federal courts protected refugees and trafficking victims from harsh detention policies: Blocking a policy to detain refugees lacking green cards and hearing habeas petitions for trafficking survivors in ICE custody showed courts acting as a backstop for vulnerable migrants’ rights. (2026-03-23)</li>
<li>State of Minnesota and allied plaintiffs secured a preliminary injunction improving detainees’ access to counsel at a federal facility: A court order requiring free, private phone access and expanded visitation for immigration detainees in Minnesota strengthened practical protections for legal representation in removal proceedings. (2026-03-26)</li>
<li>Immigration Center for Women and Children and co-plaintiffs filed a class-action lawsuit challenging detention and deportation of trafficking and domestic-violence survivors: The suit alleged that Trump-era policies violated the Trafficking Victims Protection Act by targeting survivors for removal, highlighting conflicts between enforcement priorities and statutory protections. (2026-03-25)</li>
<li>State of Michigan and City of Romulus sued DHS over plans to convert a warehouse into a large immigration detention center: Local and state challenges to a 500-bed ICE facility raised environmental, procedural, and cooperative-governance objections to expanding detention infrastructure in their community. (2026-03-24)</li>
<li>Neiyerver Adrián Leon Rengel sued the United States alleging unconstitutional deportation and mistreatment as a Venezuelan immigrant: A damages suit claiming unlawful deportation, imprisonment, and due-process violations for a Venezuelan immigrant spotlighted alleged systemic abuses in high-level immigration enforcement decisions. (2026-03-24)</li>
<li>Hines Immigration Law and co-plaintiffs challenged an alleged 'Somali Fast-Track Policy' in immigration courts: Litigation claiming that Somali nationals’ cases were accelerated in violation of the APA and constitutional protections suggested nationality-based disparities in access to fair immigration proceedings. (2026-03-24)</li>
<li>ICE and DHS tightened commercial driver’s license rules for immigrants, prompting legal challenges: New English and status requirements that stripped or threatened licenses for thousands of noncitizen truckers, including refugees, restricted immigrant access to skilled work and triggered court intervention. (2026-03-26)</li>
<li>Stephen Miller and allied state legislators promoted extreme state-level immigration laws targeting undocumented children’s education: Encouraging states to end public schooling for undocumented children, despite Supreme Court precedent, sought to erode basic rights for a vulnerable group through state experimentation. (2026-03-26)</li>
<li>Federal courts and DOJ handled cases involving Epstein survivors’ privacy and release of unredacted records: A class action alleging DOJ Privacy Act violations for exposing Epstein survivors’ identities, and Google’s continued indexing, highlighted tensions between transparency, victim protection, and data-handling practices. (2026-03-27)</li>
<li>Texas State University and Professor Idris Robinson became embroiled in a lawsuit over alleged retaliation for off-campus speech: A professor’s suit claiming his contract was terminated for political speech about Israel–Palestine raised concerns about academic freedom and viewpoint discrimination in public higher education. (2026-03-25)</li>
<li>Federal courts and Minnesota prosecutors dropped charges against a woman misidentified in an anti-ICE protest case: Dismissal of charges after a defendant proved she was not at an anti-ICE church protest underscored risks of overbroad prosecutions in politically charged demonstrations. (2026-03-22)</li>
<li>Immigration advocates and detainees’ families testified before Congress about inhumane ICE detention conditions: Accounts of neglect and inadequate care for disabled detainees at Stewart detention center highlighted human-rights concerns in immigration custody and fueled calls for oversight. (2026-03-25)</li>
<li>Civil-rights and immigrant groups filed lawsuits challenging DHS and DOJ evidence-withholding and detention practices: Multiple suits over withheld investigative records and detention policies showed civil society using courts to contest opaque and potentially abusive federal enforcement. (2026-03-24)</li>
<li>Organizers of the 'No Kings' protests planned thousands of nationwide demonstrations opposing authoritarianism: Coordinated “No Kings” protests across more than 3,000 locations reflected broad-based civic mobilization to defend democratic norms and contest perceived authoritarian drift. (2026-03-27)</li>
<li>Bernie Sanders and Alexandria Ocasio-Cortez introduced a bill to pause construction of new AI datacenters: A proposed moratorium on AI datacenters until environmental and labor impacts are addressed linked emerging technology infrastructure to climate justice and economic equity concerns. (2026-03-25)</li>
<li>Immigration and Customs Enforcement detained a Canadian mother and child with legal status in harsh conditions: Detaining a legally documented Canadian woman and her daughter and pressuring them to self-deport illustrated how aggressive enforcement can ensnare lawful residents and strain diplomatic relations. (2026-03-24)</li>
<li>U.S. Army raised the maximum enlistment age and relaxed marijuana-related enlistment restrictions: Expanding eligibility for military service by age and minor drug history broadened access to a key public institution, though partly in response to recruitment pressures from ongoing conflicts. (2026-03-25)</li>
<li>New York volunteer fire departments and state officials faced closures and sought compensation reforms amid declining volunteerism: Closures of volunteer fire departments due to economic pressures on volunteers exposed vulnerabilities in relying on unpaid labor for essential public safety services. (2026-03-22)</li>
<li>Immigration Center for Women and Children and Flora’s lawyers pursued habeas relief for a trafficked Venezuelan mother detained by ICE: Seeking release for a trafficking victim with pending legal applications highlighted how detention policies can conflict with protections intended for survivors of exploitation. (2026-03-25)</li>
</ol>
<h3>Information, Memory and Manipulation</h3>
<ol>
<li>White House used edited videos of military strikes as entertainment-style public messaging: Packaging real combat footage as game-like content to promote the Iran war risked normalizing violence and shaping public opinion through spectacle rather than sober information. (2026-03-20)</li>
<li>President Trump celebrated the death of Robert Mueller and attacked his legacy on social media: Trump’s gloating posts about Mueller’s death vilified a former investigator and signaled that those who scrutinize presidential conduct can expect ongoing public smears even after leaving office. (2026-03-21)</li>
<li>President Trump disclosed a congressman’s terminal diagnosis during a press event: Revealing Neal Dunn’s serious health condition without warning blurred boundaries between public interest and personal medical privacy, potentially chilling trust in government medical care. (2026-03-21)</li>
<li>President Trump falsely announced negotiations with Iran that moved financial markets: A baseless claim of talks to end the Iran war, coinciding with heavy trading in futures, showed how presidential disinformation can distort markets and public understanding of foreign policy. (2026-03-25)</li>
<li>President Trump declared Democrats to be America’s greatest enemy on social media: Framing the opposition party as the nation’s top enemy used inflammatory rhetoric to delegitimize political competitors and deepen partisan animosity. (2026-03-22)</li>
<li>President Trump received war briefings as short highlight reels of successful strikes: Reliance on curated “highlight reel” briefings rather than full intelligence assessments suggested that internal information flows to the president were being shaped to reinforce favorable narratives. (2026-03-25)</li>
<li>Mark Zuckerberg and President Trump formalized Zuckerberg’s role on the President’s science and technology advisory council: Appointing the head of major social platforms to advise the president on science and technology, after Meta curtailed fact-checking, raised concerns about platform influence over information policy and democratic discourse. (2026-03-25)</li>
<li>EPA modified its acquisition system records to allow data sharing with Treasury for fraud detection: Expanding routine uses of procurement data to Treasury for fraud control increased inter-agency data flows, with implications for privacy and oversight of federal spending. (2026-03-26)</li>
<li>EPA rescinded a grants management system as a Privacy Act system of records: Ending IGMS/NGGS as a Privacy Act system changed how grant-related data are categorized and potentially accessed, affecting transparency and privacy protections around federal grants. (2026-03-23)</li>
<li>DOJ and Rep. Jamie Raskin inadvertently disclosed an FBI memo about Trump’s classified documents to Congress: An accidental release of a sensitive memo on Trump’s document retention raised questions about DOJ’s handling of classified information and the balance between secrecy and legislative oversight. (2026-03-25)</li>
<li>FBI and DOJ seized 2020 election records from Fulton County under a disputed warrant: Taking 700 boxes of 2020 election documents based on an affidavit alleged to contain misrepresentations concentrated control of key electoral records in federal hands and fueled fears of politicized evidence handling. (2026-03-27)</li>
<li>DOJ and Google were sued for releasing and indexing unredacted Epstein survivor records: A class action alleging unlawful disclosure and continued indexing of survivors’ personal data highlighted the risks of government and platform mishandling of sensitive information in high-profile cases. (2026-03-27)</li>
<li>Handala Hack Team breached and published personal emails of FBI Director Kash Patel: A foreign-linked hack of the FBI director’s personal email exposed personal and work correspondence, underscoring vulnerabilities in senior officials’ communications and the potential for information operations. (2026-03-27)</li>
<li>President Trump and U.S. Treasury decided to place Trump’s signature on U.S. currency in place of the treasurer’s: Rebranding banknotes with the president’s signature altered a long-standing convention, embedding personal political identity into everyday monetary symbols. (2026-03-26)</li>
<li>President Trump installed a reconstructed Christopher Columbus statue on White House grounds: Re-erecting a Columbus statue destroyed during anti-racism protests signaled an official endorsement of a contested historical figure, shaping national memory toward glorifying conquest. (2026-03-23)</li>
<li>President Trump proposed large-scale architectural changes to Washington’s core civic spaces: Plans for monumental new structures and aesthetic changes around the White House used physical design to project a particular vision of national grandeur and leadership. (2026-03-25)</li>
<li>Anthropic and AI commentators publicly framed AI as posing existential risks requiring regulation: Industry leaders’ messaging about AI’s catastrophic potential shaped public and policymaker perceptions of the technology, potentially steering regulatory agendas and investment priorities. (2026-03-26)</li>
<li>EPA announced availability of environmental impact statements for major federal projects: Publishing notices of EIS availability maintained transparency around environmental reviews for nuclear and laboratory facilities, enabling public scrutiny of high-impact projects. (2026-03-27)</li>
<li>CDC canceled a key immunization advisory committee meeting due to ongoing litigation: Court-ordered cancellation of an ACIP meeting delayed expert guidance on vaccines, illustrating how legal disputes over advisory bodies can disrupt public-health information flows. (2026-03-27)</li>
<li>EPA updated acquisition system records to support fraud and improper payment detection: Allowing procurement data to be shared with Treasury for fraud detection aimed to improve accountability but also expanded inter-agency data use with privacy implications. (2026-03-26)</li>
</ol>
","The clock stayed at 8:13 p.m. as unilateral war-making, shutdown governance, voter restriction, and stratified citizenship advanced, offset by courts, states, and mass civic resistance straining to hold the line."
