"ID","Title","Content","Excerpt","Date","Post Type","Permalink","Image URL","Image Filename","Image Path","Image ID","Image Title","Image Caption","Image Description","Image Alt Text","Image Featured","Attachment URL","Categories","Tags","Status","Author ID","Author Username","Author Email","Author First Name","Author Last Name","Slug","Format","Template","Parent","Parent Slug","Order","Comment Status","Ping Status","Post Modified Date","Is Current","Week Number","Week Start Date","Week End Date","Week Label","Week Start Minutes","Week End Minutes","Week Movement Minutes","Week Start Time Display","Week End Time Display","Week Status Tier Label","Week Status Tier Description","Week Status Summary","Clock Time Reference","Week Delta Summary","Clock Moved","Moral Floor Summary","Net Interpretation","Traits Moved Count","Event Count Total","Sources","Appendix Title","Appendix Content","Appendix Excerpt"
"","Week 64: War, Data, and the Quiet Capture","<!-- Generated by build_publish_week_v1 (WordPress narrative HTML) -->

<blockquote class=""dc-subtitle""><em>Iran conflict, voter databases, and politicized agencies deepened executive control and crony governance while courts, cities, and organizers mounted constrained but real resistance.</em></blockquote>

<p>The sixty-fourth week of Trump’s second term unfolded under the shadow of war and the quiet work of administration. On the surface, the news was about Iran, oil prices, and court fights. Underneath, the week was about who decides when the country goes to war, who profits from that choice, and who is written out of the story afterward. The pattern was not new, but it was sharper. War abroad fed directly into the shape of power at home.</p>
<p>At the close of the previous period, the Democracy Clock stood at 8:13 p.m. By the end of this week, it remained at 8:13 p.m., a net shift of 0.2 minutes. The public time did not move, but the underlying structure did. The small numerical change captured a week in which existing trends deepened rather than broke. Executive power over war widened as Congress stepped back. Data systems built for immigration and health were turned toward elections and surveillance. Legal tools meant to preserve records and expose corruption were bent to protect insiders. Resistance was present—in courts, cities, and organizing—but it worked against a state that was learning how to use crisis and complexity to its advantage.</p>
<p>The week’s central stage was the Iran conflict. It opened with a symbolic act: the administration renamed the Department of Defense as the Department of War. On paper, this was a change of letterhead. In practice, it announced a different way of thinking about force. The new name fit a president who used social media to threaten Iran over the Strait of Hormuz, spoke of destroying an entire civilization in one night, and dismissed concerns about war crimes when talking about bombing civilian infrastructure. The language was not an aside. It set the tone for how decisions would be made and justified.</p>
<p>Inside the military, the personnel map shifted to match that tone. Defense Secretary Pete Hegseth fired the Army chief of staff and other generals amid disagreements over Iran strategy. The removals came as battlefield narratives from the Pentagon were already under strain, with survivors and reporters offering accounts that did not match official statements. The message to the uniformed leadership was clear. Loyalty to the president’s chosen course, not independent judgment, would guide careers. That change in incentives made future resistance to dubious orders less likely. It also showed how the chain of command was being reshaped around one man’s will.</p>
<p>Congress, which the Constitution charges with declaring war, spent much of the crisis on the sidelines. House Republicans shut down a pro forma session to block a war-powers vote on Iran. When resolutions came forward to require approval for military operations, both chambers narrowly rejected them. Later in the week, as Democrats sought a unanimous-consent resolution to curb Trump’s war powers, House Republican leaders simply refused to recognize them. Democratic members called for recalling both chambers from recess and even raised the possibility of invoking the Twenty-Fifth Amendment. Those calls underscored alarm, but they did not change the outcome. The legislature functioned as a stage for statements, not as a body that could bind the president’s hand.</p>
<p>Abroad, Trump personalized alliance commitments in the same way he personalized war decisions. He threatened to withdraw from NATO over allies’ stance on Iran and to relocate U.S. troops away from countries he deemed unhelpful. He lashed out at NATO publicly, tying the value of the alliance to compliance with his Iran strategy. At the same time, he accepted a short ceasefire with Iran, then partially suspended it while keeping forces in place, and later announced another tentative ceasefire that unraveled as Israel rejected its terms. These swings—between annihilation threats, fragile truces, and alliance ultimatums—kept the tempo of war in one man’s hands. Multilateral structures and congressional checks were present in name, but they did not set the pace.</p>
<p>While war rhetoric filled the air, a different kind of power was being built in the budget. The Golden Dome missile defense project became the spine of a new war-driven patronage economy. The administration allocated at least $17.5 billion to Golden Dome, part of a $350 billion defense package routed through budget reconciliation. Moving such a large share of military spending through reconciliation limited debate, amendments, and public scrutiny. It turned what should have been a major national decision into a procedural step folded into a broader fiscal bill.</p>
<p>The beneficiaries of this spending were not abstract. SpaceX and Palantir, whose leaders had made large donations to Trump, were positioned to receive major Golden Dome contracts. At the same time, the Pentagon entered an AI services agreement with Elon Musk’s xAI while its senior official, Emil Michael, held and then divested stock in the company. The D.C. Circuit declined to grant an emergency stay in a challenge to that contract, deferring to the Department of War’s discretion during active conflict even as it expedited review. The pattern was consistent. Core defense and AI infrastructure flowed toward firms tied to political allies, with courts and procedures bending just enough to accommodate the deals.</p>
<p>Outside government, researchers described how AI offensive cyber capabilities were doubling quickly, raising the prospect that attackers could erase or steal wealth at scale. Other work showed that large language models could deanonymize pseudonymous accounts with high precision, and that advances in quantum computing threatened widely used cryptography. These findings underscored the stakes of who controlled AI and security tools. Yet the state’s response was not to build neutral, accountable capacity. It was to embed those tools in contracts with favored companies, deepening a fusion of war-making, surveillance, and private enrichment.</p>
<p>The external conflict in the Strait of Hormuz fed directly into domestic economic strain. Iran closed or restricted the strait, then tightened control and charged cryptocurrency tolls for vessel passage. The Iranian Revolutionary Guard Corps used that chokepoint to push oil prices above $100 per barrel. Iran also retaliated against Saudi and Kuwaiti energy and water infrastructure after an attack on its refinery, escalating regional economic warfare. In response, the Trump administration eased some oil sanctions in an attempt to influence Iran’s behavior, but the net effect was to increase Iran’s revenue while keeping markets on edge.</p>
<p>At home, the consequences were immediate. Amazon announced a 3.5 percent surcharge on third-party sellers due to rising fuel costs. The U.S. Postal Service imposed an 8 percent fuel surcharge, raising the price of a basic public service. Economic analysts reported a surge in inflation and record-low consumer sentiment, driven by higher gas, fuel oil, and airfare prices. These costs fell hardest on lower-income households and small businesses. At the same time, the administration pursued a chaotic tariff policy, repeatedly imposing and retracting duties on many countries, adding uncertainty to global trade. For those positioned in energy markets and finance, the volatility created profit opportunities. For most people, it meant higher bills and less security.</p>
<p>Regulatory choices amplified the sense that crisis was being used to favor insiders. The Commodity Futures Trading Commission sued three states to block their regulation of political prediction markets, asserting federal control over a quasi-gambling sector with direct links to politics and to Trump allies. The administration ended an SEC investigation into Crypto.com, a company tied to Trump’s media ventures, without enforcement action. Even a prestige project at home—the planned $400 million White House ballroom built with foreign steel—signaled that public funds and procurement rules could be bent toward personal symbolism and friendly firms, regardless of protectionist rhetoric.</p>
<p>Against this backdrop, immigration enforcement and civil rights revealed a tiered citizenship regime hardening in practice and law. Federal agents revoked green cards and arrested two women claimed to be relatives of Qassem Soleimani for deportation, despite disputed family ties. Border agents near Buffalo abandoned a nearly blind Rohingya refugee in a parking lot; he later died, and the case was ruled a homicide. ICE officers in California shot Carlos Ivan Mendoza Hernandez during a traffic stop under disputed circumstances, with conflicting accounts and dashcam footage raising questions about excessive force and false gang allegations. Reports from the Dilley family detention center in Texas described poor food, inadequate medical care, and psychological harm, conditions DHS disputed but that pointed to systemic neglect.</p>
<p>The machinery of removal also reached activists. The Board of Immigration Appeals issued a final removal order for Mahmoud Khalil, an activist who alleged political retaliation, in a system reshaped by the administration. A Canadian mother and her seven-year-old daughter were detained for nearly three weeks in harsh conditions, then released with ankle monitors and strict check-ins. These cases showed how immigration courts and enforcement agencies could be used not only to police borders but to discipline communities and individuals seen as threats.</p>
<p>Courts and advocates pushed back in specific cases, but their victories were narrow. A Massachusetts federal court blocked the termination of Temporary Protected Status for Ethiopians, finding likely violations of consultation requirements. African Communities Together and allied plaintiffs secured a ruling postponing the end of Ethiopia’s TPS designation. A federal judge in California ruled that border agents had violated a prior order by conducting warrantless arrests in Sacramento. Another court ordered ICE to allow daily clergy access at a detention facility, protecting detainees’ religious rights. Abroad, the Eswatini Supreme Court held that four men deported from the U.S. had the right to meet with local legal counsel, and the Texas Court of Criminal Appeals overturned a death sentence for an intellectually disabled man. These decisions affirmed legal principles, but they did not alter the broader trajectory of enforcement.</p>
<p>At the state level, Florida codified suspicion of Muslims into law. Governor Ron DeSantis signed anti-Sharia legislation, and a “Sharia Free Caucus” emerged, treating Muslim presence as incompatible with American identity. At the same time, an advocacy group sued to challenge the Native Hawaiian Health Scholarship Program’s eligibility criteria, questioning targeted remedies for historic health disparities. These moves showed how law could be used to define who belongs and who does not. Civil society answered in part. Advocates organized the thirtieth annual Day of Silence to protest anti-LGBTQ+ harassment in schools, and Kamala Harris warned that weakening Voting Rights Act Section 2 would erode protections for minority voters.</p>
<p>The week also saw the construction of a new architecture linking immigration, health data, and elections. Trump signed an executive order directing DHS to use the SAVE database—an error-prone immigration system—to define eligible voters and DOJ to prosecute ballot distribution outside that list. This move centralized control over the franchise in the executive branch and risked large-scale disenfranchisement under the banner of “integrity.” At the same time, the administration directed HHS and CMS to withhold responses to FOIA requests about data-sharing with DHS and ICE, prompting litigation by the National Health Law Program. Advocates feared that Medicaid data could be used for immigration enforcement, chilling enrollment among low-income immigrants.</p>
<p>Civil-society groups and legal organizations responded with a cluster of FOIA suits and transparency efforts. The National Health Law Program and Democracy Forward filed suits to uncover how health agencies and DOJ were sharing data that could affect immigrants and voters. Democracy Forward also sued DOJ over voter registration and election integrity records, seeking to expose how federal law enforcement was shaping election rules and potential purges. These cases did not yet change policy, but they aimed to map a hidden infrastructure in which social-service databases, immigration enforcement, and election administration were being fused.</p>
<p>Surveillance of dissent moved along a parallel track. The Electronic Frontier Foundation revealed that Flock license plate reader data had been used to search for vehicles at protest events, showing how networked ALPR systems could monitor demonstrators and chill assembly. More than fifty cities responded by rejecting, deactivating, or canceling contracts with Flock Safety, a local pushback against pervasive vehicle surveillance and unauthorized federal access to location data. Yet research showing that AI could deanonymize pseudonymous accounts and that quantum advances threatened encryption suggested that the technical capacity to track and unmask critics was growing faster than local resistance could contain.</p>
<p>The legal framework around information and archives shifted in ways that will matter long after the week’s headlines fade. The Office of Legal Counsel issued an opinion declaring the Presidential Records Act unconstitutional, signaling an intent to stop complying with preservation and transfer duties. Historians and transparency advocates sued in the D.C. District Court to challenge that move, arguing that abandoning PRA obligations would endanger the archival record essential for future accountability. The case was at an early stage, but the stakes were clear. The question was whether presidential records would remain public property or become subject to executive whim.</p>
<p>At the same time, the Supreme Court vacated Steve Bannon’s contempt of Congress conviction and remanded the case, weakening a high-profile enforcement of legislative subpoenas. DOJ moved to block former Attorney General Pam Bondi’s deposition about Epstein records and limited disclosure under the Epstein Transparency Act, prompting clashes with the House Oversight Committee and criticism from survivors who felt burdened and politicized. Melania Trump announced lawsuits against individuals spreading allegations about her ties to Epstein, using civil courts to deter critics and shape the narrative around the first family. Together, these actions showed law and transparency rules being bent to shield elites and manage what the public could learn about abuse and corruption.</p>
<p>The Pentagon, too, tested the boundaries of openness. It attempted to replace a struck-down press policy with a similar interim rule that restricted leak solicitation and closed press access corridors. A federal district court in D.C. compelled the Department of Defense to comply with an earlier order protecting press access and struck down the revised policy. That ruling reinforced judicial limits on executive efforts to restrict reporters, even as the broader pattern of secrecy and narrative control continued. Other institutions, such as the American Library Association, secured settlements to restore federal funding and rescind staff reductions, preserving pieces of public information infrastructure.</p>
<p>Information control was not limited to records and rules. It extended to direct pressure on journalists and whistleblowers. Trump threatened to jail reporters who refused to reveal a source about a missing airman, a threat widely reported as a direct challenge to press protections. The FBI arrested a former Fort Bragg employee for allegedly leaking classified information to a journalist about soldier misconduct. DOJ opened an investigation into Cassidy Hutchinson, a key Jan. 6 witness, assigning it to the Civil Rights Division in an unusual move that raised fears of retaliation against a whistleblower. These actions signaled that those who exposed misconduct, especially in the security realm, could face prosecution.</p>
<p>At the same time, the administration waged a narrative battle over the Iran war. Trump repeatedly declared victory despite ongoing setbacks and critical reporting. He attacked CNN’s coverage as fraudulent, demanded retractions, and publicly disputed battlefield assessments that suggested Iran had achieved significant gains after a ceasefire. Commentators documented his social media attacks on CNN and former allies who opposed his Iran policy, noting how he labeled critics as disloyal and not true supporters. An AI-generated image of a U.S. airman’s rescue in Iran went viral, illustrating how synthetic media could distort perceptions of military events. Independent journalists at outlets like the New York Times and CBS reported survivor accounts that contradicted Pentagon narratives and verified that U.S.–Israeli strikes had damaged schools and health facilities in Iran. Their work preserved a record that might otherwise have been lost in the fog.</p>
<p>While these central developments advanced, the machinery of domestic governance was being reshaped in quieter ways. The U.S. Department of Agriculture announced a restructuring of the Forest Service that closed regional offices and created fifteen politically appointed state directors, replacing regional leadership that had been part of the career civil service. This centralization weakened professional management of public lands and raised legal concerns about politicizing a key agency. At HHS, under Robert F. Kennedy Jr., the administration cut immunization funding and moved to end federal payments for pediatric gender-affirming care, using health policy levers to reshape access to basic services for vulnerable groups.</p>
<p>Other agencies turned technical knobs with ideological intent. EPA Administrator Lee Zeldin gave a keynote speech at a climate-denial conference, praising repeal of the endangerment finding that underpinned greenhouse gas regulation. At the same time, EPA issued a series of technical rulemakings on air quality and chemical tolerances, decisions that would shape industrial costs and public health protections. The CDC renewed the charter of the Advisory Committee on Immunization Practices and sought comment on disease surveillance and overdose data collections, maintaining some evidence-based processes even as funding priorities shifted. The FDA refined drug safety report standards and regulatory information collections. These moves showed a bureaucracy still functioning, but with its priorities and leadership increasingly aligned with partisan and culture-war goals.</p>
<p>Against the grain of consolidation, a network of democratic and civic actors worked to hold space. Indivisible and allied organizers announced plans for a nationwide May 1 general strike under the banner “No Work, No School, No Shopping,” a bid to use coordinated economic disruption to protest authoritarian drift. Democracy Docket tracked and analyzed dozens of election-related court cases, explaining how litigation over voting rules and redistricting would shape access to the ballot. House Democrats and voting-rights litigators pursued these cases across the country, treating courts as central arenas for defending democracy.</p>
<p>Voters in Wisconsin elected Chris Taylor to the state supreme court, expanding a liberal majority likely to protect voting rights, fair maps, and labor protections in a pivotal swing state. At the National Action Network convention, Kamala Harris urged vigilance against erosion of voting rights and warned that a pending Supreme Court decision on Voting Rights Act Section 2 could weaken tools to challenge discriminatory laws. Local governments took their own steps. New York City’s mayor released videos highlighting city workers and services to promote transparency. Dozens of cities canceled or limited Flock surveillance contracts. California’s attorney general filed felony charges in a $267 million hospice fraud scheme, signaling state willingness to pursue complex financial crimes.</p>
<p>Regulatory bodies also made moves that, while technical, supported transparency and security. The FCC modernized suspension and debarment rules, advanced data collections, and required licensees to disclose foreign adversary ownership or control of communications networks. EPA published notices of availability for Environmental Impact Statements, inviting public comment. TSA extended information collection for its canine adoption program. Health agencies used notice-and-comment procedures for surveillance and regulatory data. These actions did not reverse the week’s broader drift, but they kept alive practices of open, rule-bound governance.</p>
<p>The week closed without a single decisive break. Instead, it showed how war, money, law, and information could be braided together to concentrate power while leaving formal structures in place. Executive control over war expanded as Congress chose recess and procedure over confrontation. Defense and AI spending flowed through reconciliation and conflicted contracts to a tight circle of allies. Immigration and health databases were steered toward voter policing and surveillance, even as FOIA suits tried to pry them open. Legal opinions and court decisions reshaped archives and subpoenas in ways that favored insiders. Journalists, whistleblowers, migrants, and religious minorities bore the brunt of these shifts.</p>
<p>Yet the same week contained evidence that institutions and citizens had not given up their roles. Courts blocked some terminations, enforced clergy access, and rebuked attempts to close press corridors. Voters in one state strengthened a pro-democracy court. Cities rolled back surveillance tools. Organizers planned a general strike. These efforts did not change the clock’s visible time, but they marked the presence of countervailing forces. The story of the week, and of the term, lies in that tension: a state learning to use crisis and complexity to erode accountability, and a society still searching for ways to insist that power answer to law.</p>
","Iran war brinkmanship, SAVE-based voter policing, and Golden Dome patronage entrenched executive and crony power while archives, courts, and surveillance rules bent toward insiders. Courts, cities, and organizers pushed back, but the Democracy Clock’s public time stayed fixed.","2026-04-13 05:35:14","post","","https://thedemocracyclock.com/wp-content/uploads/week64-narrative-featured.jpg","week64-narrative-featured.jpg","","","","","","","https://thedemocracyclock.com/wp-content/uploads/week64-narrative-featured.jpg","https://thedemocracyclock.com/wp-content/uploads/week64-narrative-featured.jpg","Week","","publish","","","","","","","","","","","","","","","1","64","20260404","20260410","April 4 - 10, 2026","493.2","493.4","0","8:13 p.m.","8:13 p.m.","Democratic Breakdown","Systemic failures; elections, courts, or rights no longer reliably constrain power.","This was an acute crisis week in which authoritarian drift and war-making fed directly into domestic institutional erosion. Trump’s escalating threats against Iran—including explicit nuclear and genocidal rhetoric—combined with real strikes on civilian infrastructure to normalize war crimes talk and sideline Congress on questions of war and peace. House Republicans repeatedly blocked war-powers votes while $350 billion in defense spending moved through reconciliation, underscoring a legislature reduced to performance as the presidency operates with minimal oversight. Simultaneously, the administration advanced a multi-front assault on electoral integrity and equal citizenship: weaponizing the flawed SAVE database, suing states for voter data, and tying immigration enforcement to voter rolls, while anti‑Muslim legislation in Florida and harsh immigration practices deepened stratified citizenship. Crony capitalism and agency capture were visible in Golden Dome contracting, CFTC and SEC interventions favoring politically connected firms, and conflicted Pentagon AI deals. Civil service restructuring at the Forest Service and politicized firings in the military further hollowed neutral administration. Against this, pockets of resistance—federal court injunctions, Wisconsin’s pro‑democracy supreme court result, surveillance rollbacks by cities, and active voting‑rights litigation—showed institutional antibodies, but they were outweighed by concentrated executive power, disinformation, and rights‑eroding policy.","The Democracy Clock remained at 8:13 p.m., with only a 0.2-minute shift, reflecting continuity rather than a visible lurch. Beneath that still public time, traits tied to unchecked executive war powers, archival erosion, crony militarization, and voter suppression all intensified, indicating structural deepening rather than a new break.","The Democracy Clock advanced 0.2 minutes toward democratic midnight, reflecting structural deepening of authoritarian patterns rather than a dramatic visible jump.
Thirty-eight traits registered movement, with notable increases in unchecked executive war powers, crony militarized governance, archival erosion, SAVE-based voter suppression, and stratified citizenship, despite only a 0.2-minute clock shift.","False","This week saw a continuation of the erosion of democratic norms, particularly in character, ethics, restraint, truthfulness, and good faith. The executive branch's actions increasingly prioritized political objectives over public duty, while Congress failed to assert its authority, reflecting a troubling trend of diminishing checks on executive power.","This week consolidated a war-driven, data-enabled model of executive rule in which Congress performs, agencies serve patrons, archives are contested, and surveillance expands, while courts, cities, and organizers mount meaningful but insufficient counterpressure.","38","133","2026-04-04, 2026-04-05, 2026-04-06, 2026-04-07, 2026-04-08, 2026-04-09, 2026-04-10, 50501, 8:13 p.m., A DHS projectile that cost a protester his eye, despite an injunction limiting force, highlighted excessive federal responses to demonstrations and potential violations of First Amendment protections., A fake AI image of a rescue scene, widely shared during wartime, illustrated how synthetic media can quickly distort public perceptions of military events., A formal request for Trump to undergo a cognitive exam used institutional channels to question his fitness, testing norms around medical transparency and presidential capacity oversight., A push for public testimony from Epstein survivors sought to use congressional hearings to surface abuse and evaluate institutional failures in handling the case., A series of lower‑court decisions curbing administration initiatives underscored the judiciary’s role as a check on executive overreach, even as the White House attacked judges and sought emergency relief., A settlement ensuring continued library‑related federal funding and reversing staff cuts preserved institutional support for public information infrastructure., African Communities Together and allied plaintiffs, Amazon, American Library Association and the Trump administration, Analysts of AI in finance, Assigning a Jan. 6‑related probe of a key Trump critic to the civil rights division, unusually, raised fears that DOJ tools were being used to intimidate a whistleblower witness., Attacking CNN’s war coverage as fraudulent sought to delegitimize independent reporting that challenged the administration’s narrative of success in Iran., Benitez plaintiffs, Board of Immigration Appeals, Border agents near Buffalo, Bureau of Labor Statistics and economic analysts, By branding unfavorable battlefield assessments as fraudulent, Trump further blurred the line between legitimate criticism and alleged disinformation, complicating accountability for war outcomes., By cataloging and explaining major voting and redistricting cases, Democracy Docket equipped advocates and voters with information needed to contest restrictive election rules., By ending a pro forma session to prevent a war‑powers vote, House Republicans kept Congress from asserting its constitutional role over war, leaving presidential military actions less checked., By explaining how court cases shape voting rules, Democracy Docket contributed to public understanding of legal battles that can expand or restrict democratic access., By rejecting resolutions to require authorization for Iran operations, both chambers effectively acquiesced to expanded presidential war powers, weakening statutory checks on armed conflict., By rejecting the Pentagon’s attempt to rebrand an unconstitutional leak‑solicitation ban and closing press corridors, the court reinforced judicial limits on executive efforts to restrict reporters., By sweeping aside environmental and historic protections to build a border wall, DHS concentrated executive discretion over protected lands and limited legal and community checks on a high‑impact security project., CDC and FDA, CDC’s requests for input on surveillance systems and overdose data reflected ongoing investment in public‑health information infrastructure that underpins policy decisions., California Attorney General Rob Bonta, Calls for cabinet members to consider the 25th Amendment highlighted constitutional mechanisms for addressing presidential incapacity amid escalating nuclear‑tinged threats., Center for Biological Diversity, Centers for Disease Control and Prevention, Centers for Medicare & Medicaid Services and HHS, Centralizing Forest Service leadership into 15 political appointees and closing regional offices weakened professional management of public lands and raised legal concerns about politicizing a key civil service agency., Charging a former special operations employee for leaks about soldier misconduct underscored the government’s readiness to prosecute disclosures that enable investigative reporting on the military., Choosing foreign steel for an expensive White House project undercut protectionist rhetoric and raised questions about whose economic interests presidential building projects serve., Chronicling Trump’s efforts to discredit unfavorable media and ostracize dissenting allies provided a counter‑narrative to official messaging and preserved a record of rhetorical escalation., City of Minneapolis, Civil Rights and Dissent, Civil‑society litigation sought to expose how social‑service and justice agencies share data that can affect immigrants and voters, using courts to defend privacy and democratic participation., Claims that federal agents systematically stopped people perceived as Latino without reasonable suspicion challenged racially discriminatory enforcement practices under the Constitution and APA., Coalition for Spiritual and Public Leadership, Commentary highlighting gaps between official claims and economic or military realities helped counter narrative management that might otherwise obscure policy failures., Commodity Futures Trading Commission, Commodity and financial markets, Concerns that AI quant trading may become a zero‑sum arms race highlighted how capital and computing power can be diverted from productive uses into speculative competition., Conflicting accounts and dashcam footage around an ICE shooting of a driver raised concerns about excessive force, false gang allegations, and accountability in immigration policing., Congress, Congressional Democratic members, Coverage of Trump’s threat to imprison a reporter for protecting a source highlighted direct presidential pressure on the press, risking self‑censorship on sensitive security stories., DOJ’s move to prevent Bondi’s testimony about Epstein records restricted information flow to Congress and the public on a major abuse scandal, fueling perceptions of selective secrecy., Declaring victory in an unresolved conflict allowed the president to claim success while avoiding accountability for costs and failures, distorting public understanding of war outcomes., Defense Secretary Pete Hegseth, Democracy Docket, Democracy Forward Foundation, Democrats’ push to reconvene Congress and explore removal options highlighted legislative concern over unchecked presidential war threats, even as leadership kept chambers in recess., Department of Defense, Department of Homeland Security agents, Department of Justice, Department of Justice Civil Rights Division, Detaining a soldier’s spouse with no criminal record as he prepared for deployment showed how rigid enforcement can destabilize military families and deter immigrants from engaging with legal processes., Do No Harm advocacy group, DoD’s effort to reframe an unconstitutional leak‑solicitation ban and close press corridors, later rebuked by a court, showed institutional resistance to transparency around defense operations., Dozens of U.S. cities, EPA Administrator Lee Zeldin, EPA’s technical rulemakings on ozone attainment, sulfur emissions, pesticide inert ingredients, and community right‑to‑know reporting adjusted environmental standards that shape industrial costs and public health protections., Easing oil sanctions to coax Iran into reopening Hormuz showed how economic tools were adjusted mid‑conflict, with mixed success and potential windfalls for Iran’s revenues., Economic Structure, Electronic Frontier Foundation, Environmental Protection Agency, Epstein survivors, Erratic tariffs on dozens of countries created uncertainty for global trade and domestic industries, showing how executive trade policy can destabilize economic planning., Eswatini Supreme Court, Evidence that AI use at work has stalled suggested limits to promised productivity gains, with implications for labor markets and narratives justifying rapid automation., Evidence that ALPR systems were queried around protests showed how networked surveillance tools can be used to monitor demonstrators, chilling free assembly and expression., Executive‑driven cuts to vaccination programs and moves to end federal payments for pediatric gender‑affirming care used health policy levers to reshape access to basic services for vulnerable groups., Expected Golden Dome contracts for firms tied to major Trump donors highlighted how defense procurement can reward political allies, blending national‑security spending with crony capitalism., Extending ACIP’s charter preserved an expert advisory body that guides national vaccination policy, supporting evidence‑based public‑health governance., FCC updates to debarment procedures and data collections aimed to protect program integrity and secure communications networks, while also shaping compliance burdens for providers., FDA’s moves on safety‑report standards, color additives, petitions, device approvals, and drug withdrawals refined regulatory processes that govern market access and safety oversight., FOIA litigation over Medicaid‑ICE data‑sharing sought to protect low‑income immigrants from having health information repurposed for enforcement, defending access to care without fear., Federal Bureau of Investigation, Federal Communications Commission, Federal courts, Federal district court in D.C., Federal district court judges across the United States, Federal judge in California, Finding that border agents ignored a court order on warrantless arrests reaffirmed judicial authority over immigration enforcement and protections against unlawful detention., Findings that AI can link pseudonymous accounts to real identities threatened online anonymity, increasing risks of doxxing and retaliation against those who speak out under pseudonyms., Findings that AI‑driven hacking power is doubling quickly raised concerns that attackers could erase or steal wealth at scale, undermining trust in digital financial infrastructure., First Lady Melania Trump, Floating an unsubstantiated joint toll scheme with Iran added confusion to already fraught negotiations, complicating public understanding of who controls critical trade routes., Florida Governor Ron DeSantis, Florida’s anti‑Sharia law codified suspicion of Muslim communities into state statute, signaling state‑level willingness to legislate against a particular faith tradition., Food and Drug Administration, Glisten and participating students and workers, Halting TPS termination for Ethiopians preserved legal status for thousands of immigrants and demonstrated courts’ willingness to scrutinize abrupt changes in humanitarian protections., Harris’s call for voters to check registration and prepare for potential VRA weakening mobilized civil society to defend access to the ballot for racial minorities., Harris’s speech highlighted how a pending Supreme Court decision on Section 2 could limit legal tools to challenge racially discriminatory voting laws, reshaping electoral protections., Health agencies’ use of notice‑and‑comment procedures for surveillance and regulatory data collections maintained channels for public input into technical governance., Heather Cox Richardson and other commentators, Historians and transparency advocates sued to stop the administration from abandoning Presidential Records Act obligations, seeking to preserve archival records essential for future accountability., Holding a mother and child in degrading conditions with ankle monitors and strict check‑ins after release illustrated the human costs of aggressive family detention practices., House Democrats and voting‑rights litigators, House Ethics Committee, House Judiciary Committee Democrats, House Judiciary Committee ranking member Jamie Raskin, House Oversight and Government Reform Committee, House Oversight ranking member Robert Garcia, House Republican leadership, House Republicans, ICE agents at Fort Polk, ICE and detention‑center operators in Dilley, Texas, ICE in Texas, ICE officers in California, IRGC control and tolls on Hormuz traffic pushed oil prices above $100 per barrel, demonstrating how regional power struggles can directly raise global energy costs and inflation., Independent verification of civilian infrastructure damage in Iran countered official narratives and documented potential violations of international law for future accountability., Indivisible and allied organizers, Information, Memory and Manipulation, Injecting wartime messaging into a ceremonial children’s event blurred civic ritual with militarized propaganda, reinforcing a personalized narrative of presidential strength in conflict., Insisting on victory narratives in the face of setbacks and critical reporting showed how official messaging can be used to mask strategic failures and manage domestic opinion., Institutions and Governance, Investigative reporting that disputed official descriptions of battlefield incidents highlighted the press’s role in checking military spin and informing the public about war risks., Iranian Revolutionary Guard Corps, Iranian government, Iran’s closure and restriction of a key oil transit route weaponized geography in geopolitical bargaining, triggering global price spikes and supply disruptions., Iran’s demand for crypto tolls on a vital shipping lane leveraged control of a chokepoint to extract revenue and complicate sanctions enforcement, affecting global trade flows., Israeli judiciary, Kamala Harris, Labeling critics of his war policy as disloyal reinforced a leader‑centric standard of loyalty over institutional debate, discouraging dissent within his coalition., Litigation to obtain DOJ communications on voter data and election integrity aimed to expose how federal law enforcement is shaping election rules and potential voter purges., Lyptus Research, Maintaining data collection for TSA’s canine adoption program ensured continued civilian placement of retired working dogs, a minor but transparent use of administrative process., Making EIS documents publicly available with comment periods supported informed debate on major projects, reinforcing procedural transparency in environmental decision‑making., Massachusetts federal court, Massive funding for Golden Dome, despite feasibility doubts and ties to political allies, directed public money into a long‑term defense project with limited oversight and high patronage risk., Meidas and other reporters, Melania Trump, Melania Trump’s statement distancing herself from Epstein while urging hearings placed the White House in the center of a high‑profile abuse narrative, with implications for how survivors’ voices are used politically., More than 50 cities ending or limiting Flock ALPR contracts showed local pushback against pervasive vehicle surveillance and unauthorized federal access to location data., National Action Network convention attendees, National Health Law Program, National Health Law Program and Democracy Forward, National Health Law Program and allied advocates, National Health Law Program and immigrant advocates, New FCC disclosure rules on foreign adversary control aimed to increase transparency about who influences U.S. communications infrastructure, balancing security with market openness., New York City Mayor Zohran Mamdani, Noah Smith and other analysts, Non‑response to FOIA requests about health‑immigration data‑sharing limited public insight into how personal information might be used for enforcement, raising transparency concerns., Ongoing litigation in scores of election cases, as highlighted by Democracy Docket, showed courts as central arenas for defining voting rules and access., Ordering ICE to allow daily clergy visits at Broadview detention center protected detainees’ religious rights and limited blanket security justifications for restricting spiritual support., Ordering deportation of an activist who alleged political retaliation, in a system reshaped by the administration, raised fears that immigration courts were being used against dissenters., Ordering use of an error‑prone immigration database to police voter eligibility and criminalize ballot distribution centralized control over the franchise in the executive branch and risked large‑scale disenfranchisement., PA_001, PA_002, PA_003, PA_004, PA_005, Passing war‑driven logistics costs onto small sellers showed how geopolitical conflict and energy shocks cascade through private platforms, affecting economic opportunity and consumer prices., Pentagon under Emil Michael, Posting violent imagery that vilified Haitian immigrants and a former president normalized dehumanizing rhetoric from the head of state, heightening polarization and potential justification for harsh policies., Power and Authority, Preliminary injunction and motion decisions in multiple cases adjusted the legal landscape around TPS, civil‑service directives, and protest policing, shaping how far executive policies can go while litigation proceeds., President Trump, Progress toward breaking standard encryption raised the prospect that secure communications and data protection could be undermined, with major implications for privacy and secure civic organizing., Promising U.S. economic backing for Orbán’s reelection bid blurred lines between American foreign policy and partisan intervention in another country’s democratic process., Promising blanket pardons for insiders signaled that loyalty to the president could shield officials from legal accountability, weakening deterrence for abuses of power within the executive branch., Prosecuting large‑scale hospice fraud protected public health funds and signaled state willingness to pursue complex financial crimes that exploit vulnerable patients and taxpayers., Publicly berating NATO and tying alliance value to compliance with his Iran strategy personalized collective‑security decisions and strained multilateral checks on U.S. power., Quantum computing researchers at Caltech and Google, Refusing to recognize Democrats seeking a unanimous‑consent vote on Iran war powers showed how procedural control can be used to shield executive war‑making from legislative constraint., Refusing to release records on health‑immigration data sharing limited public insight into how federal power links social programs with enforcement, weakening transparency around rights‑affecting policies., Removing senior generals during disagreement over Iran strategy suggested political interference in military leadership, potentially discouraging internal resistance to questionable orders., Renaming the defense department to the Department of War signaled a more openly militaristic posture, shaping how executive power frames and justifies the use of force to the public and other institutions., Reports of poor food, inadequate medical care, and psychological harm at Dilley detention center, which DHS disputed, pointed to systemic rights violations in family immigration detention., Researchers Lermen et al., Resuming Netanyahu’s corruption trial amid regional conflict, and his request to delay testimony, illustrated tensions between legal accountability and claims of security exigency., Revoking lawful permanent residence and detaining alleged Soleimani relatives, amid disputed family ties, suggested immigration powers being used punitively against people associated with foreign adversaries., Rising gas, fuel oil, and airfare prices, alongside collapsing consumer confidence, showed how foreign policy choices and supply shocks translated into domestic economic strain., Routing a large share of defense funding, including Golden Dome, through reconciliation reduced debate and amendment opportunities, limiting Congress’s ability to scrutinize long‑term military commitments., Secretary of Homeland Security Kristi Noem, Seeking a medical assessment of the president’s cognition used institutional tools to question his capacity, though without binding force, reflecting concern over decision‑making in crisis., Seeking transparency on whether Medicaid data is used for immigration enforcement aimed to protect immigrants from avoiding health coverage out of fear of deportation., Senator Chris Murphy and other lawmakers, Showcasing municipal operations through public videos aimed to build trust in local government and model transparent, service‑oriented governance., Social media users and propagandists, SpaceX and Palantir, Strikes on Gulf energy and desalination facilities escalated regional economic warfare, threatening critical infrastructure that underpins basic services and global markets., Survey researchers and the Census Bureau, Survivors’ response highlighted ongoing dissatisfaction with federal transparency and accountability around Epstein‑related records, emphasizing that victims felt burdened and politicized., Sustained high oil prices due to conflict and chokepoint control underscored how geopolitical crises can become profit opportunities for energy producers and traders close to power., Tariff threats that effectively blockaded fuel to Cuba weaponized U.S. economic power against a foreign population, causing humanitarian harm while bypassing broader diplomatic processes., Terminating an SEC probe into a politically connected crypto firm without enforcement action raised concerns that regulatory decisions were influenced by campaign donations and business relationships., Texas Court of Criminal Appeals, The CFTC’s unprecedented suits against states to protect prediction markets, some tied to Trump allies, asserted federal control over a quasi‑gambling sector with direct links to politics., The Court’s decision to unsettle Bannon’s conviction for defying a congressional subpoena weakened a high‑profile enforcement of legislative oversight and raised concerns about elite impunity., The D.C. Circuit’s deference to the Pentagon’s AI procurement during active conflict, while expediting review, balanced corporate claims against wartime executive discretion in a new technological domain., The Day of Silence mobilized students and allies to highlight discrimination against LGBTQ+ youth, using symbolic non‑speech to defend inclusive educational environments., The Eswatini court’s decision to grant counsel access to U.S.‑deported detainees underscored international judicial checks on how deportees are treated after U.S. removal actions., The FOIA suit sought transparency on how health agencies share Medicaid data with immigration authorities, challenging secrecy around cross‑agency practices that affect vulnerable populations., The OLC opinion attacking the PRA signaled an intent to weaken legal obligations to preserve presidential records, threatening the integrity of the historical record., The Pentagon’s AI deal with xAI, negotiated while its senior official held and then divested stock, raised conflict‑of‑interest questions about how critical defense technology contracts are awarded., The clash over Pam Bondi’s deposition on Epstein records pitted congressional oversight against DOJ’s effort to shield a former top official, testing accountability for high‑profile abuse cases., The court’s finding that TPS revocation for Ethiopians likely violated consultation requirements preserved humanitarian protections and checked pretextual efforts to dismantle the program., The ethics probe into Tony Gonzales’s relationships with aides showed congressional mechanisms for policing member behavior, with implications for workplace safety and public trust., The homicide ruling in the death of a disabled Rohingya man left in a parking lot by border agents highlighted severe neglect in handling vulnerable migrants., The lawsuit against a scholarship reserved for Native Hawaiians questioned targeted remedies for historic health disparities, potentially reshaping how equity programs are designed., The lawsuit over delayed protection for the coal darter fish used courts to enforce environmental statutes, indirectly supporting communities that depend on healthy ecosystems., The planned general strike under the banner “No Work, No School, No Shopping” represented a large‑scale civil society effort to pressure political leaders through coordinated economic disruption., Threatening civilizational destruction on social media escalated nuclear‑tinged rhetoric and highlighted how a single leader’s statements can destabilize global security without institutional checks., Threatening defamation suits over Epstein‑related claims used civil litigation to deter critics and shape the narrative around the first family’s associations., Threatening imprisonment for reporters who protect confidential sources used presidential power to intimidate the press, undermining protections essential for investigative reporting on national‑security matters., Threats to pull the U.S. out of NATO over Iran policy used alliance commitments as leverage for personal strategic aims, concentrating foreign‑policy power in the presidency and unsettling long‑standing security arrangements., Transportation Security Administration, Trump administration, Trump administration Office of Legal Counsel, Trump administration and congressional Republicans, Trump’s acceptance and conditional suspension of a short ceasefire with Iran, while maintaining forward‑deployed forces, kept the presidency in control of war tempo with limited legislative input., Trump’s boast about his popularity in Venezuela reflected his personalized approach to foreign politics, though it did not itself change formal power structures., Trump’s endorsement of a gubernatorial candidate, coupled with promises of federal assistance, signaled potential use of national resources to bolster aligned state‑level political figures., Trump’s fabricated accounts of past counterterrorism decisions and undisclosed war plans undermined truthful communication from the commander in chief, complicating democratic oversight of national‑security choices., Trump’s poorly coordinated ceasefire announcement, which collapsed as Israel rejected its terms, illustrated personalized crisis management that sidelined coherent multilateral planning., Trump’s public threats to use force against Iran over shipping access asserted expansive unilateral war‑making authority, pressuring foreign policy decisions outside normal congressional authorization channels., Trump’s threats to bomb Iranian civilian infrastructure, while dismissing war‑crimes concerns, challenged international humanitarian norms and signaled willingness to wield U.S. power outside legal constraints., U.S. Court of Appeals for the D.C. Circuit, U.S. Department of Agriculture and Trump administration, U.S. Department of Health and Human Services and CDC, U.S. District Court for the District of Columbia, U.S. Supreme Court, U.S. federal agents and Secretary of State Marco Rubio, USPS’s fuel surcharge illustrated how war‑related energy spikes raise the cost of a basic public service, disproportionately affecting small businesses and low‑income communities., United States Postal Service, Using reconciliation to move a large defense package reduced transparency and bipartisan input on major military investments, entrenching big‑ticket spending with minimal debate., Using substantial public funds and foreign materials for a prestige White House project highlighted the president’s ability to direct state resources toward personal symbolic projects., Using troop basing as punishment for allied governments’ policy choices turned security commitments into tools of presidential coercion, weakening predictable alliance governance., Vacating a decades‑old death sentence for an intellectually disabled man reinforced constitutional limits on capital punishment and highlighted long‑term failures in providing competent defense., Video evidence undermining ICE’s narrative of a prolonged struggle before a shooting, and the subsequent dismissal of charges, underscored the importance of independent records in checking federal enforcement claims., Voters’ choice of a liberal justice in Wisconsin strengthened a court likely to protect voting rights, fair maps, and labor protections in a pivotal swing state., Week 64 – 2026-04-04–2026-04-10, Wisconsin voters, Zeldin’s endorsement of climate‑denial positions and rollback of the endangerment finding signaled that environmental policy was being reshaped around ideological narratives rather than scientific consensus., abandoned a nearly blind Rohingya refugee who later died, in a case ruled a homicide, accepted and then partially suspended a two‑week ceasefire with Iran while keeping forces in place, advanced $350 billion in defense spending through budget reconciliation with limited oversight, allocated at least $17.5 billion to the Golden Dome space‑based missile defense system, announced a 3.5% surcharge on third‑party sellers due to rising fuel costs from the Iran war, announced a restructuring of the U.S. Forest Service that closed regional offices and created politically appointed state directors, announced a tentative ceasefire with Iran that quickly unraveled amid allied disputes, announced an 8% fuel surcharge in response to higher oil prices from the Iran conflict, announced lawsuits against individuals spreading allegations about her ties to Epstein, announced new data standards for drug safety reports and sought comment on multiple regulatory information collections, announced plans for a $400 million White House ballroom built with foreign steel, announced plans for a nationwide May 1 general strike against authoritarianism, argued that Trump’s economic and war narratives downplayed inflation and strategic setbacks, arrested a former Fort Bragg employee for allegedly leaking classified information to a journalist, attempted to replace a struck‑down press policy with a similar interim rule and restricted press access corridors, blocked Democrats’ unanimous‑consent resolution to curb Trump’s Iran war powers, blocked Pam Bondi’s deposition and limited disclosure about Epstein files, blocked termination of Temporary Protected Status for Ethiopians, called for a public hearing with Epstein survivors, called for recalling both chambers to address the Iran war and consider removing Trump, challenged data‑sharing that could expose Medicaid enrollees to immigration enforcement, challenged secrecy around Medicaid data‑sharing with ICE that could chill enrollment, channeled $350 billion of the military budget, including Golden Dome, through reconciliation, circulated an AI‑generated image of a U.S. airman’s rescue in Iran that went viral, claimed a joint U.S.–Iran venture to charge tolls in the Strait of Hormuz despite Iranian mockery, claimed he was popular enough to run for president of Venezuela, closed or restricted the Strait of Hormuz in response to conflict and Israeli strikes, compelled the Department of Defense to comply with an order protecting press access and struck down a revised leak‑solicitation policy, criticized CNN’s reporting on the Iran conflict as fraudulent and demanded retraction, criticized Melania Trump’s statement and DOJ’s partial compliance with the Epstein Transparency Act, democracydocket, demonstrated that large language models can deanonymize pseudonymous online accounts with high precision, denied Anthropic’s emergency stay request but expedited its challenge to Department of War AI contracting, detained a Canadian mother and her seven‑year‑old daughter for nearly three weeks in harsh conditions, detained and later released the Honduran wife of a U.S. soldier based on an old in‑absentia removal order, directed HHS and CMS to withhold FOIA responses on data‑sharing with immigration agencies, prompting litigation, directed HHS under Robert F. Kennedy Jr. to cut immunization funding and target gender‑affirming care payments, documented Trump’s social media attacks on CNN and former allies over Iran coverage, elected Chris Taylor to the state supreme court, expanding the liberal majority, ended an SEC investigation into Crypto.com, a company with close ties to Trump’s media ventures, endorsed Steve Hilton in the California governor’s race and promised federal help, entered an AI services agreement with Elon Musk’s xAI despite Michael’s financial interest, extended information collection for its canine adoption program, failed to respond to FOIA requests about data‑sharing with DHS and ICE, prompting suit, federalregister, filed FOIA suits to uncover data‑sharing between health agencies and immigration enforcement and DOJ election practices, filed a FOIA lawsuit against the Department of Justice over voter registration and election integrity records, filed a class‑action suit alleging DHS and other agencies targeted Latinos for stops and arrests based solely on ethnicity, filed felony charges against 21 people in a $267 million hospice fraud scheme, fired the U.S. Army chief of staff and other generals amid Iran war planning, gave a keynote speech at a climate‑denial conference praising repeal of the endangerment finding, guardian, hcr, heard Kamala Harris urge vigilance against erosion of voting rights and Section 2 of the VRA, held families in conditions alleged to be inhumane and harmful, according to a detailed report, implemented a chaotic tariff policy of repeatedly imposing and retracting duties on many countries, invited public comment on multiple data‑collection and regulatory processes, issued a final removal order for activist Mahmoud Khalil after restructuring under Trump, issued an opinion declaring the Presidential Records Act unconstitutional, prompting litigation, issued multiple rulings against Trump administration policies on immigration, tariffs, and prosecutions, issued several air‑quality and chemical‑tolerance rules and information‑collection notices, issued several procedural rulings in challenges to Trump administration policies, including on TPS, agency directives, and protests, justsecurity, lashed out at NATO and threatened pressure over military commitments in the Strait of Hormuz, made false claims about his role in killing Osama bin Laden and asserted secret Iran war plans, meidas, modernized suspension and debarment rules and advanced several information‑collection efforts, narrowly rejected measures requiring approval for military operations against Iran, noah, opened an investigation into Cassidy Hutchinson for allegedly lying to Congress about Jan. 6, opened an investigation into Representative Tony Gonzales over alleged misconduct with staffers, organized the 30th annual Day of Silence to protest anti‑LGBTQ+ harassment in schools, outloud, overturned the death sentence of Clarence Curtis Jordan due to intellectual disability, pledged to use U.S. economic resources to support Hungarian Prime Minister Viktor Orbán during elections, popinfo, positioned to receive major Golden Dome contracts after large donations from their leaders to Trump, promised mass pardons to staff who had been near the Oval Office, publicly denied ties to Jeffrey Epstein and called for congressional hearings for survivors, publicly denounced former allies who opposed his Iran policy as not true supporters, publicly disputed a CNN report that Iran had achieved a significant victory after a ceasefire, publicly raised the possibility of invoking the 25th Amendment against Trump, published a notice of availability for multiple Environmental Impact Statements, published an opinion emphasizing the importance of tracking election litigation for democracy, published analysis and opinion pieces tracking 30 key election cases and broader democracy litigation, received a complaint challenging an OLC opinion that declared the Presidential Records Act unconstitutional, reduced oil sanctions on Iran in an attempt to influence its behavior over Hormuz, rejected, deactivated, or canceled contracts with Flock Safety over privacy concerns, released video contradicting ICE’s account of a shooting involving two Venezuelan men, leading to dropped charges, released videos highlighting city workers and services to promote transparency, renamed the Department of Defense to the Department of War, renewed the Advisory Committee on Immunization Practices charter, repeatedly declared victory in the Iran war despite contrary evidence and media reports, repeatedly declared victory in the Iran war despite ongoing setbacks, repeatedly threatened to attack Iranian civilian infrastructure and suggested such strikes would not be war crimes, reported a plateau or decline in workplace AI adoption, reported a surge in inflation and record‑low consumer sentiment driven by war‑related energy costs, reported advances that could eventually break widely used cryptography, reported rapid growth in AI offensive cybersecurity capabilities that could threaten financial systems, reported survivor accounts that contradicted Pentagon narratives of Iranian attacks, reported that Trump threatened to jail a journalist over a leak about a missing airman, requested a cognitive evaluation of Trump following alarming public statements, requested a presidential cognitive exam from the White House physician, required licensees to disclose foreign adversary ownership or control of communications networks, required oil tankers to pay cryptocurrency tolls for passage through the Strait of Hormuz, retaliated against Saudi and Kuwaiti energy and water infrastructure after an attack on its refinery, revealed that Flock license plate reader data had been used to search for vehicles at protest events, revoked green cards and arrested two women claimed to be relatives of Qassem Soleimani for deportation, ruled that border agents violated a prior order by conducting warrantless arrests in Sacramento, ruled that four men deported from the U.S. had the right to meet with local legal counsel, saw oil prices rise above $100 per barrel as Iran controlled Hormuz and war continued, scheduled the resumption of Prime Minister Netanyahu’s corruption trial and received a request to delay testimony, secured a ruling requiring daily clergy access to an ICE detention facility, settled litigation to restore IMLS funding operations and rescind staff reductions, shot Carlos Ivan Mendoza Hernandez during a traffic stop under disputed circumstances, shot a college student in the eye with a projectile during the No Kings protest in Los Angeles, shut down a pro forma session to block a war powers vote on Iran, signed an executive order directing DHS to use the SAVE database to define eligible voters and DOJ to prosecute ballot distribution outside that list, signed anti‑Sharia legislation into law, sought public comment on multiple disease surveillance and overdose data collections, subpoenaed former Attorney General Pam Bondi over Epstein files, prompting DOJ resistance, sued HHS and CMS for failing to respond to FOIA requests about data‑sharing with DHS and ICE, sued federal wildlife officials for failing to finalize an endangered species listing, sued three states to block their regulation of political prediction markets, sued to challenge the Native Hawaiian Health Scholarship Program’s eligibility criteria, threatened military action against Iran over the Strait of Hormuz on social media, threatened to jail journalists who refused to reveal a source about a missing airman, threatened to relocate U.S. troops away from NATO allies deemed unhelpful in the Iran war, threatened to withdraw the United States from NATO over allies’ stance on Iran, tightened control over the Strait of Hormuz and charged fees for vessel passage, tracked and pursued dozens of election‑related court cases nationwide, used a White House Easter Egg Roll appearance to discuss the Iran conflict with children, used executive orders to threaten tariffs on fuel suppliers to Cuba, creating an oil blockade, used foreign steel in constructing a costly White House ballroom project, used graphic, violent social media content attacking immigrants and a political rival, used social media to threaten that an entire Iranian civilization could be destroyed in one night, vacated Steve Bannon’s contempt of Congress conviction and remanded the case, verified that U.S.–Israeli strikes damaged numerous schools and health facilities in Iran, waived environmental and historic protection laws to speed border wall construction in Big Bend, warned that extensive AI‑driven quant trading could waste resources without adding real economic value, warned that weakening Voting Rights Act Section 2 would erode protections for minority voters, wk064-001, wk064-002, wk064-004, wk064-005, wk064-006, wk064-007, wk064-008, wk064-012, wk064-013, wk064-014, wk064-017, wk064-018, wk064-019, wk064-020, wk064-021, wk064-022, wk064-023, wk064-026, wk064-027, wk064-028, wk064-029, wk064-030, wk064-031, wk064-032, wk064-036, wk064-037, wk064-039, wk064-040, wk064-041, wk064-042, wk064-043, wk064-044, wk064-045, wk064-046, wk064-047, wk064-048, wk064-050, wk064-051, wk064-053, wk064-054, wk064-056, wk064-057, wk064-058, wk064-061, wk064-062, wk064-063, wk064-064, wk064-065, wk064-067, wk064-071, wk064-072, wk064-073, wk064-075, wk064-076, wk064-077, wk064-079, wk064-080, wk064-082, wk064-083, wk064-084, wk064-085, wk064-086, wk064-087, wk064-088, wk064-089, wk064-091, wk064-092, wk064-093, wk064-094, wk064-095, wk064-096, wk064-097, wk064-098, wk064-099, wk064-100, wk064-101, wk064-102, wk064-103, wk064-105, wk064-106, wk064-107, wk064-108, wk064-109, wk064-110, wk064-111, wk064-112, wk064-113, wk064-116, wk064-117, wk064-118, wk064-119, wk064-121, wk064-122, wk064-123, wk064-124, wk064-125, wk064-126, wk064-127, wk064-128, wk064-129, wk064-130, wk064-131, wk064-132, wk064-133, wk064-135, wk064-136, wk064-137, wk064-141, wk064-142, wk064-143, wk064-144, wk064-145, wk064-146, wk064-147, wk064-148, wk064-149, wk064-150, wk064-151, wk064-152, wk064-153, wk064-154, wk064-158, wk064-159, wk064-160, wk064-161, wk064-162, wk064-164, wk064-165, wk064-166, wk064-167, wk064-168, wk064-169, wk064-170, wk064-171, wk064-172, wk064-173, wk064-174, wk064-175, wk064-177, wk064-178, wk064-180, wk064-181, wk064-182, wk064-183, wk064-184, wk064-185, wk064-186, wk064-187, wk064-188, wk064-189, wk064-190, wk064-191, wk064-193, wk064-194, wk064-195, wk064-196, wk064-197, wk064-198, wk064-199, wk064-200, wk064-201, wk064-202, wk064-203, wk064-204, wk064-205, wk064-206, wk064-207, wk064-208, wk064-209, wk064-212, wk64_CR_001, wk64_CR_002, wk64_CR_003, wk64_CR_004, wk64_CR_005, wk64_CR_006, wk64_CR_007, wk64_CR_008, wk64_CR_009, wk64_CR_010, wk64_CR_011, wk64_CR_012, wk64_CR_013, wk64_CR_014, wk64_CR_015, wk64_CR_016, wk64_CR_017, wk64_CR_018, wk64_CR_019, wk64_CR_020, wk64_CR_021, wk64_CR_022, wk64_CR_023, wk64_CR_024, wk64_CR_025, wk64_CR_026, wk64_CR_027, wk64_ES_001, wk64_ES_002, wk64_ES_003, wk64_ES_004, wk64_ES_005, wk64_ES_006, wk64_ES_007, wk64_ES_008, wk64_ES_009, wk64_ES_010, wk64_ES_011, wk64_ES_012, wk64_ES_013, wk64_ES_014, wk64_ES_015, wk64_ES_016, wk64_ES_017, wk64_ES_018, wk64_ES_019, wk64_ES_020, wk64_ES_021, wk64_ES_022, wk64_ES_023, wk64_ES_024, wk64_ES_025, wk64_ES_026, wk64_IG_001, wk64_IG_002, wk64_IG_003, wk64_IG_004, wk64_IG_005, wk64_IG_006, wk64_IG_007, wk64_IG_008, wk64_IG_009, wk64_IG_010, wk64_IG_011, wk64_IG_012, wk64_IG_013, wk64_IG_014, wk64_IG_015, wk64_IG_016, wk64_IG_017, wk64_IG_018, wk64_IG_019, wk64_IG_020, wk64_IG_021, wk64_IG_022, wk64_IG_023, wk64_IG_024, wk64_IG_025, wk64_IG_026, wk64_IG_027, wk64_IG_028, wk64_IG_029, wk64_IG_030, wk64_IG_031, wk64_IG_032, wk64_IM_001, wk64_IM_002, wk64_IM_003, wk64_IM_004, wk64_IM_005, wk64_IM_006, wk64_IM_007, wk64_IM_008, wk64_IM_009, wk64_IM_010, wk64_IM_011, wk64_IM_012, wk64_IM_013, wk64_IM_014, wk64_IM_015, wk64_IM_016, wk64_IM_017, wk64_IM_018, wk64_IM_019, wk64_IM_020, wk64_PA_001, wk64_PA_002, wk64_PA_003, wk64_PA_004, wk64_PA_005, wk64_PA_006, wk64_PA_007, wk64_PA_008, wk64_PA_009, wk64_PA_010, wk64_PA_011, wk64_PA_012, wk64_PA_013, wk64_PA_014, wk64_PA_015, wk64_PA_016, wk64_PA_017, wk64_PA_018, wk64_PA_019, wk64_PA_020, wk64_PA_021, wk64_PA_022, wk64_PA_023, wk64_PA_024, wk64_PA_025, wk64_PA_026, wk64_PA_027, wk64_PA_028, won an order postponing the end of Ethiopia’s TPS designation due to likely APA violations, zeteo","Week 64 Appendix: War, Data, and the Quiet Capture","<!-- Generated by build_publish_week_v1 (WordPress appendix HTML) -->

<p><em>Iran conflict, voter databases, and politicized agencies deepened executive control and crony governance while courts, cities, and organizers mounted constrained but real resistance.</em></p>
<p>This was an acute crisis week in which authoritarian drift and war-making fed directly into domestic institutional erosion. Trump’s escalating threats against Iran—including explicit nuclear and genocidal rhetoric—combined with real strikes on civilian infrastructure to normalize war crimes talk and sideline Congress on questions of war and peace. House Republicans repeatedly blocked war-powers votes while $350 billion in defense spending moved through reconciliation, underscoring a legislature reduced to performance as the presidency operates with minimal oversight. Simultaneously, the administration advanced a multi-front assault on electoral integrity and equal citizenship: weaponizing the flawed SAVE database, suing states for voter data, and tying immigration enforcement to voter rolls, while anti‑Muslim legislation in Florida and harsh immigration practices deepened stratified citizenship. Crony capitalism and agency capture were visible in Golden Dome contracting, CFTC and SEC interventions favoring politically connected firms, and conflicted Pentagon AI deals. Civil service restructuring at the Forest Service and politicized firings in the military further hollowed neutral administration. Against this, pockets of resistance—federal court injunctions, Wisconsin’s pro‑democracy supreme court result, surveillance rollbacks by cities, and active voting‑rights litigation—showed institutional antibodies, but they were outweighed by concentrated executive power, disinformation, and rights‑eroding policy.</p>
<h3>Power and Authority</h3>
<ol>
<li>Trump administration renamed the Department of Defense to the Department of War: Renaming the defense department to the Department of War signaled a more openly militaristic posture, shaping how executive power frames and justifies the use of force to the public and other institutions. (2026-04-04)</li>
<li>Secretary of Homeland Security Kristi Noem waived environmental and historic protection laws to speed border wall construction in Big Bend: By sweeping aside environmental and historic protections to build a border wall, DHS concentrated executive discretion over protected lands and limited legal and community checks on a high‑impact security project. (2026-04-05)</li>
<li>President Trump threatened military action against Iran over the Strait of Hormuz on social media: Trump’s public threats to use force against Iran over shipping access asserted expansive unilateral war‑making authority, pressuring foreign policy decisions outside normal congressional authorization channels. (2026-04-05)</li>
<li>President Trump repeatedly threatened to attack Iranian civilian infrastructure and suggested such strikes would not be war crimes: Trump’s threats to bomb Iranian civilian infrastructure, while dismissing war‑crimes concerns, challenged international humanitarian norms and signaled willingness to wield U.S. power outside legal constraints. (2026-04-05)</li>
<li>President Trump accepted and then partially suspended a two‑week ceasefire with Iran while keeping forces in place: Trump’s acceptance and conditional suspension of a short ceasefire with Iran, while maintaining forward‑deployed forces, kept the presidency in control of war tempo with limited legislative input. (2026-04-08)</li>
<li>President Trump threatened to withdraw the United States from NATO over allies’ stance on Iran: Threats to pull the U.S. out of NATO over Iran policy used alliance commitments as leverage for personal strategic aims, concentrating foreign‑policy power in the presidency and unsettling long‑standing security arrangements. (2026-04-05)</li>
<li>President Trump signed an executive order directing DHS to use the SAVE database to define eligible voters and DOJ to prosecute ballot distribution outside that list: Ordering use of an error‑prone immigration database to police voter eligibility and criminalize ballot distribution centralized control over the franchise in the executive branch and risked large‑scale disenfranchisement. (2026-04-06)</li>
<li>President Trump promised mass pardons to staff who had been near the Oval Office: Promising blanket pardons for insiders signaled that loyalty to the president could shield officials from legal accountability, weakening deterrence for abuses of power within the executive branch. (2026-04-10)</li>
<li>President Trump used a White House Easter Egg Roll appearance to discuss the Iran conflict with children: Injecting wartime messaging into a ceremonial children’s event blurred civic ritual with militarized propaganda, reinforcing a personalized narrative of presidential strength in conflict. (2026-04-05)</li>
<li>President Trump made false claims about his role in killing Osama bin Laden and asserted secret Iran war plans: Trump’s fabricated accounts of past counterterrorism decisions and undisclosed war plans undermined truthful communication from the commander in chief, complicating democratic oversight of national‑security choices. (2026-04-07)</li>
<li>President Trump repeatedly declared victory in the Iran war despite ongoing setbacks: Declaring victory in an unresolved conflict allowed the president to claim success while avoiding accountability for costs and failures, distorting public understanding of war outcomes. (2026-04-07)</li>
<li>President Trump threatened to relocate U.S. troops away from NATO allies deemed unhelpful in the Iran war: Using troop basing as punishment for allied governments’ policy choices turned security commitments into tools of presidential coercion, weakening predictable alliance governance. (2026-04-08)</li>
<li>President Trump pledged to use U.S. economic resources to support Hungarian Prime Minister Viktor Orbán during elections: Promising U.S. economic backing for Orbán’s reelection bid blurred lines between American foreign policy and partisan intervention in another country’s democratic process. (2026-04-09)</li>
<li>President Trump lashed out at NATO and threatened pressure over military commitments in the Strait of Hormuz: Publicly berating NATO and tying alliance value to compliance with his Iran strategy personalized collective‑security decisions and strained multilateral checks on U.S. power. (2026-04-09)</li>
<li>President Trump used graphic, violent social media content attacking immigrants and a political rival: Posting violent imagery that vilified Haitian immigrants and a former president normalized dehumanizing rhetoric from the head of state, heightening polarization and potential justification for harsh policies. (2026-04-10)</li>
<li>President Trump publicly denounced former allies who opposed his Iran policy as not true supporters: Labeling critics of his war policy as disloyal reinforced a leader‑centric standard of loyalty over institutional debate, discouraging dissent within his coalition. (2026-04-10)</li>
<li>President Trump endorsed Steve Hilton in the California governor’s race and promised federal help: Trump’s endorsement of a gubernatorial candidate, coupled with promises of federal assistance, signaled potential use of national resources to bolster aligned state‑level political figures. (2026-04-06)</li>
<li>President Trump claimed he was popular enough to run for president of Venezuela: Trump’s boast about his popularity in Venezuela reflected his personalized approach to foreign politics, though it did not itself change formal power structures. (2026-04-05)</li>
<li>President Trump announced plans for a $400 million White House ballroom built with foreign steel: Using substantial public funds and foreign materials for a prestige White House project highlighted the president’s ability to direct state resources toward personal symbolic projects. (2026-04-09)</li>
<li>President Trump threatened to jail journalists who refused to reveal a source about a missing airman: Threatening imprisonment for reporters who protect confidential sources used presidential power to intimidate the press, undermining protections essential for investigative reporting on national‑security matters. (2026-04-06)</li>
<li>President Trump directed HHS under Robert F. Kennedy Jr. to cut immunization funding and target gender‑affirming care payments: Executive‑driven cuts to vaccination programs and moves to end federal payments for pediatric gender‑affirming care used health policy levers to reshape access to basic services for vulnerable groups. (2026-04-06)</li>
<li>President Trump used executive orders to threaten tariffs on fuel suppliers to Cuba, creating an oil blockade: Tariff threats that effectively blockaded fuel to Cuba weaponized U.S. economic power against a foreign population, causing humanitarian harm while bypassing broader diplomatic processes. (2026-04-06)</li>
<li>President Trump announced a tentative ceasefire with Iran that quickly unraveled amid allied disputes: Trump’s poorly coordinated ceasefire announcement, which collapsed as Israel rejected its terms, illustrated personalized crisis management that sidelined coherent multilateral planning. (2026-04-10)</li>
<li>President Trump claimed a joint U.S.–Iran venture to charge tolls in the Strait of Hormuz despite Iranian mockery: Floating an unsubstantiated joint toll scheme with Iran added confusion to already fraught negotiations, complicating public understanding of who controls critical trade routes. (2026-04-08)</li>
<li>President Trump criticized CNN’s reporting on the Iran conflict as fraudulent and demanded retraction: Attacking CNN’s war coverage as fraudulent sought to delegitimize independent reporting that challenged the administration’s narrative of success in Iran. (2026-04-08)</li>
<li>President Trump used social media to threaten that an entire Iranian civilization could be destroyed in one night: Threatening civilizational destruction on social media escalated nuclear‑tinged rhetoric and highlighted how a single leader’s statements can destabilize global security without institutional checks. (2026-04-07)</li>
<li>President Trump publicly disputed a CNN report that Iran had achieved a significant victory after a ceasefire: By branding unfavorable battlefield assessments as fraudulent, Trump further blurred the line between legitimate criticism and alleged disinformation, complicating accountability for war outcomes. (2026-04-08)</li>
<li>President Trump directed HHS and CMS to withhold FOIA responses on data‑sharing with immigration agencies, prompting litigation: Refusing to release records on health‑immigration data sharing limited public insight into how federal power links social programs with enforcement, weakening transparency around rights‑affecting policies. (2026-04-09)</li>
</ol>
<h3>Institutions and Governance</h3>
<ol>
<li>House Republicans shut down a pro forma session to block a war powers vote on Iran: By ending a pro forma session to prevent a war‑powers vote, House Republicans kept Congress from asserting its constitutional role over war, leaving presidential military actions less checked. (2026-04-06)</li>
<li>House Republican leadership blocked Democrats’ unanimous‑consent resolution to curb Trump’s Iran war powers: Refusing to recognize Democrats seeking a unanimous‑consent vote on Iran war powers showed how procedural control can be used to shield executive war‑making from legislative constraint. (2026-04-09)</li>
<li>Congressional Democratic members called for recalling both chambers to address the Iran war and consider removing Trump: Democrats’ push to reconvene Congress and explore removal options highlighted legislative concern over unchecked presidential war threats, even as leadership kept chambers in recess. (2026-04-08)</li>
<li>House Judiciary Committee ranking member Jamie Raskin requested a presidential cognitive exam from the White House physician: A formal request for Trump to undergo a cognitive exam used institutional channels to question his fitness, testing norms around medical transparency and presidential capacity oversight. (2026-04-09)</li>
<li>Congress narrowly rejected measures requiring approval for military operations against Iran: By rejecting resolutions to require authorization for Iran operations, both chambers effectively acquiesced to expanded presidential war powers, weakening statutory checks on armed conflict. (2026-04-07)</li>
<li>Congress advanced $350 billion in defense spending through budget reconciliation with limited oversight: Routing a large share of defense funding, including Golden Dome, through reconciliation reduced debate and amendment opportunities, limiting Congress’s ability to scrutinize long‑term military commitments. (2026-04-07)</li>
<li>House Ethics Committee opened an investigation into Representative Tony Gonzales over alleged misconduct with staffers: The ethics probe into Tony Gonzales’s relationships with aides showed congressional mechanisms for policing member behavior, with implications for workplace safety and public trust. (2026-04-06)</li>
<li>House Oversight and Government Reform Committee subpoenaed former Attorney General Pam Bondi over Epstein files, prompting DOJ resistance: The clash over Pam Bondi’s deposition on Epstein records pitted congressional oversight against DOJ’s effort to shield a former top official, testing accountability for high‑profile abuse cases. (2026-04-08)</li>
<li>House Oversight ranking member Robert Garcia called for a public hearing with Epstein survivors: A push for public testimony from Epstein survivors sought to use congressional hearings to surface abuse and evaluate institutional failures in handling the case. (2026-04-08)</li>
<li>New York City Mayor Zohran Mamdani released videos highlighting city workers and services to promote transparency: Showcasing municipal operations through public videos aimed to build trust in local government and model transparent, service‑oriented governance. (2026-04-07)</li>
<li>U.S. Department of Agriculture and Trump administration announced a restructuring of the U.S. Forest Service that closed regional offices and created politically appointed state directors: Centralizing Forest Service leadership into 15 political appointees and closing regional offices weakened professional management of public lands and raised legal concerns about politicizing a key civil service agency. (2026-04-10)</li>
<li>Defense Secretary Pete Hegseth fired the U.S. Army chief of staff and other generals amid Iran war planning: Removing senior generals during disagreement over Iran strategy suggested political interference in military leadership, potentially discouraging internal resistance to questionable orders. (2026-04-05)</li>
<li>Centers for Disease Control and Prevention renewed the Advisory Committee on Immunization Practices charter: Extending ACIP’s charter preserved an expert advisory body that guides national vaccination policy, supporting evidence‑based public‑health governance. (2026-04-06)</li>
<li>Federal district court judges across the United States issued multiple rulings against Trump administration policies on immigration, tariffs, and prosecutions: A series of lower‑court decisions curbing administration initiatives underscored the judiciary’s role as a check on executive overreach, even as the White House attacked judges and sought emergency relief. (2026-04-06)</li>
<li>U.S. Supreme Court vacated Steve Bannon’s contempt of Congress conviction and remanded the case: The Court’s decision to unsettle Bannon’s conviction for defying a congressional subpoena weakened a high‑profile enforcement of legislative oversight and raised concerns about elite impunity. (2026-04-06)</li>
<li>Federal judge in California ruled that border agents violated a prior order by conducting warrantless arrests in Sacramento: Finding that border agents ignored a court order on warrantless arrests reaffirmed judicial authority over immigration enforcement and protections against unlawful detention. (2026-04-06)</li>
<li>Massachusetts federal court blocked termination of Temporary Protected Status for Ethiopians: Halting TPS termination for Ethiopians preserved legal status for thousands of immigrants and demonstrated courts’ willingness to scrutinize abrupt changes in humanitarian protections. (2026-04-06)</li>
<li>U.S. District Court for the District of Columbia received a complaint challenging an OLC opinion that declared the Presidential Records Act unconstitutional: Historians and transparency advocates sued to stop the administration from abandoning Presidential Records Act obligations, seeking to preserve archival records essential for future accountability. (2026-04-06)</li>
<li>Federal courts issued several procedural rulings in challenges to Trump administration policies, including on TPS, agency directives, and protests: Preliminary injunction and motion decisions in multiple cases adjusted the legal landscape around TPS, civil‑service directives, and protest policing, shaping how far executive policies can go while litigation proceeds. (2026-04-07)</li>
<li>U.S. Court of Appeals for the D.C. Circuit denied Anthropic’s emergency stay request but expedited its challenge to Department of War AI contracting: The D.C. Circuit’s deference to the Pentagon’s AI procurement during active conflict, while expediting review, balanced corporate claims against wartime executive discretion in a new technological domain. (2026-04-08)</li>
<li>Federal district court in D.C. compelled the Department of Defense to comply with an order protecting press access and struck down a revised leak‑solicitation policy: By rejecting the Pentagon’s attempt to rebrand an unconstitutional leak‑solicitation ban and closing press corridors, the court reinforced judicial limits on executive efforts to restrict reporters. (2026-04-09)</li>
<li>American Library Association and the Trump administration settled litigation to restore IMLS funding operations and rescind staff reductions: A settlement ensuring continued library‑related federal funding and reversing staff cuts preserved institutional support for public information infrastructure. (2026-04-09)</li>
<li>National Health Law Program sued HHS and CMS for failing to respond to FOIA requests about data‑sharing with DHS and ICE: The FOIA suit sought transparency on how health agencies share Medicaid data with immigration authorities, challenging secrecy around cross‑agency practices that affect vulnerable populations. (2026-04-09)</li>
<li>Democracy Forward Foundation filed a FOIA lawsuit against the Department of Justice over voter registration and election integrity records: Litigation to obtain DOJ communications on voter data and election integrity aimed to expose how federal law enforcement is shaping election rules and potential voter purges. (2026-04-10)</li>
<li>Senator Chris Murphy and other lawmakers publicly raised the possibility of invoking the 25th Amendment against Trump: Calls for cabinet members to consider the 25th Amendment highlighted constitutional mechanisms for addressing presidential incapacity amid escalating nuclear‑tinged threats. (2026-04-06)</li>
<li>House Judiciary Committee Democrats requested a cognitive evaluation of Trump following alarming public statements: Seeking a medical assessment of the president’s cognition used institutional tools to question his capacity, though without binding force, reflecting concern over decision‑making in crisis. (2026-04-09)</li>
<li>Florida Governor Ron DeSantis signed anti‑Sharia legislation into law: Florida’s anti‑Sharia law codified suspicion of Muslim communities into state statute, signaling state‑level willingness to legislate against a particular faith tradition. (2026-04-09)</li>
<li>Kamala Harris warned that weakening Voting Rights Act Section 2 would erode protections for minority voters: Harris’s speech highlighted how a pending Supreme Court decision on Section 2 could limit legal tools to challenge racially discriminatory voting laws, reshaping electoral protections. (2026-04-10)</li>
<li>Eswatini Supreme Court ruled that four men deported from the U.S. had the right to meet with local legal counsel: The Eswatini court’s decision to grant counsel access to U.S.‑deported detainees underscored international judicial checks on how deportees are treated after U.S. removal actions. (2026-04-10)</li>
<li>Texas Court of Criminal Appeals overturned the death sentence of Clarence Curtis Jordan due to intellectual disability: Vacating a decades‑old death sentence for an intellectually disabled man reinforced constitutional limits on capital punishment and highlighted long‑term failures in providing competent defense. (2026-04-10)</li>
<li>Israeli judiciary scheduled the resumption of Prime Minister Netanyahu’s corruption trial and received a request to delay testimony: Resuming Netanyahu’s corruption trial amid regional conflict, and his request to delay testimony, illustrated tensions between legal accountability and claims of security exigency. (2026-04-10)</li>
<li>House Democrats and voting‑rights litigators tracked and pursued dozens of election‑related court cases nationwide: Ongoing litigation in scores of election cases, as highlighted by Democracy Docket, showed courts as central arenas for defining voting rules and access. (2026-04-08)</li>
</ol>
<h3>Economic Structure</h3>
<ol>
<li>Amazon announced a 3.5% surcharge on third‑party sellers due to rising fuel costs from the Iran war: Passing war‑driven logistics costs onto small sellers showed how geopolitical conflict and energy shocks cascade through private platforms, affecting economic opportunity and consumer prices. (2026-04-04)</li>
<li>United States Postal Service announced an 8% fuel surcharge in response to higher oil prices from the Iran conflict: USPS’s fuel surcharge illustrated how war‑related energy spikes raise the cost of a basic public service, disproportionately affecting small businesses and low‑income communities. (2026-04-04)</li>
<li>Lyptus Research reported rapid growth in AI offensive cybersecurity capabilities that could threaten financial systems: Findings that AI‑driven hacking power is doubling quickly raised concerns that attackers could erase or steal wealth at scale, undermining trust in digital financial infrastructure. (2026-04-05)</li>
<li>Analysts of AI in finance warned that extensive AI‑driven quant trading could waste resources without adding real economic value: Concerns that AI quant trading may become a zero‑sum arms race highlighted how capital and computing power can be diverted from productive uses into speculative competition. (2026-04-05)</li>
<li>Survey researchers and the Census Bureau reported a plateau or decline in workplace AI adoption: Evidence that AI use at work has stalled suggested limits to promised productivity gains, with implications for labor markets and narratives justifying rapid automation. (2026-04-05)</li>
<li>Trump administration implemented a chaotic tariff policy of repeatedly imposing and retracting duties on many countries: Erratic tariffs on dozens of countries created uncertainty for global trade and domestic industries, showing how executive trade policy can destabilize economic planning. (2026-04-07)</li>
<li>Trump administration allocated at least $17.5 billion to the Golden Dome space‑based missile defense system: Massive funding for Golden Dome, despite feasibility doubts and ties to political allies, directed public money into a long‑term defense project with limited oversight and high patronage risk. (2026-04-07)</li>
<li>Trump administration and congressional Republicans channeled $350 billion of the military budget, including Golden Dome, through reconciliation: Using reconciliation to move a large defense package reduced transparency and bipartisan input on major military investments, entrenching big‑ticket spending with minimal debate. (2026-04-07)</li>
<li>SpaceX and Palantir positioned to receive major Golden Dome contracts after large donations from their leaders to Trump: Expected Golden Dome contracts for firms tied to major Trump donors highlighted how defense procurement can reward political allies, blending national‑security spending with crony capitalism. (2026-04-07)</li>
<li>Commodity Futures Trading Commission sued three states to block their regulation of political prediction markets: The CFTC’s unprecedented suits against states to protect prediction markets, some tied to Trump allies, asserted federal control over a quasi‑gambling sector with direct links to politics. (2026-04-09)</li>
<li>Trump administration ended an SEC investigation into Crypto.com, a company with close ties to Trump’s media ventures: Terminating an SEC probe into a politically connected crypto firm without enforcement action raised concerns that regulatory decisions were influenced by campaign donations and business relationships. (2026-04-09)</li>
<li>Pentagon under Emil Michael entered an AI services agreement with Elon Musk’s xAI despite Michael’s financial interest: The Pentagon’s AI deal with xAI, negotiated while its senior official held and then divested stock, raised conflict‑of‑interest questions about how critical defense technology contracts are awarded. (2026-04-09)</li>
<li>Iranian government required oil tankers to pay cryptocurrency tolls for passage through the Strait of Hormuz: Iran’s demand for crypto tolls on a vital shipping lane leveraged control of a chokepoint to extract revenue and complicate sanctions enforcement, affecting global trade flows. (2026-04-08)</li>
<li>Iranian Revolutionary Guard Corps tightened control over the Strait of Hormuz and charged fees for vessel passage: IRGC control and tolls on Hormuz traffic pushed oil prices above $100 per barrel, demonstrating how regional power struggles can directly raise global energy costs and inflation. (2026-04-10)</li>
<li>Iranian government closed or restricted the Strait of Hormuz in response to conflict and Israeli strikes: Iran’s closure and restriction of a key oil transit route weaponized geography in geopolitical bargaining, triggering global price spikes and supply disruptions. (2026-04-07)</li>
<li>Trump administration reduced oil sanctions on Iran in an attempt to influence its behavior over Hormuz: Easing oil sanctions to coax Iran into reopening Hormuz showed how economic tools were adjusted mid‑conflict, with mixed success and potential windfalls for Iran’s revenues. (2026-04-07)</li>
<li>U.S. Department of Health and Human Services and CDC sought public comment on multiple disease surveillance and overdose data collections: CDC’s requests for input on surveillance systems and overdose data reflected ongoing investment in public‑health information infrastructure that underpins policy decisions. (2026-04-07)</li>
<li>Environmental Protection Agency issued several air‑quality and chemical‑tolerance rules and information‑collection notices: EPA’s technical rulemakings on ozone attainment, sulfur emissions, pesticide inert ingredients, and community right‑to‑know reporting adjusted environmental standards that shape industrial costs and public health protections. (2026-04-06)</li>
<li>Federal Communications Commission modernized suspension and debarment rules and advanced several information‑collection efforts: FCC updates to debarment procedures and data collections aimed to protect program integrity and secure communications networks, while also shaping compliance burdens for providers. (2026-04-09)</li>
<li>Food and Drug Administration announced new data standards for drug safety reports and sought comment on multiple regulatory information collections: FDA’s moves on safety‑report standards, color additives, petitions, device approvals, and drug withdrawals refined regulatory processes that govern market access and safety oversight. (2026-04-06)</li>
<li>Transportation Security Administration extended information collection for its canine adoption program: Maintaining data collection for TSA’s canine adoption program ensured continued civilian placement of retired working dogs, a minor but transparent use of administrative process. (2026-04-09)</li>
<li>Trump administration used foreign steel in constructing a costly White House ballroom project: Choosing foreign steel for an expensive White House project undercut protectionist rhetoric and raised questions about whose economic interests presidential building projects serve. (2026-04-09)</li>
<li>California Attorney General Rob Bonta filed felony charges against 21 people in a $267 million hospice fraud scheme: Prosecuting large‑scale hospice fraud protected public health funds and signaled state willingness to pursue complex financial crimes that exploit vulnerable patients and taxpayers. (2026-04-09)</li>
<li>Bureau of Labor Statistics and economic analysts reported a surge in inflation and record‑low consumer sentiment driven by war‑related energy costs: Rising gas, fuel oil, and airfare prices, alongside collapsing consumer confidence, showed how foreign policy choices and supply shocks translated into domestic economic strain. (2026-04-09)</li>
<li>Iranian government retaliated against Saudi and Kuwaiti energy and water infrastructure after an attack on its refinery: Strikes on Gulf energy and desalination facilities escalated regional economic warfare, threatening critical infrastructure that underpins basic services and global markets. (2026-04-08)</li>
<li>Commodity and financial markets saw oil prices rise above $100 per barrel as Iran controlled Hormuz and war continued: Sustained high oil prices due to conflict and chokepoint control underscored how geopolitical crises can become profit opportunities for energy producers and traders close to power. (2026-04-10)</li>
</ol>
<h3>Civil Rights and Dissent</h3>
<ol>
<li>U.S. federal agents and Secretary of State Marco Rubio revoked green cards and arrested two women claimed to be relatives of Qassem Soleimani for deportation: Revoking lawful permanent residence and detaining alleged Soleimani relatives, amid disputed family ties, suggested immigration powers being used punitively against people associated with foreign adversaries. (2026-04-04)</li>
<li>Indivisible and allied organizers announced plans for a nationwide May 1 general strike against authoritarianism: The planned general strike under the banner “No Work, No School, No Shopping” represented a large‑scale civil society effort to pressure political leaders through coordinated economic disruption. (2026-04-04)</li>
<li>Electronic Frontier Foundation revealed that Flock license plate reader data had been used to search for vehicles at protest events: Evidence that ALPR systems were queried around protests showed how networked surveillance tools can be used to monitor demonstrators, chilling free assembly and expression. (2026-04-08)</li>
<li>Dozens of U.S. cities rejected, deactivated, or canceled contracts with Flock Safety over privacy concerns: More than 50 cities ending or limiting Flock ALPR contracts showed local pushback against pervasive vehicle surveillance and unauthorized federal access to location data. (2026-04-08)</li>
<li>Department of Homeland Security agents shot a college student in the eye with a projectile during the No Kings protest in Los Angeles: A DHS projectile that cost a protester his eye, despite an injunction limiting force, highlighted excessive federal responses to demonstrations and potential violations of First Amendment protections. (2026-04-08)</li>
<li>ICE agents at Fort Polk detained and later released the Honduran wife of a U.S. soldier based on an old in‑absentia removal order: Detaining a soldier’s spouse with no criminal record as he prepared for deployment showed how rigid enforcement can destabilize military families and deter immigrants from engaging with legal processes. (2026-04-07)</li>
<li>City of Minneapolis released video contradicting ICE’s account of a shooting involving two Venezuelan men, leading to dropped charges: Video evidence undermining ICE’s narrative of a prolonged struggle before a shooting, and the subsequent dismissal of charges, underscored the importance of independent records in checking federal enforcement claims. (2026-04-07)</li>
<li>ICE officers in California shot Carlos Ivan Mendoza Hernandez during a traffic stop under disputed circumstances: Conflicting accounts and dashcam footage around an ICE shooting of a driver raised concerns about excessive force, false gang allegations, and accountability in immigration policing. (2026-04-09)</li>
<li>Border agents near Buffalo abandoned a nearly blind Rohingya refugee who later died, in a case ruled a homicide: The homicide ruling in the death of a disabled Rohingya man left in a parking lot by border agents highlighted severe neglect in handling vulnerable migrants. (2026-04-06)</li>
<li>ICE and detention‑center operators in Dilley, Texas held families in conditions alleged to be inhumane and harmful, according to a detailed report: Reports of poor food, inadequate medical care, and psychological harm at Dilley detention center, which DHS disputed, pointed to systemic rights violations in family immigration detention. (2026-04-09)</li>
<li>Board of Immigration Appeals issued a final removal order for activist Mahmoud Khalil after restructuring under Trump: Ordering deportation of an activist who alleged political retaliation, in a system reshaped by the administration, raised fears that immigration courts were being used against dissenters. (2026-04-09)</li>
<li>ICE in Texas detained a Canadian mother and her seven‑year‑old daughter for nearly three weeks in harsh conditions: Holding a mother and child in degrading conditions with ankle monitors and strict check‑ins after release illustrated the human costs of aggressive family detention practices. (2026-04-10)</li>
<li>National Health Law Program and Democracy Forward filed FOIA suits to uncover data‑sharing between health agencies and immigration enforcement and DOJ election practices: Civil‑society litigation sought to expose how social‑service and justice agencies share data that can affect immigrants and voters, using courts to defend privacy and democratic participation. (2026-04-09)</li>
<li>Glisten and participating students and workers organized the 30th annual Day of Silence to protest anti‑LGBTQ+ harassment in schools: The Day of Silence mobilized students and allies to highlight discrimination against LGBTQ+ youth, using symbolic non‑speech to defend inclusive educational environments. (2026-04-10)</li>
<li>First Lady Melania Trump publicly denied ties to Jeffrey Epstein and called for congressional hearings for survivors: Melania Trump’s statement distancing herself from Epstein while urging hearings placed the White House in the center of a high‑profile abuse narrative, with implications for how survivors’ voices are used politically. (2026-04-10)</li>
<li>Epstein survivors criticized Melania Trump’s statement and DOJ’s partial compliance with the Epstein Transparency Act: Survivors’ response highlighted ongoing dissatisfaction with federal transparency and accountability around Epstein‑related records, emphasizing that victims felt burdened and politicized. (2026-04-08)</li>
<li>National Health Law Program and immigrant advocates challenged data‑sharing that could expose Medicaid enrollees to immigration enforcement: FOIA litigation over Medicaid‑ICE data‑sharing sought to protect low‑income immigrants from having health information repurposed for enforcement, defending access to care without fear. (2026-04-09)</li>
<li>Center for Biological Diversity sued federal wildlife officials for failing to finalize an endangered species listing: The lawsuit over delayed protection for the coal darter fish used courts to enforce environmental statutes, indirectly supporting communities that depend on healthy ecosystems. (2026-04-07)</li>
<li>Benitez plaintiffs filed a class‑action suit alleging DHS and other agencies targeted Latinos for stops and arrests based solely on ethnicity: Claims that federal agents systematically stopped people perceived as Latino without reasonable suspicion challenged racially discriminatory enforcement practices under the Constitution and APA. (2026-04-08)</li>
<li>African Communities Together and allied plaintiffs won an order postponing the end of Ethiopia’s TPS designation due to likely APA violations: The court’s finding that TPS revocation for Ethiopians likely violated consultation requirements preserved humanitarian protections and checked pretextual efforts to dismantle the program. (2026-04-07)</li>
<li>Coalition for Spiritual and Public Leadership secured a ruling requiring daily clergy access to an ICE detention facility: Ordering ICE to allow daily clergy visits at Broadview detention center protected detainees’ religious rights and limited blanket security justifications for restricting spiritual support. (2026-04-07)</li>
<li>National Action Network convention attendees heard Kamala Harris urge vigilance against erosion of voting rights and Section 2 of the VRA: Harris’s call for voters to check registration and prepare for potential VRA weakening mobilized civil society to defend access to the ballot for racial minorities. (2026-04-10)</li>
<li>Democracy Docket published analysis and opinion pieces tracking 30 key election cases and broader democracy litigation: By cataloging and explaining major voting and redistricting cases, Democracy Docket equipped advocates and voters with information needed to contest restrictive election rules. (2026-04-08)</li>
<li>Wisconsin voters elected Chris Taylor to the state supreme court, expanding the liberal majority: Voters’ choice of a liberal justice in Wisconsin strengthened a court likely to protect voting rights, fair maps, and labor protections in a pivotal swing state. (2026-04-06)</li>
<li>Department of Justice Civil Rights Division opened an investigation into Cassidy Hutchinson for allegedly lying to Congress about Jan. 6: Assigning a Jan. 6‑related probe of a key Trump critic to the civil rights division, unusually, raised fears that DOJ tools were being used to intimidate a whistleblower witness. (2026-04-07)</li>
<li>National Health Law Program and allied advocates challenged secrecy around Medicaid data‑sharing with ICE that could chill enrollment: Seeking transparency on whether Medicaid data is used for immigration enforcement aimed to protect immigrants from avoiding health coverage out of fear of deportation. (2026-04-09)</li>
<li>Do No Harm advocacy group sued to challenge the Native Hawaiian Health Scholarship Program’s eligibility criteria: The lawsuit against a scholarship reserved for Native Hawaiians questioned targeted remedies for historic health disparities, potentially reshaping how equity programs are designed. (2026-04-09)</li>
</ol>
<h3>Information, Memory and Manipulation</h3>
<ol>
<li>Meidas and other reporters reported that Trump threatened to jail a journalist over a leak about a missing airman: Coverage of Trump’s threat to imprison a reporter for protecting a source highlighted direct presidential pressure on the press, risking self‑censorship on sensitive security stories. (2026-04-05)</li>
<li>Researchers Lermen et al. demonstrated that large language models can deanonymize pseudonymous online accounts with high precision: Findings that AI can link pseudonymous accounts to real identities threatened online anonymity, increasing risks of doxxing and retaliation against those who speak out under pseudonyms. (2026-04-05)</li>
<li>Quantum computing researchers at Caltech and Google reported advances that could eventually break widely used cryptography: Progress toward breaking standard encryption raised the prospect that secure communications and data protection could be undermined, with major implications for privacy and secure civic organizing. (2026-04-05)</li>
<li>Social media users and propagandists circulated an AI‑generated image of a U.S. airman’s rescue in Iran that went viral: A fake AI image of a rescue scene, widely shared during wartime, illustrated how synthetic media can quickly distort public perceptions of military events. (2026-04-06)</li>
<li>Trump administration repeatedly declared victory in the Iran war despite contrary evidence and media reports: Insisting on victory narratives in the face of setbacks and critical reporting showed how official messaging can be used to mask strategic failures and manage domestic opinion. (2026-04-07)</li>
<li>EPA Administrator Lee Zeldin gave a keynote speech at a climate‑denial conference praising repeal of the endangerment finding: Zeldin’s endorsement of climate‑denial positions and rollback of the endangerment finding signaled that environmental policy was being reshaped around ideological narratives rather than scientific consensus. (2026-04-08)</li>
<li>Department of Justice blocked Pam Bondi’s deposition and limited disclosure about Epstein files: DOJ’s move to prevent Bondi’s testimony about Epstein records restricted information flow to Congress and the public on a major abuse scandal, fueling perceptions of selective secrecy. (2026-04-08)</li>
<li>Melania Trump announced lawsuits against individuals spreading allegations about her ties to Epstein: Threatening defamation suits over Epstein‑related claims used civil litigation to deter critics and shape the narrative around the first family’s associations. (2026-04-08)</li>
<li>Trump administration Office of Legal Counsel issued an opinion declaring the Presidential Records Act unconstitutional, prompting litigation: The OLC opinion attacking the PRA signaled an intent to weaken legal obligations to preserve presidential records, threatening the integrity of the historical record. (2026-04-06)</li>
<li>Democracy Docket published an opinion emphasizing the importance of tracking election litigation for democracy: By explaining how court cases shape voting rules, Democracy Docket contributed to public understanding of legal battles that can expand or restrict democratic access. (2026-04-08)</li>
<li>Heather Cox Richardson and other commentators documented Trump’s social media attacks on CNN and former allies over Iran coverage: Chronicling Trump’s efforts to discredit unfavorable media and ostracize dissenting allies provided a counter‑narrative to official messaging and preserved a record of rhetorical escalation. (2026-04-08)</li>
<li>New York Times and CBS journalists reported survivor accounts that contradicted Pentagon narratives of Iranian attacks: Investigative reporting that disputed official descriptions of battlefield incidents highlighted the press’s role in checking military spin and informing the public about war risks. (2026-04-08)</li>
<li>New York Times and humanitarian organizations verified that U.S.–Israeli strikes damaged numerous schools and health facilities in Iran: Independent verification of civilian infrastructure damage in Iran countered official narratives and documented potential violations of international law for future accountability. (2026-04-10)</li>
<li>Federal Bureau of Investigation arrested a former Fort Bragg employee for allegedly leaking classified information to a journalist: Charging a former special operations employee for leaks about soldier misconduct underscored the government’s readiness to prosecute disclosures that enable investigative reporting on the military. (2026-04-09)</li>
<li>Centers for Medicare &amp; Medicaid Services and HHS failed to respond to FOIA requests about data‑sharing with DHS and ICE, prompting suit: Non‑response to FOIA requests about health‑immigration data‑sharing limited public insight into how personal information might be used for enforcement, raising transparency concerns. (2026-04-09)</li>
<li>Department of Defense attempted to replace a struck‑down press policy with a similar interim rule and restricted press access corridors: DoD’s effort to reframe an unconstitutional leak‑solicitation ban and close press corridors, later rebuked by a court, showed institutional resistance to transparency around defense operations. (2026-04-09)</li>
<li>Environmental Protection Agency published a notice of availability for multiple Environmental Impact Statements: Making EIS documents publicly available with comment periods supported informed debate on major projects, reinforcing procedural transparency in environmental decision‑making. (2026-04-10)</li>
<li>Federal Communications Commission required licensees to disclose foreign adversary ownership or control of communications networks: New FCC disclosure rules on foreign adversary control aimed to increase transparency about who influences U.S. communications infrastructure, balancing security with market openness. (2026-04-10)</li>
<li>Noah Smith and other analysts argued that Trump’s economic and war narratives downplayed inflation and strategic setbacks: Commentary highlighting gaps between official claims and economic or military realities helped counter narrative management that might otherwise obscure policy failures. (2026-04-09)</li>
<li>CDC and FDA invited public comment on multiple data‑collection and regulatory processes: Health agencies’ use of notice‑and‑comment procedures for surveillance and regulatory data collections maintained channels for public input into technical governance. (2026-04-07)</li>
</ol>
","Iran war brinkmanship, SAVE-based voter policing, and Golden Dome patronage entrenched executive and crony power while archives, courts, and surveillance rules bent toward insiders. Courts, cities, and organizers pushed back, but the Democracy Clock’s public time stayed fixed."
