"ID","Title","Content","Excerpt","Date","Post Type","Permalink","Image URL","Image Filename","Image Path","Image ID","Image Title","Image Caption","Image Description","Image Alt Text","Image Featured","Attachment URL","Categories","Tags","Status","Author ID","Author Username","Author Email","Author First Name","Author Last Name","Slug","Format","Template","Parent","Parent Slug","Order","Comment Status","Ping Status","Post Modified Date","Is Current","Week Number","Week Start Date","Week End Date","Week Label","Week Start Minutes","Week End Minutes","Week Movement Minutes","Week Start Time Display","Week End Time Display","Week Status Tier Label","Week Status Tier Description","Week Status Summary","Clock Time Reference","Week Delta Summary","Clock Moved","Moral Floor Summary","Net Interpretation","Traits Moved Count","Event Count Total","Sources","Appendix Title","Appendix Content","Appendix Excerpt"
"","Week 79: Consolidation Without Clock Movement","<!-- Generated by build_publish_week_v1 (WordPress narrative HTML) -->

<blockquote class=""dc-subtitle""><em>Voting pressure, harsher immigration enforcement, war opacity, and retaliation against scrutiny deepened existing democratic strain without moving the clock.</em></blockquote>
<p>Week 79 was a week of convergence. Pressure did not come from one office or one decree. It came through many channels at once, each narrow enough to seem procedural on its own. Voting rules were pressed from above and narrowed in court. Immigration enforcement grew in scale as its checks thinned. War powers widened under claims of urgency, while the record of war itself grew harder to trust. The pattern was not sudden. It built by accumulation.</p>
<p>At the close of the last period, the Democracy Clock stood at 7:44 p.m. It remained at 7:44 p.m. this week, a net change of 0 minutes. The stillness did not mark relief. It marked consolidation. The week added force to lines already in place: executive pressure on elections, harsher immigration control, retaliation against scrutiny, and the use of money and access to shape public action. Courts and states did push back in places, and that resistance mattered. But the balance of the week lay in reinforcement, not fresh rupture.</p>
<p>The clearest example came in the fight over voting rules. The president called on Congress to pass the SAVE America Act, then ordered the Department of Homeland Security to notify states about alleged noncitizens on voter rolls and treat them as ineligible. Soon after, the homeland security secretary demanded that states run their rolls through a federal checking tool and threatened prosecution if they refused. The language was administrative. The effect was coercive. State election officials were told that federal power would stand over local judgment.</p>
<p>That pressure did not stay in the realm of threats. A coalition of states and the District of Columbia sued over FEMA and DHS grant conditions that tied disaster and security money to changes in voting and immigration policy. This mattered because it turned elections into a funding question. States that resisted new federal demands risked losing money meant for public safety and disaster response. The White House and the agencies gained leverage. States, local election administrators, and voters bore the cost.</p>
<p>Congress then carried the same project forward through must-pass vehicles. The House passed a National Defense Authorization Act that bundled war funding, voting restrictions, and a Pentagon renaming provision into one package. House Republicans also approved a large Iran-war budget plan and a separate budget resolution tied to a reconciliation bill that carried more voting changes. This was not ordinary debate over election law. It used fiscal and defense machinery to move rules that might not survive open, stand-alone scrutiny. The chamber still acted. It acted by compression and attachment.</p>
<p>The courts widened the effect. The Supreme Court issued a ruling that weakened the Voting Rights Act, and a panel of federal judges declined to block Tennessee’s new congressional map that split Memphis. In Arizona, election deniers won nominations for governor and top election official while the Justice Department monitored several counties. One federal judge did allow voting-rights and constitutional claims to proceed against an executive order alleged to burden voting. That check was real. But the larger shape of the week was plain: executive pressure, congressional packaging, and judicial retreat all bore down on the same field. Ballot access and fair representation were being narrowed from several directions at once.</p>
<p>The second development lay in immigration enforcement, where scale and human cost moved together. ICE recorded more than forty-three thousand arrests in June and reached record daily arrest levels in early July. Those numbers were not abstract. During a Houston operation, an ICE officer fatally shot Lorenzo Salgado Araujo, a man who was not the intended target. In Florida, Juan Jairo Coronilla Durán died after fleeing federal officials during an ICE-linked operation. State power was felt in bodies first. That is the hardest fact.</p>
<p>The machinery around those deaths showed weak restraint. Reports said the FBI had stopped investigating confrontations involving ICE, though DOJ and DHS later disputed the account. House Homeland Security Committee Democrats reported dozens of excessive-force complaints and only one referral for possible discipline. Senators demanded investigations into recent fatal ICE shootings. At the same time, ICE officers themselves described low morale, unsafe staffing, and the use of untrained recruits. A coercive agency was growing fast while its own internal order frayed. That is a dangerous mix.</p>
<p>Legal protection for migrants also shrank. The administration cut federal funding for legal aid to unaccompanied immigrant children and pressed providers for sensitive data. Groups sued over a nonwaivable fee for special immigrant juvenile petitions, arguing that poor children could be blocked from a protection created by statute. A long-term resident, Connor Read, remained detained by ICE after being taken into custody at a green-card interview over past minor convictions. The line between legal process and an enforcement trap grew thinner. Status became more fragile.</p>
<p>The infrastructure of expansion was visible too. Members of Congress backed dozens of bills to expand ICE’s authority and funding. DHS posted a solicitation for offshore detention facilities, while advocates mounted a public campaign against what they described as a child-bounty contracting system. DHS also awarded a contract for more border wall construction in Organ Pipe Cactus National Monument. One private contractor, Avelo Airlines, ended ICE deportation flights after sustained protests. That showed public pressure could still disrupt the market side of enforcement. But the larger movement was toward a bigger, harsher, and more outsourced system, one harder to challenge and easier to hide behind contracts.</p>
<p>War with Iran formed the third major line of the week, and here too the struggle was over domestic power as much as foreign action. The defense secretary asked the Senate for nearly $88 billion in supplemental Iran-war funding and defended a much larger military budget. The Pentagon sought additional congressional funding for military operations, and the Senate held a hearing on a proposed $1.5 trillion Defense Department budget. The president threatened military action against Iran and the Houthis after attacks on Saudi oil tankers, then later threatened to target civilian infrastructure in Iran in retaliation for attacks on U.S. ships. The executive was not merely conducting war. It was pressing Congress to ratify and finance a widening field of action.</p>
<p>Congress did not simply yield. The House passed a war powers resolution directing the president to withdraw U.S. forces from the Iran conflict. That vote mattered because it asserted that war still required a constitutional counterweight. Yet the same House had already passed defense and budget measures that carried war funding forward. This was the split character of the legislature all week: active, but not steady; resistant in one vote, permissive in another. It could still speak. It struggled to hold a line.</p>
<p>The public record of the war became its own contest. The Pentagon disclosed casualties from the Iran conflict only after criticism over earlier silence, then updated its casualty database, then revised the official death toll downward by excluding four service members killed after a declared cease-fire. A member of Congress said the administration had not provided an accounting for military funding requests. The issue was not only that the numbers changed. It was whether the public could trust the terms on which they changed. Casualty counts are a form of democratic fact. When they shift in politically useful ways, oversight weakens even before any formal lie is proved.</p>
<p>The economic effects of conflict sharpened the same point. Gas and oil markets rose sharply as the Iran conflict and regional attacks disrupted expectations, and oil tankers reversed course after a Houthi blockade near the Bab el-Mandeb Strait. War reached home through price and supply. That widened executive leverage, because urgency in foreign affairs often narrows the space for scrutiny at home. Emergency talk also moved in the background. An ally of the president publicly argued that a communist-threat narrative could justify a national security emergency order tied to the SAVE America agenda. The week did not bring such an order. It did show how war and domestic politics were being placed in the same frame.</p>
<p>A fourth development centered on retaliation against those who watch power. The president accused journalists of hiding election fraud and called for revoking broadcasters’ licenses. That was not just insult. It was a threat cast in the language of state sanction. Soon after, the administration sought phone records of New York Times reporters and their relatives in an effort later withdrawn. The withdrawal mattered less than the act itself. Once the state reaches for a reporter’s records, the warning has already been sent.</p>
<p>The same pressure touched figures linked to past investigations of the president. Representative Jim Jordan pressed the Justice Department to prosecute Jack Smith over his congressional testimony. Roger Rogoff sued after his removal as U.S. attorney for western Washington, testing the reach of presidential control over federal prosecutors. At the same time, a federal appeals court upheld Peter Navarro’s contempt of Congress convictions, which showed that some legal boundaries still held. But the week’s main lesson was different. Scrutiny itself had become a target. The press, investigators, and the public all stood to lose.</p>
<p>Other signals reinforced that pattern. The Senate Intelligence Committee advanced Jay Clayton’s nomination for director of national intelligence, a post that bears on surveillance power and public trust. A CREW analysis said the president had sought more than $70 billion in lawsuits and claims since late 2022, suggesting repeated use of courts as pressure tools. None of these acts alone remade the system. Together they showed that legal process, surveillance risk, and public denunciation were being used not only to govern but to discipline those who ask unwelcome questions.</p>
<p>The fifth development was procedural but important. House leaders compressed defense, funding, and budget decisions into a rush before recess, even as Representative James Comer said the House was essentially done working before the midterms. That contradiction told its own story. The chamber was not idle. It was selective. It could move quickly on war, stopgap funding, and large packages, yet still present itself as functionally withdrawn from ordinary governing work. That is how a legislature drifts from deliberation into staging.</p>
<p>The House passed a stopgap spending bill to avert a shutdown through early December. It also moved the NDAA, war funding, and a budget resolution for reconciliation in quick order. Major decisions were bundled into short windows and tied to vehicles that were hard to resist. The process favored leadership, party discipline, and claims of urgency over committee work and sustained debate. Congress remained a site of action. It was less reliably a site of judgment.</p>
<p>That point was sharpened by contrast. Congress enacted the 21st Century ROAD to Housing Act into law without the president’s signature, showing that independent legislative capacity had not vanished. The House also passed a war powers resolution against the Iran conflict. These were real acts of institutional life. Yet they stood beside a chamber openly signaling exhaustion and using must-pass bills to carry unrelated democratic changes. The week did not show a dead legislature. It showed one that could still act, but often in forms that weakened its own dignity and care.</p>
<p>Against all this, there was a sixth development: a patchwork of resistance from states and courts. The multistate suit over FEMA and DHS grant conditions was the clearest example. States argued that the executive could not use disaster and security funds to force changes in election and immigration policy outside normal lawmaking. That was a defense not only of federalism but of process. It said that money appropriated for public need could not be turned into a political leash.</p>
<p>Judges also checked parts of the immigration program. One judge blocked the administration from revoking work permits for asylum seekers and TPS holders. Another partly stayed policies affecting TPS work permits and asylum-related penalties. The D.C. Circuit denied a renewed stay request in one case, and the Fourth Circuit affirmed an order barring Badar Khan Suri’s removal while detention claims proceeded. A federal appeals court later rejected the administration’s bid to redetain him after his ICE arrest over pro-Palestinian views. The Supreme Court ruled that major immigration policy changes could not be imposed unilaterally without congressional approval. These were not sweeping reversals. They were real limits.</p>
<p>Other rulings widened the field of defense. A federal judge dismissed the RNC’s lawsuit seeking New Jersey voter data, protecting voter records from broad partisan access. Another judge ruled that FDA restrictions on mifepristone were arbitrary and capricious, checking federal barriers to reproductive care. Twelve states led by California won a temporary restraining order pausing the Paramount-Warner Bros. merger, and two small businesses sued over new tariffs, arguing that the administration had exceeded its authority. Resistance came from many points, not one. It was fragmented, legal, and often narrow. Still, it kept some doors open.</p>
<p>The seventh development concerned money and access. Major consumer brands and SpaceX’s PAC funded members of Congress who backed ICE-expansion legislation. The Pentagon established an Economic Defense Unit to invest public funds in defense industries, creating a new channel through which state spending and private gain could meet. The Office of Management and Budget proposed a rule shifting broad federal grant-making control to political appointees. These were not identical acts. They belonged to the same governing style. Public power moved closer to donor networks, favored firms, and political hands.</p>
<p>The sharpest example came from the drug industry. Frederick Cooper gave another $1 million to MAGA Inc. while QOL Medical faced FDA allegations and renewed scrutiny over a prior DOJ fraud settlement. The issue was not simply that a wealthy executive donated to a political cause. It was the timing and setting. A regulated firm under active pressure gave large sums to the president’s political vehicle while agency outcomes still mattered. That is how access begins to look purchasable even when no bargain is written down.</p>
<p>This patronage thread also touched foreign and defense policy. Lawmakers sought a full accounting from the Trump Presidential Library Foundation over financial discrepancies, while major media outlets were said to have largely omitted Jared Kushner’s Saudi financial conflicts in coverage of the Saudi nuclear deal. The record did not resolve those questions. It did show how easily public policy, private ties, and weak disclosure can overlap. When that overlap becomes routine, the public cannot tell where state purpose ends and insider advantage begins.</p>
<p>The final development lay outside formal power but not outside the story. Parties and civic groups adapted to a harsher election climate with registration drives, local organizing, and strategic shifts. The Democratic National Committee launched a voter-registration drive during the World Cup final. Nearly three hundred people gathered in Santa Barbara for postcarding, phone banking, and voter work. Community groups in Fultondale held a church-based gathering focused on voting rights and civic engagement. Activists and local organizations mobilized to counter voter suppression and election subversion before November 2026. Indivisible issued guidance and training on how to respond to aggressive federal law-enforcement practices. Civic life did not disappear.</p>
<p>Electoral politics also adjusted. Nebraska Democrats let their Senate nominee withdraw and shifted support to an independent candidate. Ralph Norman announced a Senate run in South Carolina, while Maine Democrats settled their primary with Troy Jackson’s victory. The Democratic National Committee chose South Carolina as the first state in the 2028 primary calendar. These were ordinary political acts in one sense. In another, they showed adaptation under strain. Parties were still competing, recruiting, and reorganizing, but they were doing so in a field shaped by suppression fears, unstable rules, and rising distrust.</p>
<p>Public memory work formed part of that civic response. The 250 to 250 Project released videos on democracy, civil rights, desegregation, land policy, and the Palmer Raids. That effort did not alter law. It did something quieter and necessary. It linked present pressure to older struggles over state power and exclusion. In a week when official records of war shifted and journalists were pressed for their phone logs, the act of keeping civic memory alive carried its own weight.</p>
<p>One scheduled matter remained on the record. Judge Murphy stayed American Academy of Pediatrics v. Robert F. Kennedy Jr. until September 3, delaying further court action in that challenge to federal health policy.</p>
<p>Week 79 did not move the clock, but it deepened the habits that make later movement easier. Elections were narrowed through pressure, packaging, and court retreat. Immigration power grew in reach and harshness as its checks thinned. War claims widened executive room and blurred the public record. Scrutiny drew retaliation. Money stayed close to policy. Yet the week also showed that resistance still existed in courts, states, civic groups, and even parts of Congress. The period was not one of collapse. It was one of hardening lines. Democratic life continued, but at greater cost, under greater strain, and with less trust in the fairness of the ground beneath it.</p>
","The clock held at 7:44 p.m., but the week hardened existing lines: voting restrictions advanced, immigration enforcement intensified, war oversight weakened, and scrutiny drew retaliation. Courts, states, and civic groups pushed back, yet the dominant pattern was reinforcement of already dangerous trends.","2026-07-26 20:33:16","post","","https://thedemocracyclock.com/wp-content/uploads/week79-narrative-featured.jpg","week79-narrative-featured.jpg","","","","","","","https://thedemocracyclock.com/wp-content/uploads/week79-narrative-featured.jpg","https://thedemocracyclock.com/wp-content/uploads/week79-narrative-featured.jpg","Week","","publish","","","","","","","","","","","","","","","1","79","20260718","20260724","July 18 - 24, 2026","463.8","463.8","0","7:44 p.m.","7:44 p.m.","Democratic Fragility","Authoritarian traits systemically present; outcomes increasingly distorted.","This was a high-pressure week defined by the convergence of three democracy-eroding patterns: aggressive voter-suppression architecture, intensified immigration enforcement with weakened accountability, and executive expansion under the cover of war and emergency politics. The strongest structural pressure fell on voting access and election fairness, as the administration pushed the SAVE America framework through executive threats, grant conditions, and congressional vehicles while courts simultaneously weakened Voting Rights Act protections and allowed racially dilutive maps to proceed. A second major theme was the normalization of coercive state power in immigration: record ICE arrests, multiple deaths tied to enforcement actions, use of a never-before-used removal court with secret evidence, cuts to legal aid for immigrant children, and efforts to stop FBI scrutiny of ICE confrontations. The third theme was executive aggrandizement through militarization and opacity: war funding requests, disputed casualty reporting, threats against civilian infrastructure, and repeated attempts to sideline Congress. Press intimidation, donor influence, and Saudi-linked conflict-of-interest concerns reinforced the sense of a governing style that fuses retaliation, secrecy, and patronage.","The Democracy Clock remained at 7:44 p.m. this week, with a net change of 0 minutes. That flat reading reflected consolidation of existing pressures rather than an easing of democratic strain.","Despite many trait-level shifts, the aggregate weekly score produced no net clock movement.
Nineteen tracked traits registered movement, showing broad reinforcement across elections, immigration, war oversight, transparency, and patronage.","False","The week showed the moral floor under continued pressure through convergence rather than a single rupture. Executive actors, congressional allies, and some judicial developments all pushed in the same direction on elections, immigration, war powers, and scrutiny of power. The dominant ethical pattern was normalization of coercive leverage, procedural hardball, and selective unreality, while resistance from courts, states, and civil society remained real but mostly reactive.","No minute changed on the clock, yet democratic erosion deepened through convergence: multiple institutions reinforced the same pressures at once, while resistance remained real but fragmented.","19","146","2026-07-18, 2026-07-19, 2026-07-20, 2026-07-21, 2026-07-22, 2026-07-23, 2026-07-24, 50501, 7:44 p.m., A Secret Service agent, A bipartisan housing law showed Congress still exercising independent legislative capacity on a major domestic issue., A compressed legislative push concentrated major decisions into a short window, limiting deliberation over war, spending, and ethics rules., A false election-security claim risked eroding trust in voting systems and feeding disinformation about fraud., A federal appeals court, A federal judge, A formal advisory process preserved routine expert oversight and public input in federal worker-health governance., A high-profile candidacy affected representation and party competition in a state facing a fast-moving special election., A magistrate judge, A new public investment arm for defense raised risks of favoritism and blurred lines between industrial policy and insider access., A panel of federal judges, A private contractor's withdrawal showed how public pressure can disrupt the market infrastructure that supports state deportation policy., A prosecutor in Ecuador, A public procurement notice revealed a major detention expansion plan and raised concerns about hidden coercive infrastructure., Activists and local organizations, Administrative steps on water and air rules preserved the paperwork and deadlines that make environmental oversight enforceable., Advancing a disputed intelligence nominee affected future oversight of surveillance powers and the credibility of national-security institutions., Advocates, Allowing the case to move forward preserved judicial review of an executive order alleged to burden voting rights and federalism., Allowing the map to stand weakened judicial protection against racial vote dilution before upcoming elections., An ICE officer, An ethics investigation into a member of Congress tested accountability rules for officials who may exploit inside information., Another death tied to immigration enforcement underscored the bodily risks created by aggressive federal operations., Avelo Airlines, Blocking broad access to voter records protected privacy and reduced the risk of partisan misuse of sensitive election data., Border-wall expansion used federal power in ways that overrode environmental and cultural protections affecting Indigenous communities., Broad new tariffs expanded executive control over trade policy and risked higher costs across supply chains and households., Bundling defense policy with election restrictions and war measures showed Congress using must-pass vehicles for major democratic changes., By leaving lower rulings in place, the Court declined to revisit claims about fairness and unequal access in judicial process., CHIRLA and Legal Services for Children, Changing casualty counts in a politically sensitive way raised concerns that war records were being shaped to protect the administration., Changing the primary order reshaped whose voters gain early influence over presidential nominations., Civil Rights and Dissent, Civil rights groups, Civil-society organizing aimed to defend election access and local oversight where formal protections were weakening., Closed-door testimony showed Congress continuing oversight of elite networks and possible institutional failures around Epstein., Community groups in Fultondale, Compelled financial disclosure used court process to test transparency and accountability in a high-profile civil case., Congress, Connor Read, Corporate money supporting coercive-policy legislation showed how private capital can steer public enforcement priorities., Cutting counsel for children in immigration court reduced due process protections for a vulnerable group facing state power., Deep food-aid cuts reduced material security for poor households and shifted administrative strain onto state systems., Defense Secretary Pete Hegseth, Delayed casualty disclosure weakened democratic oversight by limiting timely public knowledge of war costs., Delayed spending on accountability tools showed how agency choices can weaken oversight even when money is available., Democratic lawmakers, Detaining a long-term resident during a legal-status process showed how immigration enforcement can override settled family and community ties., Device classifications shaped market entry and patient access by setting the regulatory path for new health technologies., Direct presidential threats of force raised the risk of escalation while concentrating war-making momentum in the executive branch., Donald Trump, Economic Structure, Ending a layer of outside review would reduce accountability for federal force used against immigrants and bystanders., Epstein survivors, Escalating infrastructure costs illustrated how weak project governance can erode public confidence in large public investments., Extending public comment preserved procedural input on a program that could speed drug development and alter regulatory risk., Faith and community organizing supported voter participation and local democratic capacity., Fast-moving fiscal decisions on defense and government funding shaped public spending priorities with limited time for scrutiny., Federal intervention in voter-roll eligibility risked wrongful removals and expanded executive pressure over election administration., Federal prosecutors, Food-safety enforcement protected public health and showed the continuing role of regulators in guarding basic consumer welfare., Frederick Cooper, Grassroots civic action sought to expand participation and public engagement after recent voting-rights setbacks., Health and Human Services Secretary Robert F. Kennedy Jr., House GOP leaders, House Republicans, ICE, ICE officers, Indivisible, Information, Memory and Manipulation, Institutions and Governance, Jes Staley, Juan Jairo Coronilla Durán, Judge Georgette Castner, Judge Gorton, Judge Ho, Judge Moss, Judge Murphy, Judge Nachmanoff, Judge Nathaniel Gorton, Judge Robert S. Ballou, Judge Talwani, Judicial limits on tariff authority checked executive trade power and signaled that economic policy still faced legal boundaries., Large political donations from a regulated executive during active scrutiny raised concerns that access and influence can shape enforcement outcomes., Large war and budget requests forced Congress to confront executive military expansion through appropriations and oversight., Lawmakers, Legislative support for a larger ICE would deepen the institutional reach of immigration enforcement and reduce restraint on coercive power., Maine Democrats, Major consumer brands and SpaceX's PAC, Major media outlets, Members of Congress, Missing detail on war spending weakened Congress's ability to track how executive military decisions used public money., Moving grant decisions toward political appointees would centralize executive leverage over public funding and weaken neutral administration., Nearly 300 people in Santa Barbara, Nebraska Democrats, New York City Mayor Zohran Mamdani, New tariffs used executive trade power in ways likely to raise prices, strain an allied relationship, and shift economic burdens onto consumers and firms., Official terrorism rhetoric aimed at domestic political opponents can widen surveillance and justify harsher state action against dissent., Oil tankers, Openly winding down House work before elections signaled weakened oversight and a legislature operating more as campaign stage than governing body., Operational disorder inside a coercive agency raised risks of abuse, error, and unsafe enforcement against the public., Organized nonstate response to coercive policing showed civil society building protective capacity against perceived abuse., Organized registration efforts aimed to widen participation and counter barriers to electoral access., PA_001, PA_002, PA_003, PA_004, PA_005, Paramount and Warner Bros., Persistent shortages in energy, housing, and healthcare showed how policy design can shape long-term access to core public goods., Power and Authority, Preservation experts, President Trump, Presidential pressure for new voting restrictions tested whether federal institutions would narrow ballot access in the name of fraud control., Public advocacy for emergency rule around domestic politics signaled support for bypassing normal lawmaking and concentrating executive power., Public history work strengthened civic memory and linked past struggles over rights and state power to present democratic understanding., Public notice of advisory meetings preserved procedural transparency and outside participation in drug-review decisions., Public opposition to a top law-enforcement nominee highlighted accountability concerns in a key institutional appointment., Publishing an outside review addressed accountability concerns by disclosing elite institutional ties and proposed safeguards., Publishing casualty figures informed the public about the human cost of war, though later revisions raised trust concerns., Putting election deniers near control of election machinery raised risks to future administration and public trust in results., Questions about foundation finances raised transparency concerns around a presidential institution tied to public memory and money., Ralph Norman, Record arrest volume showed a sharp expansion of coercive immigration enforcement with broad effects on liberty and community security., Regulatory and fraud scrutiny of a drug company tested whether public-health enforcement can withstand political and financial pressure., Representative James Comer, Representative Jim Jordan, Representative Joe Morelle, Republicans' One Big Beautiful Bill Act, Restoring an expert advisory body preserved routine institutional review in drug regulation rather than leaving decisions solely to political leadership., Roger Rogoff, Routine regulatory actions affected generic competition and device approval processes that shape access, pricing, and compliance costs., Secretary of Homeland Security Markwayne Mullin, Secretary of State Marco Rubio, Seeking Supreme Court review kept a major accountability case active and tested how far elite litigants can extend legal fights., Seeking reporters' records threatened source protection and signaled coercive surveillance of watchdog journalism., Senator Andy Kim, Senator Angus King and 38 Democratic senators, Shifting security funds away from their original purpose showed how executive budgeting choices can weaken public accountability for priorities., Shipping disruption showed how conflict can quickly affect global supply chains and energy prices that shape domestic economic conditions., Shrinking public-health expertise reduced the state's ability to gather and act on reliable disease information for the public., State attorneys general used coordinated litigation to influence how federal regulatory authority would be interpreted in court., State court action showed subnational institutions using antitrust tools to slow concentration in a major media market., State-court intervention reshaped representation and candidate strategy by forcing a new congressional map., States used the courts to back an institutional challenge to federal executive action affecting higher education and funding., Stephen Bannon, Streamlining records management affected how grant data is stored and accessed across federal funding systems., Taking the case signaled possible new guidance on forfeiture and the legal limits of property seizure by the state., Technical rulemaking supported state enforcement capacity and the public's access to reliable environmental data., The 250 to 250 Project and its narrators, The Arizona Republican electorate, The CDC, The Centers for Disease Control and Prevention, The Commodity Futures Trading Commission, The Court's decision to hear the case signaled potential new precedent affecting state law or state authority., The D.C. Circuit, The DEA, The Democratic National Committee, The Department of Homeland Security, The Department of Justice, The EPA, The FBI, The FCC, The FDA, The Fourth Circuit, The Gates Foundation, The House Homeland Security Committee Democrats, The House and Senate, The House of Representatives, The Louisiana Supreme Court, The New York legislature, The Office of Management and Budget, The Pentagon, The Second Circuit, The Senate, The Senate Intelligence Committee, The Supreme Court, The Trump administration, The U.S. Trade Representative, The U.S. government, The United Kingdom, The action expanded unilateral trade penalties and showed executive use of tariffs to pressure foreign policy and market behavior., The actions updated regulatory pathways and removed outdated rules, affecting how quickly products reach market and how standards are maintained., The bill proposed a major expansion of public coverage and showed Congress using legislation to widen social rights rather than restrict them., The bill proposed a new public financing institution, showing Congress using structural economic policy through ordinary legislation., The campaign sought to expose opaque enforcement incentives affecting children and immigrant families., The case challenged an administrative barrier that could block poor youth from accessing a legal protection created by statute., The debarment showed regulators using exclusion powers to police illegal drug commerce and protect market integrity., The decision preserved an agency fee structure that spreads regulatory costs across license holders rather than only active operators., The decision protected abortion access by challenging federal barriers to a widely used medication., The decision reaffirmed that federal employment protections can limit abrupt politically driven removals and public smears., The denial left prior limits on the government's position in place and maintained an existing judicial check., The dismissal changed the posture of a case challenging executive action and narrowed one avenue of judicial review., The dismissal protected voter records from broad partisan access and reinforced limits on fishing expeditions for election data., The dispute linked executive secrecy to control over a historic federal building and the public record embodied in it., The episode showed local officials using public office to press human-rights accountability claims even without direct enforcement power., The federal appeals court, The hearing tested congressional oversight of a major military budget increase tied to war and readiness claims., The indictment addressed lethal smuggling but also highlighted the deadly pressures surrounding migration and border enforcement., The killing of a man who was not the intended target intensified concerns about lethal force and immigrant community safety., The killing threatened accountability for alleged abuses by undermining the safety and independence of legal investigators., The lawsuit challenged the legal basis for broad trade action and tested limits on delegated executive power., The lawsuit used the courts to force disclosure and review of a federal policy that may have combined secrecy with discriminatory impact., The leak inquiry highlighted how information security failures inside protective agencies can affect trust and accountability., The letter sought accountability for lethal immigration enforcement and pressed for oversight of officer vetting and conduct., The mandate responded to public concern over fatal encounters and could improve evidence and accountability in immigration policing., The measure preserved basic government operations while underscoring Congress's reliance on short-term funding rather than regular budgeting., The move changed the ballot landscape and reflected strategic adaptation within a competitive election., The notice opened public review of a controlled-substances manufacturing request, showing routine regulatory gatekeeping over sensitive markets., The order checked executive immigration power and preserved work authorization while the legality of the policy was reviewed., The order forced the military to justify unequal treatment and kept judicial scrutiny on potentially discriminatory service rules., The order temporarily checked federal immigration rules that could strip work rights and trigger removals during litigation., The primary result settled a major nomination contest and shaped voter choice in the coming general election., The proclamation tied tariff relief to industrial investment, using trade power to steer private capital toward favored domestic production., The program used federal fiscal policy to create a branded savings benefit with long-term budget and distribution effects., The provision raised institutional questions about congressional control over defense policy and the scope of binding foreign-security commitments., The records change affected how grant information is organized and accessed, with implications for administrative transparency., The report documented weak accountability systems around force used in immigration enforcement., The rule adjusted food standards through ordinary regulation, affecting labeling, industry practice, and consumer expectations., The ruling limited a state's regulatory authority and showed courts reshaping public-safety policy through constitutional review., The ruling narrowed district-court review and reinforced administrative gatekeeping over detention and removal challenges., The ruling preserved judicial power to review detention and block removal, limiting executive control over immigration custody., The ruling protected habeas review and limited detention tied to political expression in an immigration case., The ruling reaffirmed separation of powers by requiring legislative backing for significant immigration policy shifts., The ruling refused to pause lower-court relief and showed appellate courts still checking executive litigation tactics., The ruling reinforced Congress's subpoena power and the legal consequences for defying oversight demands., The ruling used administrative law to check federal restrictions that limited reproductive healthcare access., The rulings strengthened the government's hand in ending protections while appeals continued, showing courts shaping immigration status through procedure., The scale of litigation suggested repeated use of courts as a pressure tool, raising concerns about legal intimidation and asymmetry of resources., The stalled merger highlighted how concentration in media markets can trigger economic and public-interest concerns before completion., The state used legislative power to slow AI infrastructure growth while weighing environmental and public-interest concerns., The stay delayed further court action in a challenge to federal health policy, slowing institutional resolution., The suit challenged executive use of federal grants to force state policy changes outside normal legislative channels., The suit challenged presidential removal power and tested legal limits on executive control over federal prosecutors., The vote asserted congressional authority over war even if enforcement remained uncertain against executive resistance., These actions preserved advance review and public notice for industrial and infrastructure decisions with environmental consequences., These decisions showed federal regulators shaping the balance between state permitting, public participation, and environmental compliance., Threatening civilian targets signaled a more unchecked use of military power with weak regard for legal limits and civilian protection., Threatening state officials over disputed voter-roll checks used federal coercion to shape election rules and voter access., Threats against media licenses used state power rhetoric to intimidate the press and narrow independent scrutiny., Tom Homan, Twelve states led by California, Twenty state attorneys general and the District of Columbia, Twenty-five states and the District of Columbia, Twenty-three state attorneys general, Two small businesses, U.S. gas and oil markets, Unclear reporting on large public funds undermined transparency and made democratic oversight of executive financial decisions harder., Underreporting a major conflict-of-interest issue limited the public's ability to judge foreign-policy decisions on full facts., Urgent war funding requests tested Congress's oversight role over an expanding conflict and its costs., Using a secretive removal court expanded executive reliance on exceptional legal machinery with reduced public scrutiny and due process., Using committee power to seek prosecution of a former Trump investigator risked turning oversight into retaliation., Using federal health funds against states increased executive leverage over disfavored jurisdictions and threatened basic services., War funding and reconciliation maneuvers tested how far Congress would support executive conflict expansion and attach voting changes to fiscal bills., War-driven energy spikes increased consumer costs and showed how foreign conflict can quickly reshape domestic economic pressure., Weakening federal voting-rights protections reduced judicial safeguards against racially dilutive election rules and maps., Week 79 – 2026-07-18–2026-07-24, accused QOL Medical of misleading advertising and QOL Medical later faced renewed scrutiny over a prior DOJ fraud settlement, accused journalists of hiding election fraud and called for revoking broadcasters' licenses, advanced Jay Clayton's nomination for director of national intelligence, advanced major defense, funding, and budget measures before recess, affirmed an order barring Badar Khan Suri's removal while detention claims proceeded, agreed to hear a case on whether an airplane was improperly seized for transporting beer, amended the notice for an advisory committee meeting on Deramiocel and announced another gene-therapy advisory meeting, announced a Senate run in South Carolina, announced a public advisory-board meeting on radiation and worker health, announced an application by American Radiolabeled Chem to register as a bulk manufacturer of controlled substances, announced new tariffs on major trade partners and later imposed tariffs on 60 countries, announced tax-free ""Trump accounts"" with a federal contribution for children born through 2028, approved a $73 billion Iran-war budget plan and a separate budget resolution for a $95 billion reconciliation bill, approved state air-plan revisions in Missouri and Maine and denied a petition against an Arizona mine permit, asked the Senate for nearly $88 billion in supplemental Iran-war funding and defended a much larger military budget, awarded a contract to build more border wall in Organ Pipe Cactus National Monument, backed dozens of bills to expand ICE's authority and funding, blocked the administration from revoking work permits for asylum seekers and TPS holders, called on Congress to pass the SAVE America Act, came under investigation for allegedly leaking details of JD Vance's travel plans, challenged the administration's plan to paint the Eisenhower Executive Office Building white while bypassing review, classified four medical devices into class II with special controls, collected more than $13 billion from Venezuelan oil sales without clear public accounting, concluded their Senate primary with Troy Jackson's victory, continued to face energy scarcity, a housing shortage, and a large NHS treatment backlog, cut SNAP benefits for hundreds of thousands of Arizonans and shifted costs to the state, cut federal funding for legal aid to unaccompanied immigrant children and pressed providers for sensitive data, debarred Francis Esteban Matos from importing drugs for five years, declined to block Tennessee's new congressional map that split Memphis, declined to hear a case about whether one state had an edge in getting the Court's attention, delayed buying body cameras despite having funding and later placed large orders, demanded investigations into recent fatal ICE shootings, demanded that states run voter rolls through a federal noncitizen-check tool and threatened prosecution for noncompliance, denied Kinéis's petition over how regulatory fees are assessed on space stations, denied rehearing in Refugee and Immigrant Center for Education and Legal Services v. Noem, denied the administration's renewed stay request in Lesly Miot v. Trump, designated new air-monitoring methods for carbon monoxide and particulate matter, determined that RASUVO was not withdrawn for safety reasons and submitted a medical-device information collection for OMB review, died after fleeing federal officials during an ICE-linked operation in Florida, disclosed casualties from the Iran conflict only after criticism over earlier silence, dismissed the RNC's lawsuit seeking New Jersey voter data, dismissed the RNC's suit for New Jersey voter data after finding no concrete plan for its use, dismissed the remaining claims in Public Broadcasting Service v. Trump without prejudice, enacted a temporary ban on new datacenter development, enacted the 21st Century ROAD to Housing Act into law without Trump's signature, ended ICE deportation flights and closed its Arizona base after sustained protests, established an Economic Defense Unit to invest public funds in defense industries, explored whether the city had authority to arrest Benjamin Netanyahu and later urged federal authorities to act instead, extended the comment period for its expedited investigational new drug pilot program, faced major cost overruns on the HS2 rail project, falsely claimed China had compromised 220 million U.S. voter files, fatally shot Lorenzo Salgado Araujo during a Houston enforcement operation, federalregister, filed an amicus brief supporting Harvard in its case against HHS, filed an amicus brief supporting defendants in Jorge Lujan v. FMCSA, filed its first application in the Alien Terrorist Removal Court, finalized a rule updating the standard of identity for pasteurized orange juice, framed antifa and the ""radical left"" as a terrorism threat at the State Department, funded members of Congress who backed ICE-expansion legislation, gathered for postcarding, phone banking, and voter-engagement work, gave another $1 million to MAGA Inc. while QOL Medical faced FDA allegations, granted certiorari in Jouppi v. Alaska, granted stays pending appeal in two Yemen TPS cases and said the lower court would dissolve prior relief if remanded, guardian, hcr, held a church-based gathering focused on voting rights and civic engagement, held a hearing on a proposed $1.5 trillion Defense Department budget, imposed a 25 percent tariff on Brazilian goods after a Section 301 investigation, imposed an additional 50 percent tariff on many Canadian products, indicted 11 people over a smuggling operation linked to six migrant deaths in Texas, introduced legislation to enroll children in Medicaid until age 26, introduced the Industrial Bank for American Manufacturing Act, investigated Representative Anna Paulina Luna over alleged advance tipping tied to betting markets, issued a decision that led to redrawing the state's U.S. House districts, issued a ruling that weakened the Voting Rights Act and prompted new map changes in southern states, issued a significant new use rule for multi-walled carbon nanotubes and published environmental impact statement notices, issued guidance and training on responding to aggressive federal law-enforcement practices, justsecurity, largely omitted Jared Kushner's Saudi financial conflicts in coverage of the Saudi nuclear deal, launched a public campaign against ICE's alleged child-bounty contracting system, launched a voter-registration drive during the World Cup final, left in place a prior ruling that many Trump tariffs were illegal, let their Senate nominee withdraw and shifted support to an independent candidate, let voting-rights and constitutional claims proceed in League of Women Voters of Massachusetts v. Trump, meidas, mobilized to counter voter suppression and election subversion before November 2026, modified the aluminum tariff regime to reward companies that onshored U.S. production, noah, nominated election deniers for governor and top election official while DOJ monitored several counties, operated with major funding cuts and staff losses that weakened outbreak response capacity, ordered DHS to notify states about alleged noncitizens on voter rolls and deem them ineligible, ordered Trump to disclose business financial details in his BBC defamation suit, ordered the Pentagon to explain its testosterone policy for male troops in a case involving transgender service members, outloud, partly stayed immigration policies affecting TPS work permits and asylum-related penalties, passed a stopgap spending bill to avert a government shutdown through December 4, passed a war powers resolution directing Trump to withdraw U.S. forces from the Iran conflict, passed the NDAA with Section 219 requiring military technology sharing with Israel, passed the NDAA with war funding, voting restrictions, and a Pentagon renaming provision, paused their merger before states later won a temporary restraining order, petitioned the Supreme Court to reconsider the $5 million verdict in the E. Jean Carroll case, picked South Carolina as the first state in the 2028 primary calendar, popinfo, posted a solicitation for offshore detention facilities, pressed DOJ to prosecute Jack Smith over his congressional testimony, proposed a consent decree on Florida water standards and submitted several emissions information requests to OMB, proposed a rule shifting broad federal grant-making control to political appointees, published a strategy for accelerated clinical development and revoked the obsolete Orange B color additive listing, pushed to pass defense, funding, budget, and related measures before recess, recorded 43,138 arrests in June and reached record daily arrest levels in early July, redirected $155 million from maritime-security work to event security, reestablished its Peripheral and Central Nervous System Drugs Advisory Committee after its charter expired, rejected the Trump administration's bid to redetain Georgetown scholar Badar Khan Suri after his ICE arrest over pro-Palestinian views, released an external review of its past meetings with Jeffrey Epstein and approved governance changes, released civic-history videos on democracy, civil rights, desegregation, land policy, and the Palmer Raids, remained detained by ICE after being taken into custody at a green-card interview over past minor convictions, remanded Mahdawi v. Trump and required constitutional claims to move first through immigration channels, reported low morale, unsafe staffing, and use of untrained recruits, reported that ICE had received 56 excessive-force complaints and referred one officer for possible discipline, required ICE officers to use body cameras during vehicle stops, rescinded a redundant records notice for research-grant files because official records were kept elsewhere, rescinded a redundant system of records notice for research-grant application files, reversed course after a Houthi blockade near the Bab el-Mandeb Strait, revised the official Iran-war death toll downward by excluding four service members killed after a declared cease-fire, rose sharply as the Iran conflict and regional attacks disrupted energy expectations, ruled for a former executive-branch official on due process claims over her firing, ruled that FDA restrictions on mifepristone were arbitrary and capricious, ruled that major immigration policy changes could not be imposed unilaterally without congressional approval, said a communist-threat narrative could justify a national security emergency order tied to the SAVE America agenda, said the House was essentially done working before the midterms, said the administration had not provided an accounting for military funding requests, scotusblog, scotusorders, sought a full accounting from the Trump Presidential Library Foundation over financial discrepancies, sought additional congressional funding for military operations in Iran, sought more than $70 billion in lawsuits and claims since late 2022, according to a CREW analysis, stayed American Academy of Pediatrics v. Robert F. Kennedy Jr. until September 3, stopped investigating confrontations involving ICE, according to reports later disputed by DOJ and DHS, struck down New Jersey's ban on assault rifles and large-capacity magazines, sued HHS over withheld records on childcare funding restrictions affecting Somali providers, sued Trump and DOJ over his removal as U.S. attorney for western Washington, sued over FEMA and DHS grant conditions tied to voting and immigration policy changes, sued over a nonwaivable fee for special immigrant juvenile petitions, sued over new Section 301 tariffs and said the administration exceeded its authority, testified before a House panel about his ties to Jeffrey Epstein, threatened military action against Iran and the Houthis after attacks on Saudi oil tankers, threatened to target civilian infrastructure in Iran in retaliation for attacks on U.S. ships, updated its casualty database for the Iran conflict, upheld Peter Navarro's contempt of Congress convictions, urged senators to reject Todd Blanche's nomination for attorney general, warned against consuming shredded iceberg lettuce linked to a cyclospora outbreak, was assassinated while investigating allegations tied to U.S. boat strike survivors, withheld more than $1 billion in Medicaid funding from California and Minnesota, wk079-0001, wk079-0002, wk079-0003, wk079-0004, wk079-0005, wk079-0006, wk079-0007, wk079-0009, wk079-0010, wk079-0011, wk079-0013, wk079-0016, wk079-0017, wk079-0018, wk079-0019, wk079-0020, wk079-0021, wk079-0022, wk079-0023, wk079-0026, wk079-0027, wk079-0028, wk079-0029, wk079-0030, wk079-0032, wk079-0033, wk079-0034, wk079-0035, wk079-0036, wk079-0037, wk079-0038, wk079-0039, wk079-0040, wk079-0041, wk079-0042, wk079-0043, wk079-0044, wk079-0045, wk079-0052, wk079-0054, wk079-0055, wk079-0056, wk079-0058, wk079-0059, wk079-0060, wk079-0061, wk079-0062, wk079-0063, wk079-0064, wk079-0067, wk079-0070, wk079-0071, wk079-0072, wk079-0073, wk079-0074, wk079-0075, wk079-0076, wk079-0077, wk079-0078, wk079-0079, wk079-0080, wk079-0081, wk079-0082, wk079-0083, wk079-0084, wk079-0085, wk079-0086, wk079-0092, wk079-0093, wk079-0094, wk079-0095, wk079-0096, wk079-0097, wk079-0098, wk079-0099, wk079-0100, wk079-0101, wk079-0102, wk079-0103, wk079-0105, wk079-0107, wk079-0108, wk079-0109, wk079-0111, wk079-0112, wk079-0113, wk079-0114, wk079-0115, wk079-0116, wk079-0117, wk079-0118, wk079-0123, wk079-0126, wk079-0127, wk079-0128, wk079-0129, wk079-0130, wk079-0131, wk079-0132, wk079-0133, wk079-0134, wk079-0135, wk079-0136, wk079-0137, wk079-0138, wk079-0139, wk079-0141, wk079-0142, wk079-0143, wk079-0144, wk079-0145, wk079-0146, wk079-0147, wk079-0148, wk079-0150, wk079-0151, wk079-0152, wk079-0153, wk079-0154, wk079-0155, wk079-0156, wk079-0157, wk079-0158, wk079-0159, wk079-0160, wk079-0161, wk079-0162, wk079-0173, wk079-0174, wk079-0175, wk079-0176, wk079-0177, wk079-0178, wk079-0179, wk079-0180, wk079-0182, wk079-0183, wk079-0184, wk079-0185, wk079-0186, wk079-0187, wk079-0189, wk079-0190, wk079-0191, wk079-0193, wk079-0194, wk079-0195, wk079-0196, wk079-0197, wk079-0198, wk079-0199, wk079-0200, wk079-0201, wk079-0202, wk079-0203, wk079-0204, wk079-0205, wk079-0206, wk079-0207, wk079-0210, wk079-0211, wk079-0222, wk079-0224, wk079-0225, wk079-0226, wk079-0227, wk079-0228, wk079-0230, wk079-0232, wk079-0233, wk079-0234, wk079-0235, wk079-0236, wk079-0237, wk079-0238, wk079-0239, wk079-0241, wk079-0242, wk079-0243, wk079-0244, wk079-0245, wk079-0246, wk079-0247, wk079-0248, wk079-0249, wk079-0250, wk079-0251, wk079-0252, wk079-0253, wk079-0255, wk079-0256, wk079-0257, wk079-0264, wk079-0265, wk079-0269, wk79_CR_001, wk79_CR_002, wk79_CR_003, wk79_CR_004, wk79_CR_005, wk79_CR_006, wk79_CR_007, wk79_CR_008, wk79_CR_009, wk79_CR_010, wk79_CR_011, wk79_CR_012, wk79_CR_013, wk79_CR_014, wk79_CR_015, wk79_CR_016, wk79_CR_017, wk79_CR_018, wk79_CR_019, wk79_CR_020, wk79_CR_021, wk79_CR_022, wk79_CR_023, wk79_CR_024, wk79_ES_001, wk79_ES_002, wk79_ES_003, wk79_ES_004, wk79_ES_005, wk79_ES_006, wk79_ES_007, wk79_ES_008, wk79_ES_009, wk79_ES_010, wk79_ES_011, wk79_ES_012, wk79_ES_013, wk79_ES_014, wk79_ES_015, wk79_ES_016, wk79_ES_017, wk79_ES_018, wk79_ES_019, wk79_ES_020, wk79_ES_021, wk79_ES_022, wk79_ES_023, wk79_ES_024, wk79_ES_025, wk79_ES_026, wk79_ES_027, wk79_ES_028, wk79_ES_029, wk79_ES_030, wk79_ES_031, wk79_ES_032, wk79_ES_033, wk79_IG_001, wk79_IG_002, wk79_IG_003, wk79_IG_004, wk79_IG_005, wk79_IG_006, wk79_IG_007, wk79_IG_008, wk79_IG_009, wk79_IG_010, wk79_IG_011, wk79_IG_012, wk79_IG_013, wk79_IG_014, wk79_IG_015, wk79_IG_016, wk79_IG_017, wk79_IG_018, wk79_IG_019, wk79_IG_020, wk79_IG_021, wk79_IG_022, wk79_IG_023, wk79_IG_024, wk79_IG_025, wk79_IG_026, wk79_IG_027, wk79_IG_028, wk79_IG_029, wk79_IG_030, wk79_IG_031, wk79_IG_032, wk79_IG_033, wk79_IG_034, wk79_IG_035, wk79_IG_036, wk79_IG_037, wk79_IG_038, wk79_IG_039, wk79_IG_040, wk79_IG_041, wk79_IG_042, wk79_IG_043, wk79_IG_044, wk79_IG_045, wk79_IG_046, wk79_IG_047, wk79_IG_048, wk79_IG_049, wk79_IG_050, wk79_IG_051, wk79_IG_052, wk79_IG_053, wk79_IG_054, wk79_IG_055, wk79_IG_056, wk79_IG_057, wk79_IG_058, wk79_IG_059, wk79_IG_060, wk79_IG_061, wk79_IG_062, wk79_IM_001, wk79_IM_002, wk79_IM_003, wk79_IM_004, wk79_IM_005, wk79_IM_006, wk79_IM_007, wk79_IM_008, wk79_IM_009, wk79_IM_010, wk79_IM_011, wk79_IM_012, wk79_IM_013, wk79_IM_014, wk79_IM_015, wk79_IM_016, wk79_IM_017, wk79_PA_001, wk79_PA_002, wk79_PA_003, wk79_PA_004, wk79_PA_005, wk79_PA_006, wk79_PA_007, wk79_PA_008, wk79_PA_009, wk79_PA_010, won a temporary restraining order pausing the Paramount-Warner Bros. merger, zeteo","Week 79 Appendix: Consolidation Without Clock Movement","<!-- Generated by build_publish_week_v1 (WordPress appendix HTML) -->

<p><em>Voting pressure, harsher immigration enforcement, war opacity, and retaliation against scrutiny deepened existing democratic strain without moving the clock.</em></p>
<p>This was a high-pressure week defined by the convergence of three democracy-eroding patterns: aggressive voter-suppression architecture, intensified immigration enforcement with weakened accountability, and executive expansion under the cover of war and emergency politics. The strongest structural pressure fell on voting access and election fairness, as the administration pushed the SAVE America framework through executive threats, grant conditions, and congressional vehicles while courts simultaneously weakened Voting Rights Act protections and allowed racially dilutive maps to proceed. A second major theme was the normalization of coercive state power in immigration: record ICE arrests, multiple deaths tied to enforcement actions, use of a never-before-used removal court with secret evidence, cuts to legal aid for immigrant children, and efforts to stop FBI scrutiny of ICE confrontations. The third theme was executive aggrandizement through militarization and opacity: war funding requests, disputed casualty reporting, threats against civilian infrastructure, and repeated attempts to sideline Congress. Press intimidation, donor influence, and Saudi-linked conflict-of-interest concerns reinforced the sense of a governing style that fuses retaliation, secrecy, and patronage.</p>
<h3>Power and Authority</h3>
<ol>
<li>Secretary of State Marco Rubio framed antifa and the &quot;radical left&quot; as a terrorism threat at the State Department: Official terrorism rhetoric aimed at domestic political opponents can widen surveillance and justify harsher state action against dissent. (2026-07-18)</li>
<li>Stephen Bannon said a communist-threat narrative could justify a national security emergency order tied to the SAVE America agenda: Public advocacy for emergency rule around domestic politics signaled support for bypassing normal lawmaking and concentrating executive power. (2026-07-18)</li>
<li>President Trump ordered DHS to notify states about alleged noncitizens on voter rolls and deem them ineligible: Federal intervention in voter-roll eligibility risked wrongful removals and expanded executive pressure over election administration. (2026-07-18)</li>
<li>Secretary of Homeland Security Markwayne Mullin demanded that states run voter rolls through a federal noncitizen-check tool and threatened prosecution for noncompliance: Threatening state officials over disputed voter-roll checks used federal coercion to shape election rules and voter access. (2026-07-18)</li>
<li>The Office of Management and Budget proposed a rule shifting broad federal grant-making control to political appointees: Moving grant decisions toward political appointees would centralize executive leverage over public funding and weaken neutral administration. (2026-07-20)</li>
<li>The Trump administration cut federal funding for legal aid to unaccompanied immigrant children and pressed providers for sensitive data: Cutting counsel for children in immigration court reduced due process protections for a vulnerable group facing state power. (2026-07-22)</li>
<li>Health and Human Services Secretary Robert F. Kennedy Jr. withheld more than $1 billion in Medicaid funding from California and Minnesota: Using federal health funds against states increased executive leverage over disfavored jurisdictions and threatened basic services. (2026-07-22)</li>
<li>President Trump threatened military action against Iran and the Houthis after attacks on Saudi oil tankers: Direct presidential threats of force raised the risk of escalation while concentrating war-making momentum in the executive branch. (2026-07-22)</li>
<li>The Department of Homeland Security awarded a contract to build more border wall in Organ Pipe Cactus National Monument: Border-wall expansion used federal power in ways that overrode environmental and cultural protections affecting Indigenous communities. (2026-07-24)</li>
<li>President Trump threatened to target civilian infrastructure in Iran in retaliation for attacks on U.S. ships: Threatening civilian targets signaled a more unchecked use of military power with weak regard for legal limits and civilian protection. (2026-07-24)</li>
</ol>
<h3>Institutions and Governance</h3>
<ol>
<li>President Trump called on Congress to pass the SAVE America Act: Presidential pressure for new voting restrictions tested whether federal institutions would narrow ballot access in the name of fraud control. (2026-07-18)</li>
<li>The Commodity Futures Trading Commission investigated Representative Anna Paulina Luna over alleged advance tipping tied to betting markets: An ethics investigation into a member of Congress tested accountability rules for officials who may exploit inside information. (2026-07-18)</li>
<li>Congress enacted the 21st Century ROAD to Housing Act into law without Trump's signature: A bipartisan housing law showed Congress still exercising independent legislative capacity on a major domestic issue. (2026-07-18)</li>
<li>The federal appeals court struck down New Jersey's ban on assault rifles and large-capacity magazines: The ruling limited a state's regulatory authority and showed courts reshaping public-safety policy through constitutional review. (2026-07-18)</li>
<li>The Supreme Court issued a ruling that weakened the Voting Rights Act and prompted new map changes in southern states: Weakening federal voting-rights protections reduced judicial safeguards against racially dilutive election rules and maps. (2026-07-18)</li>
<li>The Department of Justice filed its first application in the Alien Terrorist Removal Court: Using a secretive removal court expanded executive reliance on exceptional legal machinery with reduced public scrutiny and due process. (2026-07-18)</li>
<li>House GOP leaders pushed to pass defense, funding, budget, and related measures before recess: A compressed legislative push concentrated major decisions into a short window, limiting deliberation over war, spending, and ethics rules. (2026-07-19)</li>
<li>Representative James Comer said the House was essentially done working before the midterms: Openly winding down House work before elections signaled weakened oversight and a legislature operating more as campaign stage than governing body. (2026-07-19)</li>
<li>The Pentagon sought additional congressional funding for military operations in Iran: Urgent war funding requests tested Congress's oversight role over an expanding conflict and its costs. (2026-07-19)</li>
<li>Judge Nathaniel Gorton blocked the administration from revoking work permits for asylum seekers and TPS holders: The order checked executive immigration power and preserved work authorization while the legality of the policy was reviewed. (2026-07-19)</li>
<li>Civil rights groups sued HHS over withheld records on childcare funding restrictions affecting Somali providers: The lawsuit used the courts to force disclosure and review of a federal policy that may have combined secrecy with discriminatory impact. (2026-07-20)</li>
<li>Judge Moss dismissed the remaining claims in Public Broadcasting Service v. Trump without prejudice: The dismissal changed the posture of a case challenging executive action and narrowed one avenue of judicial review. (2026-07-20)</li>
<li>Judge Ho granted stays pending appeal in two Yemen TPS cases and said the lower court would dissolve prior relief if remanded: The rulings strengthened the government's hand in ending protections while appeals continued, showing courts shaping immigration status through procedure. (2026-07-20)</li>
<li>The Supreme Court agreed to hear a case on whether an airplane was improperly seized for transporting beer: Taking the case signaled possible new guidance on forfeiture and the legal limits of property seizure by the state. (2026-07-20)</li>
<li>The Supreme Court declined to hear a case about whether one state had an edge in getting the Court's attention: By leaving lower rulings in place, the Court declined to revisit claims about fairness and unequal access in judicial process. (2026-07-20)</li>
<li>The Supreme Court granted certiorari in Jouppi v. Alaska: The Court's decision to hear the case signaled potential new precedent affecting state law or state authority. (2026-07-20)</li>
<li>The Senate held a hearing on a proposed $1.5 trillion Defense Department budget: The hearing tested congressional oversight of a major military budget increase tied to war and readiness claims. (2026-07-20)</li>
<li>Members of Congress backed dozens of bills to expand ICE's authority and funding: Legislative support for a larger ICE would deepen the institutional reach of immigration enforcement and reduce restraint on coercive power. (2026-07-20)</li>
<li>Epstein survivors urged senators to reject Todd Blanche's nomination for attorney general: Public opposition to a top law-enforcement nominee highlighted accountability concerns in a key institutional appointment. (2026-07-20)</li>
<li>The CDC announced a public advisory-board meeting on radiation and worker health: A formal advisory process preserved routine expert oversight and public input in federal worker-health governance. (2026-07-21)</li>
<li>Defense Secretary Pete Hegseth asked the Senate for nearly $88 billion in supplemental Iran-war funding and defended a much larger military budget: Large war and budget requests forced Congress to confront executive military expansion through appropriations and oversight. (2026-07-21)</li>
<li>The Senate Intelligence Committee advanced Jay Clayton's nomination for director of national intelligence: Advancing a disputed intelligence nominee affected future oversight of surveillance powers and the credibility of national-security institutions. (2026-07-21)</li>
<li>A magistrate judge ordered Trump to disclose business financial details in his BBC defamation suit: Compelled financial disclosure used court process to test transparency and accountability in a high-profile civil case. (2026-07-21)</li>
<li>Roger Rogoff sued Trump and DOJ over his removal as U.S. attorney for western Washington: The suit challenged presidential removal power and tested legal limits on executive control over federal prosecutors. (2026-07-21)</li>
<li>Judge Gorton partly stayed immigration policies affecting TPS work permits and asylum-related penalties: The order temporarily checked federal immigration rules that could strip work rights and trigger removals during litigation. (2026-07-21)</li>
<li>The Second Circuit remanded Mahdawi v. Trump and required constitutional claims to move first through immigration channels: The ruling narrowed district-court review and reinforced administrative gatekeeping over detention and removal challenges. (2026-07-21)</li>
<li>Judge Nachmanoff ruled for a former executive-branch official on due process claims over her firing: The decision reaffirmed that federal employment protections can limit abrupt politically driven removals and public smears. (2026-07-21)</li>
<li>A federal appeals court upheld Peter Navarro's contempt of Congress convictions: The ruling reinforced Congress's subpoena power and the legal consequences for defying oversight demands. (2026-07-21)</li>
<li>The Arizona Republican electorate nominated election deniers for governor and top election official while DOJ monitored several counties: Putting election deniers near control of election machinery raised risks to future administration and public trust in results. (2026-07-21)</li>
<li>Twenty-five states and the District of Columbia sued over FEMA and DHS grant conditions tied to voting and immigration policy changes: The suit challenged executive use of federal grants to force state policy changes outside normal legislative channels. (2026-07-22)</li>
<li>The House of Representatives passed the NDAA with war funding, voting restrictions, and a Pentagon renaming provision: Bundling defense policy with election restrictions and war measures showed Congress using must-pass vehicles for major democratic changes. (2026-07-22)</li>
<li>The House of Representatives passed a stopgap spending bill to avert a government shutdown through December 4: The measure preserved basic government operations while underscoring Congress's reliance on short-term funding rather than regular budgeting. (2026-07-22)</li>
<li>House Republicans approved a $73 billion Iran-war budget plan and a separate budget resolution for a $95 billion reconciliation bill: War funding and reconciliation maneuvers tested how far Congress would support executive conflict expansion and attach voting changes to fiscal bills. (2026-07-22)</li>
<li>Senator Andy Kim introduced legislation to enroll children in Medicaid until age 26: The bill proposed a major expansion of public coverage and showed Congress using legislation to widen social rights rather than restrict them. (2026-07-22)</li>
<li>The House of Representatives passed the NDAA with Section 219 requiring military technology sharing with Israel: The provision raised institutional questions about congressional control over defense policy and the scope of binding foreign-security commitments. (2026-07-22)</li>
<li>Representative Jim Jordan pressed DOJ to prosecute Jack Smith over his congressional testimony: Using committee power to seek prosecution of a former Trump investigator risked turning oversight into retaliation. (2026-07-22)</li>
<li>The Supreme Court left in place a prior ruling that many Trump tariffs were illegal: Judicial limits on tariff authority checked executive trade power and signaled that economic policy still faced legal boundaries. (2026-07-22)</li>
<li>Twenty-three state attorneys general filed an amicus brief supporting defendants in Jorge Lujan v. FMCSA: State attorneys general used coordinated litigation to influence how federal regulatory authority would be interpreted in court. (2026-07-22)</li>
<li>Twenty state attorneys general and the District of Columbia filed an amicus brief supporting Harvard in its case against HHS: States used the courts to back an institutional challenge to federal executive action affecting higher education and funding. (2026-07-22)</li>
<li>CHIRLA and Legal Services for Children sued over a nonwaivable fee for special immigrant juvenile petitions: The case challenged an administrative barrier that could block poor youth from accessing a legal protection created by statute. (2026-07-22)</li>
<li>The D.C. Circuit denied the administration's renewed stay request in Lesly Miot v. Trump: The ruling refused to pause lower-court relief and showed appellate courts still checking executive litigation tactics. (2026-07-22)</li>
<li>Judge Talwani let voting-rights and constitutional claims proceed in League of Women Voters of Massachusetts v. Trump: Allowing the case to move forward preserved judicial review of an executive order alleged to burden voting rights and federalism. (2026-07-22)</li>
<li>The Supreme Court ruled that major immigration policy changes could not be imposed unilaterally without congressional approval: The ruling reaffirmed separation of powers by requiring legislative backing for significant immigration policy shifts. (2026-07-22)</li>
<li>The FDA reestablished its Peripheral and Central Nervous System Drugs Advisory Committee after its charter expired: Restoring an expert advisory body preserved routine institutional review in drug regulation rather than leaving decisions solely to political leadership. (2026-07-23)</li>
<li>Democratic lawmakers introduced the Industrial Bank for American Manufacturing Act: The bill proposed a new public financing institution, showing Congress using structural economic policy through ordinary legislation. (2026-07-23)</li>
<li>Jes Staley testified before a House panel about his ties to Jeffrey Epstein: Closed-door testimony showed Congress continuing oversight of elite networks and possible institutional failures around Epstein. (2026-07-23)</li>
<li>The New York legislature enacted a temporary ban on new datacenter development: The state used legislative power to slow AI infrastructure growth while weighing environmental and public-interest concerns. (2026-07-23)</li>
<li>The House of Representatives passed a war powers resolution directing Trump to withdraw U.S. forces from the Iran conflict: The vote asserted congressional authority over war even if enforcement remained uncertain against executive resistance. (2026-07-23)</li>
<li>A panel of federal judges declined to block Tennessee's new congressional map that split Memphis: Allowing the map to stand weakened judicial protection against racial vote dilution before upcoming elections. (2026-07-23)</li>
<li>The Louisiana Supreme Court issued a decision that led to redrawing the state's U.S. House districts: State-court intervention reshaped representation and candidate strategy by forcing a new congressional map. (2026-07-23)</li>
<li>The Fourth Circuit affirmed an order barring Badar Khan Suri's removal while detention claims proceeded: The ruling preserved judicial power to review detention and block removal, limiting executive control over immigration custody. (2026-07-23)</li>
<li>The D.C. Circuit denied rehearing in Refugee and Immigrant Center for Education and Legal Services v. Noem: The denial left prior limits on the government's position in place and maintained an existing judicial check. (2026-07-23)</li>
<li>Judge Murphy stayed American Academy of Pediatrics v. Robert F. Kennedy Jr. until September 3: The stay delayed further court action in a challenge to federal health policy, slowing institutional resolution. (2026-07-23)</li>
<li>Donald Trump petitioned the Supreme Court to reconsider the $5 million verdict in the E. Jean Carroll case: Seeking Supreme Court review kept a major accountability case active and tested how far elite litigants can extend legal fights. (2026-07-23)</li>
<li>The FDA amended the notice for an advisory committee meeting on Deramiocel and announced another gene-therapy advisory meeting: Public notice of advisory meetings preserved procedural transparency and outside participation in drug-review decisions. (2026-07-24)</li>
<li>Judge Georgette Castner dismissed the RNC's lawsuit seeking New Jersey voter data: The dismissal protected voter records from broad partisan access and reinforced limits on fishing expeditions for election data. (2026-07-24)</li>
<li>A federal judge ordered the Pentagon to explain its testosterone policy for male troops in a case involving transgender service members: The order forced the military to justify unequal treatment and kept judicial scrutiny on potentially discriminatory service rules. (2026-07-24)</li>
<li>Judge Robert S. Ballou ruled that FDA restrictions on mifepristone were arbitrary and capricious: The ruling used administrative law to check federal restrictions that limited reproductive healthcare access. (2026-07-24)</li>
<li>Twelve states led by California won a temporary restraining order pausing the Paramount-Warner Bros. merger: State court action showed subnational institutions using antitrust tools to slow concentration in a major media market. (2026-07-24)</li>
<li>Two small businesses sued over new Section 301 tariffs and said the administration exceeded its authority: The lawsuit challenged the legal basis for broad trade action and tested limits on delegated executive power. (2026-07-24)</li>
<li>A prosecutor in Ecuador was assassinated while investigating allegations tied to U.S. boat strike survivors: The killing threatened accountability for alleged abuses by undermining the safety and independence of legal investigators. (2026-07-24)</li>
<li>Donald Trump sought more than $70 billion in lawsuits and claims since late 2022, according to a CREW analysis: The scale of litigation suggested repeated use of courts as a pressure tool, raising concerns about legal intimidation and asymmetry of resources. (2026-07-24)</li>
</ol>
<h3>Economic Structure</h3>
<ol>
<li>The House and Senate advanced major defense, funding, and budget measures before recess: Fast-moving fiscal decisions on defense and government funding shaped public spending priorities with limited time for scrutiny. (2026-07-19)</li>
<li>U.S. gas and oil markets rose sharply as the Iran conflict and regional attacks disrupted energy expectations: War-driven energy spikes increased consumer costs and showed how foreign conflict can quickly reshape domestic economic pressure. (2026-07-19)</li>
<li>The FDA warned against consuming shredded iceberg lettuce linked to a cyclospora outbreak: Food-safety enforcement protected public health and showed the continuing role of regulators in guarding basic consumer welfare. (2026-07-18)</li>
<li>The Trump administration imposed an additional 50 percent tariff on many Canadian products: New tariffs used executive trade power in ways likely to raise prices, strain an allied relationship, and shift economic burdens onto consumers and firms. (2026-07-19)</li>
<li>The U.S. Trade Representative imposed a 25 percent tariff on Brazilian goods after a Section 301 investigation: The action expanded unilateral trade penalties and showed executive use of tariffs to pressure foreign policy and market behavior. (2026-07-20)</li>
<li>Paramount and Warner Bros. paused their merger before states later won a temporary restraining order: The stalled merger highlighted how concentration in media markets can trigger economic and public-interest concerns before completion. (2026-07-20)</li>
<li>The EPA designated new air-monitoring methods for carbon monoxide and particulate matter: Technical rulemaking supported state enforcement capacity and the public's access to reliable environmental data. (2026-07-20)</li>
<li>The FDA finalized a rule updating the standard of identity for pasteurized orange juice: The rule adjusted food standards through ordinary regulation, affecting labeling, industry practice, and consumer expectations. (2026-07-20)</li>
<li>The United Kingdom faced major cost overruns on the HS2 rail project: Escalating infrastructure costs illustrated how weak project governance can erode public confidence in large public investments. (2026-07-20)</li>
<li>The United Kingdom continued to face energy scarcity, a housing shortage, and a large NHS treatment backlog: Persistent shortages in energy, housing, and healthcare showed how policy design can shape long-term access to core public goods. (2026-07-20)</li>
<li>Major consumer brands and SpaceX's PAC funded members of Congress who backed ICE-expansion legislation: Corporate money supporting coercive-policy legislation showed how private capital can steer public enforcement priorities. (2026-07-20)</li>
<li>The FCC denied Kinéis's petition over how regulatory fees are assessed on space stations: The decision preserved an agency fee structure that spreads regulatory costs across license holders rather than only active operators. (2026-07-21)</li>
<li>The FDA extended the comment period for its expedited investigational new drug pilot program: Extending public comment preserved procedural input on a program that could speed drug development and alter regulatory risk. (2026-07-21)</li>
<li>Oil tankers reversed course after a Houthi blockade near the Bab el-Mandeb Strait: Shipping disruption showed how conflict can quickly affect global supply chains and energy prices that shape domestic economic conditions. (2026-07-21)</li>
<li>ICE delayed buying body cameras despite having funding and later placed large orders: Delayed spending on accountability tools showed how agency choices can weaken oversight even when money is available. (2026-07-21)</li>
<li>Republicans' One Big Beautiful Bill Act cut SNAP benefits for hundreds of thousands of Arizonans and shifted costs to the state: Deep food-aid cuts reduced material security for poor households and shifted administrative strain onto state systems. (2026-07-22)</li>
<li>Avelo Airlines ended ICE deportation flights and closed its Arizona base after sustained protests: A private contractor's withdrawal showed how public pressure can disrupt the market infrastructure that supports state deportation policy. (2026-07-22)</li>
<li>The FDA determined that RASUVO was not withdrawn for safety reasons and submitted a medical-device information collection for OMB review: Routine regulatory actions affected generic competition and device approval processes that shape access, pricing, and compliance costs. (2026-07-22)</li>
<li>President Trump announced tax-free &quot;Trump accounts&quot; with a federal contribution for children born through 2028: The program used federal fiscal policy to create a branded savings benefit with long-term budget and distribution effects. (2026-07-22)</li>
<li>The FDA accused QOL Medical of misleading advertising and QOL Medical later faced renewed scrutiny over a prior DOJ fraud settlement: Regulatory and fraud scrutiny of a drug company tested whether public-health enforcement can withstand political and financial pressure. (2026-07-22)</li>
<li>The Pentagon established an Economic Defense Unit to invest public funds in defense industries: A new public investment arm for defense raised risks of favoritism and blurred lines between industrial policy and insider access. (2026-07-23)</li>
<li>The Department of Homeland Security redirected $155 million from maritime-security work to event security: Shifting security funds away from their original purpose showed how executive budgeting choices can weaken public accountability for priorities. (2026-07-23)</li>
<li>The Trump administration announced new tariffs on major trade partners and later imposed tariffs on 60 countries: Broad new tariffs expanded executive control over trade policy and risked higher costs across supply chains and households. (2026-07-23)</li>
<li>Frederick Cooper gave another $1 million to MAGA Inc. while QOL Medical faced FDA allegations: Large political donations from a regulated executive during active scrutiny raised concerns that access and influence can shape enforcement outcomes. (2026-07-24)</li>
<li>The DEA announced an application by American Radiolabeled Chem to register as a bulk manufacturer of controlled substances: The notice opened public review of a controlled-substances manufacturing request, showing routine regulatory gatekeeping over sensitive markets. (2026-07-23)</li>
<li>The EPA approved state air-plan revisions in Missouri and Maine and denied a petition against an Arizona mine permit: These decisions showed federal regulators shaping the balance between state permitting, public participation, and environmental compliance. (2026-07-23)</li>
<li>The EPA proposed a consent decree on Florida water standards and submitted several emissions information requests to OMB: Administrative steps on water and air rules preserved the paperwork and deadlines that make environmental oversight enforceable. (2026-07-23)</li>
<li>The FDA published a strategy for accelerated clinical development and revoked the obsolete Orange B color additive listing: The actions updated regulatory pathways and removed outdated rules, affecting how quickly products reach market and how standards are maintained. (2026-07-23)</li>
<li>President Trump modified the aluminum tariff regime to reward companies that onshored U.S. production: The proclamation tied tariff relief to industrial investment, using trade power to steer private capital toward favored domestic production. (2026-07-23)</li>
<li>The EPA rescinded a redundant system of records notice for research-grant application files: Streamlining records management affected how grant data is stored and accessed across federal funding systems. (2026-07-23)</li>
<li>The FDA debarred Francis Esteban Matos from importing drugs for five years: The debarment showed regulators using exclusion powers to police illegal drug commerce and protect market integrity. (2026-07-24)</li>
<li>The EPA issued a significant new use rule for multi-walled carbon nanotubes and published environmental impact statement notices: These actions preserved advance review and public notice for industrial and infrastructure decisions with environmental consequences. (2026-07-24)</li>
<li>The FDA classified four medical devices into class II with special controls: Device classifications shaped market entry and patient access by setting the regulatory path for new health technologies. (2026-07-24)</li>
</ol>
<h3>Civil Rights and Dissent</h3>
<ol>
<li>Ralph Norman announced a Senate run in South Carolina: A high-profile candidacy affected representation and party competition in a state facing a fast-moving special election. (2026-07-18)</li>
<li>Maine Democrats concluded their Senate primary with Troy Jackson's victory: The primary result settled a major nomination contest and shaped voter choice in the coming general election. (2026-07-18)</li>
<li>The Democratic National Committee launched a voter-registration drive during the World Cup final: Organized registration efforts aimed to widen participation and counter barriers to electoral access. (2026-07-18)</li>
<li>Nebraska Democrats let their Senate nominee withdraw and shifted support to an independent candidate: The move changed the ballot landscape and reflected strategic adaptation within a competitive election. (2026-07-18)</li>
<li>Nearly 300 people in Santa Barbara gathered for postcarding, phone banking, and voter-engagement work: Grassroots civic action sought to expand participation and public engagement after recent voting-rights setbacks. (2026-07-18)</li>
<li>New York City Mayor Zohran Mamdani explored whether the city had authority to arrest Benjamin Netanyahu and later urged federal authorities to act instead: The episode showed local officials using public office to press human-rights accountability claims even without direct enforcement power. (2026-07-19)</li>
<li>The FBI stopped investigating confrontations involving ICE, according to reports later disputed by DOJ and DHS: Ending a layer of outside review would reduce accountability for federal force used against immigrants and bystanders. (2026-07-19)</li>
<li>An ICE officer fatally shot Lorenzo Salgado Araujo during a Houston enforcement operation: The killing of a man who was not the intended target intensified concerns about lethal force and immigrant community safety. (2026-07-19)</li>
<li>Tom Homan required ICE officers to use body cameras during vehicle stops: The mandate responded to public concern over fatal encounters and could improve evidence and accountability in immigration policing. (2026-07-19)</li>
<li>Community groups in Fultondale held a church-based gathering focused on voting rights and civic engagement: Faith and community organizing supported voter participation and local democratic capacity. (2026-07-19)</li>
<li>The 250 to 250 Project and its narrators released civic-history videos on democracy, civil rights, desegregation, land policy, and the Palmer Raids: Public history work strengthened civic memory and linked past struggles over rights and state power to present democratic understanding. (2026-07-19)</li>
<li>Activists and local organizations mobilized to counter voter suppression and election subversion before November 2026: Civil-society organizing aimed to defend election access and local oversight where formal protections were weakening. (2026-07-20)</li>
<li>Indivisible issued guidance and training on responding to aggressive federal law-enforcement practices: Organized nonstate response to coercive policing showed civil society building protective capacity against perceived abuse. (2026-07-20)</li>
<li>The House Homeland Security Committee Democrats reported that ICE had received 56 excessive-force complaints and referred one officer for possible discipline: The report documented weak accountability systems around force used in immigration enforcement. (2026-07-21)</li>
<li>ICE recorded 43,138 arrests in June and reached record daily arrest levels in early July: Record arrest volume showed a sharp expansion of coercive immigration enforcement with broad effects on liberty and community security. (2026-07-21)</li>
<li>Senator Angus King and 38 Democratic senators demanded investigations into recent fatal ICE shootings: The letter sought accountability for lethal immigration enforcement and pressed for oversight of officer vetting and conduct. (2026-07-21)</li>
<li>Juan Jairo Coronilla Durán died after fleeing federal officials during an ICE-linked operation in Florida: Another death tied to immigration enforcement underscored the bodily risks created by aggressive federal operations. (2026-07-22)</li>
<li>ICE officers reported low morale, unsafe staffing, and use of untrained recruits: Operational disorder inside a coercive agency raised risks of abuse, error, and unsafe enforcement against the public. (2026-07-22)</li>
<li>The Democratic National Committee picked South Carolina as the first state in the 2028 primary calendar: Changing the primary order reshaped whose voters gain early influence over presidential nominations. (2026-07-24)</li>
<li>Connor Read remained detained by ICE after being taken into custody at a green-card interview over past minor convictions: Detaining a long-term resident during a legal-status process showed how immigration enforcement can override settled family and community ties. (2026-07-24)</li>
<li>Federal prosecutors indicted 11 people over a smuggling operation linked to six migrant deaths in Texas: The indictment addressed lethal smuggling but also highlighted the deadly pressures surrounding migration and border enforcement. (2026-07-24)</li>
<li>A federal appeals court rejected the Trump administration's bid to redetain Georgetown scholar Badar Khan Suri after his ICE arrest over pro-Palestinian views: The ruling protected habeas review and limited detention tied to political expression in an immigration case. (2026-07-24)</li>
<li>A federal judge dismissed the RNC's suit for New Jersey voter data after finding no concrete plan for its use: Blocking broad access to voter records protected privacy and reduced the risk of partisan misuse of sensitive election data. (2026-07-24)</li>
<li>A federal judge ruled that FDA restrictions on mifepristone were arbitrary and capricious: The decision protected abortion access by challenging federal barriers to a widely used medication. (2026-07-24)</li>
</ol>
<h3>Information, Memory and Manipulation</h3>
<ol>
<li>President Trump accused journalists of hiding election fraud and called for revoking broadcasters' licenses: Threats against media licenses used state power rhetoric to intimidate the press and narrow independent scrutiny. (2026-07-18)</li>
<li>President Trump falsely claimed China had compromised 220 million U.S. voter files: A false election-security claim risked eroding trust in voting systems and feeding disinformation about fraud. (2026-07-18)</li>
<li>Lawmakers sought a full accounting from the Trump Presidential Library Foundation over financial discrepancies: Questions about foundation finances raised transparency concerns around a presidential institution tied to public memory and money. (2026-07-18)</li>
<li>The Department of Homeland Security posted a solicitation for offshore detention facilities: A public procurement notice revealed a major detention expansion plan and raised concerns about hidden coercive infrastructure. (2026-07-20)</li>
<li>Advocates launched a public campaign against ICE's alleged child-bounty contracting system: The campaign sought to expose opaque enforcement incentives affecting children and immigrant families. (2026-07-20)</li>
<li>The Trump administration sought phone records of New York Times reporters and their relatives before later withdrawing the subpoenas: Seeking reporters' records threatened source protection and signaled coercive surveillance of watchdog journalism. (2026-07-20)</li>
<li>The Pentagon disclosed casualties from the Iran conflict only after criticism over earlier silence: Delayed casualty disclosure weakened democratic oversight by limiting timely public knowledge of war costs. (2026-07-19)</li>
<li>The Pentagon updated its casualty database for the Iran conflict: Publishing casualty figures informed the public about the human cost of war, though later revisions raised trust concerns. (2026-07-20)</li>
<li>The Gates Foundation released an external review of its past meetings with Jeffrey Epstein and approved governance changes: Publishing an outside review addressed accountability concerns by disclosing elite institutional ties and proposed safeguards. (2026-07-21)</li>
<li>The Centers for Disease Control and Prevention operated with major funding cuts and staff losses that weakened outbreak response capacity: Shrinking public-health expertise reduced the state's ability to gather and act on reliable disease information for the public. (2026-07-22)</li>
<li>The U.S. government collected more than $13 billion from Venezuelan oil sales without clear public accounting: Unclear reporting on large public funds undermined transparency and made democratic oversight of executive financial decisions harder. (2026-07-22)</li>
<li>A Secret Service agent came under investigation for allegedly leaking details of JD Vance's travel plans: The leak inquiry highlighted how information security failures inside protective agencies can affect trust and accountability. (2026-07-23)</li>
<li>Major media outlets largely omitted Jared Kushner's Saudi financial conflicts in coverage of the Saudi nuclear deal: Underreporting a major conflict-of-interest issue limited the public's ability to judge foreign-policy decisions on full facts. (2026-07-23)</li>
<li>Preservation experts challenged the administration's plan to paint the Eisenhower Executive Office Building white while bypassing review: The dispute linked executive secrecy to control over a historic federal building and the public record embodied in it. (2026-07-23)</li>
<li>The Pentagon revised the official Iran-war death toll downward by excluding four service members killed after a declared cease-fire: Changing casualty counts in a politically sensitive way raised concerns that war records were being shaped to protect the administration. (2026-07-23)</li>
<li>Representative Joe Morelle said the administration had not provided an accounting for military funding requests: Missing detail on war spending weakened Congress's ability to track how executive military decisions used public money. (2026-07-24)</li>
<li>The EPA rescinded a redundant records notice for research-grant files because official records were kept elsewhere: The records change affected how grant information is organized and accessed, with implications for administrative transparency. (2026-07-23)</li>
</ol>
","The clock held at 7:44 p.m., but the week hardened existing lines: voting restrictions advanced, immigration enforcement intensified, war oversight weakened, and scrutiny drew retaliation. Courts, states, and civic groups pushed back, yet the dominant pattern was reinforcement of already dangerous trends."
