"ID","Title","Content","Excerpt","Date","Post Type","Permalink","Image URL","Image Filename","Image Path","Image ID","Image Title","Image Caption","Image Description","Image Alt Text","Image Featured","Attachment URL","Categories","Tags","Status","Author ID","Author Username","Author Email","Author First Name","Author Last Name","Slug","Format","Template","Parent","Parent Slug","Order","Comment Status","Ping Status","Post Modified Date","Is Current","Week Number","Week Start Date","Week End Date","Week Label","Week Start Minutes","Week End Minutes","Week Movement Minutes","Week Start Time Display","Week End Time Display","Week Status Tier Label","Week Status Tier Description","Week Status Summary","Clock Time Reference","Week Delta Summary","Clock Moved","Moral Floor Summary","Net Interpretation","Traits Moved Count","Event Count Total","Sources","Appendix Title","Appendix Content","Appendix Excerpt"
"","Week 89: A Week the Clock Held Its Breath","<!-- Generated by build_publish_week_v1 (WordPress narrative HTML) -->

<blockquote class=""dc-subtitle""><em>Executive overreach met courts, states, and dissenting senators in equal measure, leaving the Democracy Clock exactly where it stood before.</em></blockquote>
<p>Week 89 opens on a scene familiar to anyone who has watched this administration govern by increment. No single act defines the period. Instead the week accumulates through a dozen smaller frictions: a rescission here, a press ban there, a court order defied in a manner too quiet to call rebellion and too deliberate to call accident. The Democracy Clock has spent most of this second term inching backward through exactly this kind of week. Week 89 belongs to that pattern, not to any new one.</p>
<p>At the close of Week 88, the clock stood at 7:35 p.m. It remains there now. The net movement this week is zero minutes. That stillness is not calm. It reflects a week in which serious erosions in executive restraint, law enforcement independence, and election administration were offset, almost minute for minute, by courts that held their ground, states that sued, and senators who broke from their own party to object. The scale did not tip. It strained in both directions at once.</p>
<p>The week's first and most consequential development concerns money, and who controls it. The administration used pocket rescissions to withhold more than $1.8 billion in funds Congress had already appropriated, covering health, immigrant, and refugee programs. The Government Accountability Office reviewed the maneuver and called it unconstitutional. The finding did not stop the practice. Days later the administration diverted $52 million in Ukraine-region military aid to governments in Latin America, against an active congressional hold, and classified the accounting of $300 million in Taiwan aid after its funding deadline passed.</p>
<p>Congress did not stay silent. Senator Patty Murray called the withholding theft from the public. Susan Collins condemned the rescissions as unconstitutional, though she had confirmed the OMB director who pursued them. That contradiction says something about how deep the discomfort runs inside the president's own party. Seven states, including California, Maryland, and Oregon, sued to compel the spending Congress had ordered. New York sued separately over withheld housing funds. The GAO ruling gave these cases a foundation. Whether that foundation holds will be decided in courtrooms still to come.</p>
<p>The second development turns on the press, and here the record is less ambiguous. A federal judge had ordered the White House to restore credentials for CNN, MSNBC, and Politico. The administration did not comply in any meaningful sense. Reporters from those outlets were blocked from a state dinner, from Air Force One, from coverage that other credentialed press received freely. A friendlier outlet filled the vacant seat. The defiance was not hidden. It played out in plain view of the order meant to stop it.</p>
<p>What makes this more than a media dispute is the posture it reveals toward judicial authority itself. A court ruled. The executive branch decided the ruling did not require action. No one claimed the order was wrong. They simply treated it as optional. That is a different kind of violation than noncompliance born of confusion. It is noncompliance as policy.</p>
<p>The third development concerns the machinery of elections, and it moved in two directions at once. The Supreme Court allowed the SAVE citizenship-verification database to resume operating for voter-roll purges, even after a lower court had found it violated privacy law. The Court also agreed to hear a case in December that could expand the scope of permissible purges, with argument scheduled close enough to the election to matter directly. A cabinet official, Markwayne Mullin, pressed states with unverified claims of fraud and threats to cut funding.</p>
<p>Here the countervailing forces were unusually visible. A federal judge in Georgia dismissed the Justice Department's second attempt to obtain unredacted voter-registration data. The DNC sued over changes to overseas voter registration forms. These rulings did not undo the SAVE database's resumption. But they show that not every door the administration tried to open this week actually opened.</p>
<p>The fourth development sits inside the Justice Department itself, and offers the week's most textured account of how law becomes a weapon rather than a limit. A career prosecutor, Sheri Mecklenburg, resigned, alleging she had been directed to pursue politically motivated felony charges against activists and was then scapegoated for objecting. Nearly three hundred former DOJ employees signed a letter accusing the department of abandoning its rule-of-law mission. The department itself, under Attorney General Bondi, closed more than 23,000 cases in six months, including investigations into terrorism and fraud, and shifted resources instead toward immigration enforcement.</p>
<p>Jack Smith testified before the Senate Judiciary Committee that he had personally faced threats of jail from the president. The claim grew stranger still when Senator Eric Schmitt, during that same hearing, leaned on a conspiracy theory later shown to rest on a mix-up between an Atlanta sports team and an Iowa one. Judge Aileen Cannon, a Trump appointee, blocked release of Smith's final report on the classified documents case, a departure from standard disclosure practice. FBI Director Kash Patel repeated promises of imminent arrests tied to an unproven 2020 election conspiracy. The arrests never came. Two career FBI counterterrorism supervisors were removed for declining to misuse their resources investigating a personal matter involving a White House official's family.</p>
<p>Not every thread in this cluster ran one direction. Judge Todd Edelman dismissed, with prejudice, a thin prosecution against former Olympian David Hearn. He warned explicitly of the risk that the president would force new charges if the case were merely paused rather than ended. It was a small ruling. It was also a rare moment this week in which a court named the danger of politically driven prosecution and acted to shut it down rather than merely delay it.</p>
<p>The fifth development is smaller in scale but telling in texture: public money used for personal and political glorification. Multiple taxpayer-funded advertisements aired this week carrying language lifted from the president's own campaign rhetoric, including one praising the recent military action against Iran. Separately, the Trump Organization filed trademark applications for &quot;MAGA&quot; and &quot;45-47&quot; for streaming platforms. Whistleblowers alleged that Kennedy Center funds meant for roof repair were redirected toward repainting tied to a planned renaming. None of these acts alone reaches the scale of the pocket rescissions. Together they describe an administration growing comfortable treating public institutions as extensions of a personal brand.</p>
<p>The sixth development returns to the judiciary, but from a different angle: the president's own account of what he wants from it. In a Time interview, Trump said he regretted appointing Gorsuch, Kavanaugh, and Barrett, citing insufficient loyalty, and affirmed that loyalty was what he expected from judges generally. A sitting president saying this plainly, rather than implying it, marks a shift from pressure applied quietly to pressure stated as principle. The same interview touched on &quot;annihilating&quot; Iran. The week closed with a third aircraft carrier strike group deployed to the Middle East, and Defense Secretary Hegseth handing questions of future warfare to major donors including Elon Musk and Palmer Luckey. These are separate facts. Read together, they describe a presidency speaking more openly about loyalty, force, and donor access than it has in prior weeks.</p>
<p>The seventh development is economic, and it complicates any simple story of consolidation. September's jobs report showed just 29,000 new jobs against expectations of 84,000, with prior months revised downward. Mortgage rates and bond yields reached multi-decade highs. Diesel prices, driven partly by the Iran conflict, were squeezing independent truckers against the wall of their own businesses. Farmers in Iowa, central to the administration's political coalition, reported tariff-driven hardship serious enough that Republican consultants privately warned of electoral losses. The administration's budget director confirmed plans to deepen cuts to SNAP and healthcare to fund defense priorities. This is not an administration whose economic story is improving as the midterms approach. It is one absorbing bad news while continuing the policies that produced it.</p>
<p>The eighth development follows the money more directly into policy outcomes. A nursing-home industry donation of $4.8 million to a pro-Trump super PAC preceded the abandonment of a staffing-safety rule. Big Tech executives donated over $227 million around the same time an AI self-regulation meeting produced only nonbinding standards. The super PAC MAGA Inc. raised more than $400 million in this period, much of it from donors with pending business before the administration. Trump himself claimed direct personal control over the super PAC's funds, a claim that, if accurate, would itself violate the legal separation between candidates and independent-expenditure committees. None of these facts alone proves exchange. Arranged in sequence, across sectors as different as healthcare and artificial intelligence, they describe a consistent shape.</p>
<p>The ninth development concerns immigration enforcement, where authority expanded even as evidence of abuse piled up. The Supreme Court lifted due-process protections for deportations to third countries. Families of Renee Good, a US citizen killed by an ICE agent during protests, filed wrongful-death suits alleging officials falsely branded her a domestic terrorist and pressured an FBI agent to abandon a civil rights inquiry. ICE deleted internal reviews documenting in-custody deaths from its own website, concealing records tied to at least six deaths from medical neglect among 56 total deaths this term. Local resistance persisted alongside this expansion. Colorado sued over a detention-facility contract awarded without environmental review. A federal judge blocked border-wall construction in Big Bend National Park. California's newly signed &quot;No Kings Act&quot; was invoked by plaintiffs within hours of being signed into law.</p>
<p>Running beneath all nine developments is a quieter thread the week's record names directly. A government chatbot, America.gov, briefly fact-checked the president's own claims before being censored into silence. It is a small thing, almost comic, except that it captures the week's logic in miniature. Even a tool built by the administration itself, when allowed to function honestly, produced an inconvenient truth. The response was not correction. It was suppression.</p>
<p>The Supreme Court has scheduled Republican National Committee v. Mi Familia Vota for argument in December, a case that could expand the legal basis for voter-roll purges before the next federal election. That date is fixed. What the Court does with it is not yet known, but the timing alone places the question of mass disenfranchisement squarely inside the window before voters go to the polls.</p>
<p>Week 89 will likely be remembered, if it is remembered at all, as a week of friction rather than rupture. The clock did not move, and that stillness is itself a kind of evidence. Pressure built on every front: the power of the purse, the independence of prosecutors, the integrity of voter rolls, the loyalty expected of judges. On nearly every front, something pushed back: a GAO finding, a state lawsuit, a judge's dismissal with prejudice, a senator's public break with the president who appointed the people she now condemns. Neither side secured the week. The architecture of restraint held, though barely, and the cost of holding it kept rising.</p>
","A week without a single defining event but many small ones: withheld funds, defied court orders, expanding voter purges, and a politicized Justice Department, all counterbalanced by lawsuits, judicial pushback, and bipartisan senatorial dissent. The clock held still.","2026-10-05 07:40:32","post","","https://thedemocracyclock.com/wp-content/uploads/week89-narrative-featured.jpg","week89-narrative-featured.jpg","","","","","","","https://thedemocracyclock.com/wp-content/uploads/week89-narrative-featured.jpg","https://thedemocracyclock.com/wp-content/uploads/week89-narrative-featured.jpg","Week","","publish","","","","","","","","","","","","","","","1","89","20260926","20261002","September 26 - October 2, 2026","454.7","454.7","0","7:35 p.m.","7:35 p.m.","Democratic Fragility","Authoritarian traits systemically present; outcomes increasingly distorted.","This week showed a sustained, multi-front assault on constitutional constraints on executive power, layered atop continuing information-control campaigns and deepening conflicts of interest. The administration's defiance of the Impoundment Control Act (withholding $810M+ and diverting DHS/military aid funds), paired with taxpayer-funded political advertising and Trump's explicit refusal to rule out invoking the Insurrection Act or declaring a state of emergency before midterms, mark a qualitative escalation beyond routine policy disputes. Simultaneously, the press-access fight (CNN/MSNBC/Politico bans defied even after court orders) and a government chatbot being censored for fact-checking the president illustrate active information suppression. Yet countervailing forces were unusually visible: GAO findings of unconstitutionality, multiple state lawsuits, a federal judge blocking border wall waivers, Senate Republicans publicly rebuking Trump, cratering approval numbers (31%), and a wave of competitive Democratic polling in red states. The week captures a system straining against authoritarian pressure with institutional antibodies still active but increasingly taxed.","The Democracy Clock remained at 7:35 p.m., unchanged from the close of Week 88. Significant erosions in executive restraint and oversight were offset almost minute for minute by judicial, state, and legislative pushback, producing zero net movement this week.","Net movement across all traits summed to zero points, reflecting a week in which erosions and countervailing pushback were nearly equal in magnitude.
Twenty traits registered measurable movement this week, spanning executive overreach, judicial politicization, voter suppression, and donor influence, with one trait (courts ruling for donors/elites) moving in the restraining direction.","False","Week 89 continued a pattern of simultaneous erosion and resistance rather than clear movement in either direction. The administration withheld or diverted over $2 billion in congressionally appropriated funds across at least four separate programs, a practice the GAO found unconstitutional yet which continued unabated. The president explicitly stated a preference for judicial loyalty over independent rulings, while his Defense Secretary subordinated military procurement decisions to private megadonors and imposed loyalty tests on service members. Taxpayer funds financed campaign-style advertisements, including one praising a war action, while a government chatbot that briefly fact-checked the president was censored. Countervailing forces remained substantial: the GAO's constitutional finding, seven-state and New York lawsuits over impoundment, a judge's dismissal with prejudice of a politically pressured prosecution, a court blocking border-wall construction, and bipartisan legislative pushback on surveillance overreach and the Putin G20 invitation.","Week 89 demonstrates that stillness on the Democracy Clock is not calm but strain: significant anti-democratic pressure was met almost minute-for-minute by institutional and civic pushback, leaving the measured position unchanged while the underlying contest intensified.","20","112","'Historic victory': Court blocks border wall plan in Big Bend, says Trump team cut corners, 2025-11-07, 2026-01-28, 2026-05-18, 2026-06-18, 2026-09, 2026-09-01, 2026-09-02, 2026-09-14, 2026-09-17, 2026-09-18, 2026-09-19, 2026-09-21, 2026-09-22, 2026-09-23, 2026-09-24, 2026-09-25, 2026-09-26, 2026-09-27, 2026-09-28, 2026-09-29, 2026-09-30, 2026-10, 2026-10-01, 2026-10-02, 2026-10-03, 2026-10-04, 2026-10-04T21:29:37.054941Z, 4 takeaways from Trump's Time magazine interview, 50501, 7:35 p.m., >=2 news: ['abc7chicago.com', 'propublica.org'], >=2 news: ['abcnews.com', 'bbc.com', 'cnbc.com', 'nationalreview.com', 'npr.org', 'nypost.com', 'theguardian.com', 'washingtontimes.com'], >=2 news: ['abcnews.com', 'politico.com', 'theguardian.com'], >=2 news: ['bbc.com', 'cbsnews.com', 'nypost.com', 'theguardian.com', 'thehill.com'], >=2 news: ['bbc.com', 'courthousenews.com', 'nationalreview.com', 'nypost.com', 'pbs.org'], >=2 news: ['bbc.com', 'freebeacon.com', 'npr.org', 'theguardian.com', 'washingtontimes.com'], >=2 news: ['bbc.com', 'pbs.org', 'politico.com'], >=2 news: ['cbsnews.com', 'nypost.com', 'propublica.org', 'theguardian.com', 'washingtontimes.com'], >=2 news: ['cnn.com', 'nbcchicago.com', 'nypost.com', 'pbs.org', 'theatlantic.com', 'theguardian.com', 'washingtontimes.com'], >=2 news: ['cnn.com', 'theguardian.com'], >=2 news: ['courthousenews.com', 'thedispatch.com'], >=2 news: ['finance.yahoo.com', 'theguardian.com'], >=2 news: ['freebeacon.com', 'nationalreview.com', 'nbcnews.com', 'nypost.com', 'pbs.org', 'politico.com', 'realclearpolitics.com', 'theguardian.com', 'washingtontimes.com'], >=2 news: ['huffpost.com', 'theguardian.com', 'thehill.com', 'usatoday.com'], >=2 news: ['msnbc.com', 'npr.org', 'nypost.com', 'thedispatch.com'], >=2 news: ['nationalreview.com', 'nbcnews.com', 'nypost.com', 'pbs.org', 'theguardian.com', 'washingtontimes.com'], >=2 news: ['nationalreview.com', 'propublica.org'], >=2 news: ['nbcnews.com', 'nypost.com', 'theguardian.com'], >=2 news: ['nbcnews.com', 'propublica.org'], >=2 news: ['nbcnews.com', 'time.com'], >=2 news: ['newsweek.com', 'scotusblog.com'], >=2 news: ['npr.org', 'nypost.com', 'pbs.org', 'theatlantic.com', 'thedispatch.com', 'thehill.com', 'washingtontimes.com'], >=2 news: ['nypost.com', 'theguardian.com'], >=2 news: ['pbs.org', 'propublica.org', 'theatlantic.com', 'theguardian.com'], >=2 news: ['pbs.org', 'theguardian.com'], >=2 news: ['politico.com', 'the-independent.com'], >=2 news: ['propublica.org', 'theatlantic.com'], >=2 news: ['propublica.org', 'theguardian.com', 'thehill.com'], >=2 news: ['scotusblog.com', 'thedispatch.com', 'theguardian.com'], >=2 news: ['thedispatch.com', 'washingtonexaminer.com'], A Republican appropriations leader criticized executive impoundment of funds despite earlier confirming an official who had publicly backed such impoundment, highlighting a gap between oversight rhetoric and accountability., A Republican senator proposed stricter search-record and security requirements for mass surveillance technology amid documented misuse cases., A Republican senator's private rebuke of the president, made public, reveals internal party friction over loyalty demands and governance direction., A Trump-allied senator's break with the administration's enforcement approach, citing harm to farming communities and low criminal-record rates among detainees, signals internal party fracture., A Trump-appointed judge departed from standard practice by suppressing a special counsel's final report, limiting public accountability over a major federal investigation., A bipartisan Senate group pushed back on executive foreign-policy discretion, arguing the invitation would legitimize ongoing attacks on Ukrainian civilians., A botched execution in which the condemned survived two drug doses prompted a statewide execution halt, raising constitutional questions about cruel and unusual punishment., A career DOJ prosecutor's resignation exposes alleged political direction of charging decisions against protesters, raising rule-of-law and prosecutorial-independence concerns., A clemency denial advanced a historic execution despite mitigating factors including childhood abuse and mental illness, raising proportionality and fairness concerns., A commentary piece characterized the president's remarks as open defiance of Congress, part of a broader pattern of constitutional tension., A congressional candidate relied on content from a paid associate disguised as local news to attack an opponent, undermining information integrity in the race., A court found no national-security basis for revoking press access and ordered reinstatement, checking executive retaliation against critical outlets., A court rejected the department's second attempt to compel disclosure of confidential voter records, protecting state election-data privacy., A dramatic reduction in child lead-poisoning prevention funding reflects declining state investment in public health and child welfare protections., A federal hearing revealed an immigration officer falsified details in an arrest report, raising doubt about the accuracy of enforcement records more broadly., A federal judge ended a weak case the president had publicly pushed to continue, warning of the risk of meritless, politically motivated prosecution., A federal judge halted expanded border-wall construction, finding plaintiffs likely to succeed in challenging bypassed environmental and historical protections., A federally funded ad broadcasting campaign-style messaging on major networks raised legal concerns about prohibited government propaganda., A former special counsel's sworn testimony highlighted threats against prosecutors and FBI agents and asserted he personally faced presidential threats of jail., A government AI tool that initially debunked presidential falsehoods was quickly restricted, demonstrating active suppression of factual government information., A high-profile federal financing announcement ahead of midterms lacked completed permits, property purchases, or finalized financial arrangements, raising questions about its substance., A judge permanently dismisses former Olympian's Reflecting Pool charges, A long-term permanent resident and Palestinian-rights advocate faces deportation under a rarely used statute following detention a federal judge found likely retaliatory for protected speech., A mass coverage removal without transparent fraud verification threatens healthcare access for a large population of enrollees., A mass departure of career officials publicly condemning departmental direction signals eroding institutional integrity within federal law enforcement., A new California law bans child marriage. What's the global outlook on the practice?, A new ICE facility could speed up deportations for families and kids, A nonpartisan watchdog found the executive's pocket rescission unconstitutional, reinforcing legislative objections to unilateral impoundment of appropriated funds., A partisan vote failed to advance legislation addressing rising consumer electricity costs tied to datacenter growth, reflecting disagreement over regulatory adequacy., A procedural vote failed on legislation meant to curb congressional stock trading, continuing a gridlock on an ethics-reform measure., A second instance of diverting congressionally appropriated agency funds toward political advertising reflects continued misuse of public resources for partisan ends., A senator's use of debunked evidence during oversight testimony, withheld from the minority party beforehand, undermines the integrity of congressional investigation., A senior appropriator denounced withheld funds as undermining Congress's constitutional spending authority and warned of executive disregard for enacted law., A severe housing-market downturn in a major state signals broader consumer-confidence and economic stress nationwide., A state government challenged federal agency compliance with statutory environmental and procedural requirements for a new immigration detention site., A state takeover of the investigation followed criticism of local law enforcement's handling, with the victim described as 'failed' by the original system., A super PAC spread a demonstrably false claim about a Senate candidate's record before deleting it once fact-checked, part of a larger $37 million disinformation campaign., A sweeping reduction in federal prosecutions, including serious crime categories, signals a shift away from the Justice Department's core law-enforcement mission., A taxpayer-funded institution's last-minute cancellation of a scheduled book talk on Palestinian stories raises free-speech and viewpoint-discrimination concerns., A year-long probe aimed at former officials, criticized by a former DOJ inspector general for starting with targets and working backward, raises concerns of weaponized prosecution., ABC News, ABC7 Chicago, AI sector, AJ Tiarsmith, AOC, Sanders, Merkley roll out bill to ban Flock cameras, Aamer Madhani, Farnoush Amiri, Edith M. Lederer, Aaron Sibarium, Abigail Anthony, Activists protested executive reductions to protected federal lands now facing new mining claims, challenging the scope of presidential monument authority., Adam Harris, Adam Kredo, Agreements that allow local police to work with ICE skyrocket, Alan Feuer, Alan Riquelmy, Aleena Fayaz, Dan Berman, Kit Maher, Tierney Sneed, Brian Stelter, Aaron Blake, Molly English, Lauren Chadwick, Kristen Holmes, Alayna Treene, Michael Williams, Ted  Barrett, Holmes Lybrand, Alex Demas, Alex Diaz, Alexandra Villarreal, Ali Swenson, Alice Speri, Allie Griffin, Ella Morrison, Amanda Pampuro, Americans are paying millions for a batch of pro-Trump ads, An investigation found extensive taxpayer-funded travel by a sitting official now running for Senate, raising conflict-of-interest and misuse-of-office concerns., Analysis: Trump’s TIME interview shows a president consumed by his own news coverage, Analysts warn concentrated AI-driven stock gains may constitute an unsustainable market bubble, posing systemic economic risk compounded by weak safety oversight., Andrew C. McCarthy, Andrew Feinberg, Andrew Roth, Joseph Gedeon, Andrew Stanton, Andy Mannix, Anthony Blair, Anthony L. Fisher, Appointing major campaign donors with defense-industry financial interests to shape military strategy raises conflicts of interest and threatens civilian-military independence., Aram Roston, Ariana Baio, Asad HASHIM, Associated Press, At Jack Smith Hearing, Senator Schmitt Is No Hawkeye, At UN General Assembly, Iran's president responds to Trump's 'annihilation' threat, Authorities disrupted an alleged plan to attack a state legislative building, underscoring ongoing threats to the safety of elected institutions., BBC, Becca Good and Brent Ganger, Ben Johansen, Ali Bianco, Benny Caldera Jr. (arrested suspect) / Texas Department of Public Safety, Bernd Debusmann Jr, Khashayar Joneidi, Sarah Smith and Nada Tawfik, Betsy Klein, Big Tech executives, Bill to limit stock trading in Congress is blocked by Senate Democrats, Bipartisan Russia hawks urge Trump to pull Putin invite to G20 summit - Live Updates - POLITICO, Bipartisan group of senators urge Trump to disinvite Putin ..., Bipartisan senators raised privacy and wrongful-arrest concerns about nationwide surveillance cameras, with multiple bills proposed to restrict federal purchase and use., Brad Matthews, Brendan Rascius, Brian Fitzpatrick, Brian Stelter, Brittany Bernstein, Bryan McGrath, Bureau of Labor Statistics, CBS News, CNBC, CNN, CNN and MS NOW blocked from covering Xi’s arrival at state dinner, networks say, CNN left off Air Force One for Trump's upcoming trip, White House signals in new media restriction, CNN left off Air Force One for Trump’s trip to Tennessee as White House installs new media restriction, CNN says it was left off Air Force One for Trump's Saturday trip to a college football game, CNN, MS NOW White House reporters denied access to Xi’s state dinner arrival, CNN, MS NOW and Politico allowed back at the White House after judge blocked Trump’s ban, CNN, MS NOW and Politico allowed back into the White House after judge orders Trump admin to restore access, CNN, MS NOW and Politico reporters have access restored to White House after judge orders ban lifted, CNN, MS NOW and Politico sue Trump after being barred from White House, Caitlin Dickerson, California Governor Gavin Newsom, California bans child marriage, a practice still legal in 32 US states, California became the 18th US state to ban marriage for minors without exception, expanding legal protections against child exploitation., Casey He, Chad de Guzman, Charges against a civilian based on a contested account, with no body-camera verification, raise fairness and evidentiary concerns in immigration-enforcement prosecutions., Charles Fain Lehman, Charles Hilu, Chicago Tribune, Child marriage to be completely illegal in California starting in 2027, Chris Stein, Christa Gail Pike wasn't Tennessee's first failed execution this year. Here's what to know, Christa Pike still alive, 'snoring' after 2 lethal injections as Tennessee governor halts all executions, Christopher Solomon, Citing environmental concerns, Colorado sues DHS to block new immigration detention facility, Civil Rights and Dissent, Classifying the status of congressionally appropriated security assistance obstructs oversight and raises concern the aid may be used as diplomatic leverage with China., Commercializing political slogans for media ventures blurs the boundary between political identity and private commercial branding., Community members and organizers, Congress.gov, Congressional Democrats, Connor Greene, Cornell University students and social media users, Courthouse News Service, Cybele Mayes-Osterman, D.C. Judge Dismisses Reflecting Pool Charges — with Prejudice, DHS Secretary Markwayne Mullin, DNC, DOJ, DOJ under Attorney General Bondi, Dan Gooding, Dan Scavino, Daniel Desrochers, Danya Gainor, Holly Yan, Gloria Pazmino, Hanna Park, Jason Carroll, Linh Tran, Chris Boyette, Datacenter developers (Amazon, Duke Energy, BorderPlex), Datacenter developers accused of skirting key US pollution rules, David A. Graham, David Folkenflik, David Zimmermann, Democrat Graham Platner out of Maine Senate race amid sexual assault allegation, Democratic staffers and members compiled targets and draft document requests in anticipation of expanded oversight power if they gain committee control., Democrats Block Stock-Trading Bill, Denying the G.O.P. a ..., Democrats Still Knock the Supreme Court, Even When It Checks Trump, Democrats begin pulling Platner endorsements after Maine Senate candidate faces sexual assault allegation, Demoting experienced national-security officials for declining to misuse counterterrorism resources on a personal matter reflects politicization of FBI leadership., Department of Justice, Devin Dwyer, Diesel -- the fuel the U.S. economy runs on -- hits record high, Doug Bock Clark, Doug Bock Clark and Jen Fifield, Dropping a worker and patient-safety regulation shortly after major industry donations suggests regulatory decisions tracking campaign contributions rather than public interest., Early release of a convicted officer over family objections raises concerns about equal justice and accountability for police use of deadly force., Economic Structure, Education Department, Ella Morrison, Alex Diaz, Emily Mae  Czachor, Energy-Intensive Manufacturers Working Group on Greenhouse Gas Regulation v. Environmental Protection Agency (12-1254), Environmental advocates say developers are circumventing Clean Air Act major-source review, risking increased pollution exposure for nearby communities., Eric Tucker, Alanna Durkin Richer, Eva Terry, Ex-Dallas officer granted parole after conviction for wrongfully killing Black neighbor, Ex-special counsel Smith tells senators he won't 'be silenced' by Trump's threats of prosecution, Excluding major outlets while launching an alternative favorable channel exemplifies state efforts to control the information environment., Exclusive | Record diesel costs cripple trucking companies across California, Exclusive | Top California medical school discriminated against white, Asian applicants: DOJ, Exclusive | Trump cancels nearly $1B in funding for illegal immigrants and race-focused programs in new 'pocket' rescission, Expanded state-federal cooperation agreements broaden immigration enforcement capacity and reduce state-level protections for immigrants., Exploring commercial sports development on protected federal land raises concerns about privatizing public trust resources for entertainment profit., FBI, FBI Director Kash Patel, FBI’s Search of Georgia Election Center Is “Dangerous,” Experts Warn, Fabricated video content spread rapidly alongside a viral public case, illustrating the vulnerability of online discourse to misinformation during high-attention events., Family of Renee Good files civil suits against federal government in ICE killing, Family of Renee Good sues over ICE shooting death in Minnesota, Federal civil rights enforcement targeted race-conscious admissions practices at multiple University of California institutions following the 2023 Supreme Court ruling., Federal funds financed a campaign-style ad celebrating a military conflict, which ethics experts say may constitute an impeachable misuse of public resources., Federal judge, Federal judge Victoria Calvert, Federal prosecutors, Federal watchdog says Trump’s $810M funding cancellation is unconstitutional - Live Updates - POLITICO, Firm Tied to Kristi Noem Secretly Got Money From $220 Million DHS Ad Contracts, Florida housing market, Four Years of War in Ukraine, Fourteen senators (bipartisan), Gary Grumbach, Dareh Gregorian, Rudy Chinchilla, Rebecca Shabad, Gavin Newsom, George Caldwell, Georgia Punches Back in Spirited Motion to Dismiss DOJ Election Integrity Lawsuit, Government Accountability Office, Governor Kathy Hochul, Governor replaces DA with New York AG Letitia James as special prosecutor in Cornell case, Grim new details revealed in Cornell student's account of alleged gang rape: 'Instantly horrified', Guardian staff reporter, Hallie Golden, Leah Willingham, Hannah Allam, Hannah Jones, NBC Dallas-Fort Worth, Hegseth puts the future of warfare in the hands of major Maga donors, Hochul appoints AG Letitia James to take over ‘Cornell 7’ gang rape probe after losing faith in upstate DA’s investigation, Holmes Lybrand, Brian Stelter, Katelyn  Polantz, Alex  Stambaugh, Haven Orecchio-Egresitz, House Democrats plan vast oversight of Trump administration, with impeachment on the table, How Christa Pike could still face execution after botched attempts: experts, How Trump's obsession with 'rigged' voting machines ..., How record diesel prices will rip through the U.S. economy. Trucks, rails are only the start, HuffPost, ICE, ICE officer, If back in power, House Democrats plan vast oversight of Trump's government, Immigration judge Jayme Salinardi, Immigration judge rules US can deport president of ..., Immigration officials change protocol for reporting deaths of detainees removed from custody, In California, Attempts to Ban Child Marriage Meet Opposition, In U.N. speech, Trump threatens to ""annihilate"" Iran and defends handling of global conflicts, Independent truckers, Information, Memory and Manipulation, Institutions and Governance, Iowa agricultural economy, Iranian President Defies Trump Threats in Fiery U.N. Speech: ‘We Will Never Bow’, Is College Getting Less Safe for Women?, Is Flock Worth the Privacy Trade-Off?, Isaac Schorr, Isabel Keane, Israel’s Tight Race, One Month Out, Jack Date, Alexander Mallin, Jack Smith, Jack Smith Defends Trump Prosecution At Senate Hearing, Jack Smith clashes with senators over Trump probes, says ..., Jack Smith defends Trump probes in Senate hearing filled with GOP insults, Jamie Paige, Jaweed Kaleem, Jeff Cox, Jeff Mordock, Jennifer Hansler, Jennifer Scholtes, Jim Justice, Job growth cools in September — sorely missing forecasts as unemployment ticks up, Joe Gould, Joseph Gedeon, Josh Christenson, Josh Hawley, Josh Koehn, Judge Aileen Cannon, Judge Kathleen Cardone, Judge Todd Edelman, Judge blocks release of Jack Smith report on Trump classified documents case, Judge blocks release of special counsel Jack Smith, Judge dismisses Reflecting Pool case permanently, cites risk Trump will force new charges, Judge ends case against Olympian accused of Reflecting Pool vandalism, Judge permanently dismisses Reflecting Pool vandalism case against former Olympian David Hearn, Judge permanently dismisses Reflecting Pool vandalism case with prejudice, dubbing it 'fanciful', Judge temporarily blocks Trump administration from building border wall in Texas’ Big Bend region, Julia Ainsley, Justice Department Finds UCLA Law School Illegally Used ..., Justin Elliott, Joshua Kaplan, and Alex Mierjeski, Kamala Thiagarajan, Katherine Faulders, Karen Travers, Alex Ederson, Jon Haworth, Alexander Mallin, Kathryn  Watson, Kavanaugh Addresses Senate Committee: 'I Am a Pro-Law Judge', Kayla Epstein, Kelsey Ables, Ken B. Morales and David Armstrong, Ken Paxton, Kevin Breuninger, Kevin Williams, Key DOJ lawyers departed Trump ‘grand conspiracy’ probe amid pressure to produce, source says, Korea to Trump: We aren’t funding your Alaska pipeline, yet, Kristen Holmes, Betsy Klein, Kwasi Gyamfi Asiedu, Kyle Frankovich and Maureen Foody, Labor market faltered in September as jobs increased by just 29,000, unemployment rate rose to 4.2%, Lawmakers proposed banning federal agencies from using automated surveillance cameras and creating a private right of action against misuse., Letitia James appointed special prosecutor in alleged gang-rape at Cornell, Lindsey McPherson, Lisa Hagen, Lisa Mascaro, Local Police Join ICE Deportation Force in Record Numbers Despite Warnings Program Lacks Oversight, Local government adopted formal non-cooperation policies with ICE following sustained resident advocacy, affecting immigrant protections at the municipal level., Local residents gathered to protest a new large-scale detention facility amid concerns about due process and humane treatment of detainees., Los Angeles Times, MAGA Inc., MLB considers Grand Teton National Park for baseball game site, MLB considers Grand Teton National Park for baseball game site, prompting concern, MSNBC, Madeline Halpert, Major platforms' coordinated refusal to accept ads critical of a platform owner highlights concentrated private control over public information access., Man accused in plot to attack Texas Capitol building in federal custody, Man nabbed by SWAT officers after planning 'violent attack' on Texas state capitol, authorities say, Margaret Sullivan, Margot Sanger-Katz, Sarah Kliff and Christopher Rowland, Marin County Board of Supervisors, Mark Rivera, Barb Markoff, Christine Tressel and Tom Jones, Marlene Lenthang, Joe Kottke, Mary McCue Bell, Massive campaign contributions preceding a regulatory meeting that produced only voluntary standards suggest industry capture of AI policy discussions., Megan Brand, Tara Prindiville, Abigail Williams, Raquel Coronell Uribe, Megan Rose, Megan Rose and Andy Mannix, Mica Rosenberg, Mike Glenn, Minnesota Kicks Off Legal Battle With Trump Administration to Hold ICE Shooters Accountable, Mortgage and energy markets, Mortgage rates reached 7.5% and gas prices hit $4.48 per gallon, imposing growing financial burdens on households ahead of midterm elections., NBC Chicago, NBC News, NOTUS, NPR, NY AG Appears to Pre-Judge the Cornell Seven Rape Case Before Being Tapped as Special Prosecutor, Namrata Sen, National Review, Navy sending USS Theodore Roosevelt carrier strike group to the Middle East amid tensions with Iran, Nearly 300 former DOJ employees, New Pentagon Rules Keep Many Military Court Records Secret, New York Post, New York State Legislature, New York attorney general to review Cornell’s response to rape allegations as local DA reopens investigation, New York challenged federal withholding of housing-assistance funds, alleging violations of statutory spending obligations and administrative procedure., New loan-eligibility criteria disproportionately affect social-service, arts, and religious-studies degrees, narrowing access to higher education financing for lower-earning career paths., New state law expands legal avenues for suing federal immigration officers over alleged constitutional violations, rapidly invoked by plaintiffs within hours of signing., News Wrap: New York AG appointed as special prosecutor in Cornell rape case, Newsweek, Nick Schifrin, Eliot Barnhart, Nikole  Killion, Nina Golgowski, North Carolina state agencies, Obamacare and You Archives, Ohio Republican lawmakers, Olympic canoeist David Hearn has Reflecting Pool vandalism case tossed by judge with prejudice, Operation Encore and the Saudi Connection: A Secret History of the 9/11 Investigation, Over 100 residents advocated for a formal ordinance limiting use of county property for federal immigration enforcement operations., Over 1M Could Be Kicked Off Obamacare Under New Plan: Who's Impacted?, Owner-operator truckers are experiencing acute economic hardship from fuel costs nearly doubling year-over-year, threatening small-business viability in a Trump-supporting sector., PA_001, PA_002, PA_003, PA_004, PA_005, PBS, PBS News Hour, POLITICO, CNN, MS NOW barred from White House after ..., Party leaders' continued support for a candidate advocating violence against opponents, including a former president, signals eroding norms against political violence rhetoric., Patrick Svitek, Paul Crookston, Paying to advertise on outlets the president sought to exclude from White House access illustrates contradictory and potentially unlawful use of public funds., Pentagon Taps Elon Musk To Help Military Decide Which Weapons To Build Next. Musk’s Company SpaceX Already Holds $8 Billion In Defense Contracts, Petaluma City Council, Pete Hegseth, Peter Charalambous, Katherine Faulders, Justin Gomez , Devin Dwyer, Peter Elkind and Katherine Mangan, Playing the Hits, PolitiFact / unknown social media users, Politico, Power and Authority, Presidential messaging framing institutions and the media as enemies to be defeated escalates rhetoric that delegitimizes democratic opposition., Pro-Trump Influencer Benny Johnson is being sued for defamation by ICE protesters, ProPublica, Proposed federal cuts to child nutrition, maternal health, and medical research funding would shrink safety nets for vulnerable populations., Public outcry over earlier leniency prompted reopening of a sexual-assault investigation, with a senior prosecutor now preparing a grand-jury case., Pushing back on Trump agenda, Newsom signs bill targeting immigration enforcement, RESCINDING DHS' WAIVER AUTHORITY FOR BORDER ..., RONALD BLUM AP baseball writer, Rachel Dobkin, Rachel Treisman, Rafael Carranza, RealClearPolitics, Rebecca Schneid, Regan Morris, Rejecting documented polling data as fabricated undermines public trust in objective measurement and factual discourse., Removing official records tied to detainee deaths obstructs accountability and conceals evidence of medical neglect amid a rising death toll in custody., Rena Rowe, Renee Good’s family sues US government, immigration officials over her killing in Minneapolis, Reports describe rapid deportation of unaccompanied children, some appearing in immigration court without legal representation, raising due-process concerns., Republican National Committee v. Mi Familia Vota (25-1017), Republican senator’s angry texts to Trump revealed: ‘I don’t take this bull**** from anyone’, Republicans Are Running From Trump. Will It Work?, Republicans seek to advance congressional stock trading ban, Republicans wanted Jack Smith to give them a smoking ..., Reuters, Richard Luscombe, Robert Mackey, Rolling back fuel efficiency rules reduces environmental regulation and increases long-term fuel costs for consumers while favoring fossil-fuel interests., Ronald Blum, Rubio: No One Is Banned From Covering The White House ..., Russ Vought, Ryan J. Reilly, Ryan J. Reilly, Justin Goldman, Ryan King, SCOTUS grants stay and certiorari in DHS v. D.V.D. immigration removal case, SCOTUSblog, Sam Levin, Samuel Chamberlain, Sarah Fitzpatrick, Second Prosecutor Quits Trump’s ‘Grand Conspiracy’ Case, Sen. Josh Hawley introduces bill aimed at stopping abuse of Flock cameras and similar AI technology, Sen. Marsha Blackburn sues ex-Special Counsel Jack Smith, says he illegally obtained her phone records, Senate Democrats, Senate Democrats accused a cabinet official of using federal leverage to coerce state compliance with unverified election-integrity claims, risking interference with state election administration., Senate Democrats block House-passed bill restricting ..., Senate Democrats block datacenter energy bill, saying ‘toothless’ legislation ‘misses the mark’, Senate Democrats rip DHS over diverted funding ..., Senate Dems block bill to protect consumers from data center-driven electricity price hikes, Senate Judiciary subcommittee, Senate Republicans rip 'dirtbag' Jack Smith over Trump investigations: 'You make me want to throw up in my mouth', Senate Resolution Condemns Explosion of Anti-Semitism on Campus, Senate blocks Democratic effort to force report on West ..., Senate blocks Republican bill restricting stock trades by US Congress members, Senate blocks measure requiring report on Israeli violence ..., Senator Eric Schmitt, Senator Patty Murray, Senator Susan Collins, Senator Thom Tillis, Senators Sanders, Merkley, and Representative Ocasio-Cortez, September Hiring Trudged Along but Labor Market Still on ..., Settler Violence Is Dividing Israelis—Even Within the Settler Movement, Seven states sued to compel the administration to spend funds Congress appropriated, arguing the withholding violated separation-of-powers and administrative law., Shane Goldmacher and Maggie Haberman, Sheri Mecklenburg, Some CNN, MS NOW journalists barred from state dinner ..., Some banned media organizations return to the White House after judge's order, Sophie Gilbert, South Korea Contests U.S. Claims of New $50 Billion ..., South Korean officials publicly contradicted the president's announcement, exposing a pattern of fabricated diplomatic claims for political benefit., Speaker Mike Johnson, Special Counsel Jack Smith Resigns after Completing Final Report on Federal Trump Cases, State of Colorado, State of New York, State-level education legislation imposed a costly staffing mandate on a major city school system, illustrating state authority over local education budgets., States of California, Maine, Maryland, Michigan, Nevada, New Mexico, and Oregon, Stephan Bisaha, Stephanie Hegarty, Stephen Dinan, Stephen Miller, Steve Benen, Steven Nelson, Substituting a friendly outlet for a major network in the press pool circumvented a federal court order and undermined independent press access to presidential travel., Supreme Court, Supreme Court Update: 3 Major Cases Justices to Decide in New Term, Supreme Court declines to stop Christa Pike's execution, Supreme Court issues order to block full SNAP payments, Supreme Court justice temporarily pauses order requiring Trump administration to fully fund SNAP by end of Friday, Susan Ferrechio, Taiwan: Defense and Military Issues, Tariff-driven agricultural hardship is spreading across Midwest farm states, with GOP consultants warning of significant electoral losses., Taxpayer-funded pro-Trump TV ad campaign grows with new spot, wider reach, Taylor Herzlich, Tech platforms (YouTube, TikTok, Meta, X), Ten-Year Treasury Yield Reaches 19-Year High Amid ..., Tennessee Governor Bill Lee, Tennessee Inmate in Critical Condition After 'Torturous' ..., Tennessee cancels executions after Christa Pike survives botched lethal injection, Tennessee suspends executions as Christa Pike’s lawyer says failed lethal injection leaves her in critical condition, Texas Board of Pardons and Paroles, Texas Governor Greg Abbott and Senate nominee Ken Paxton, Texas PAC, The Associated Press, The Atlantic, The Children of Dilley, The Conservative Researcher Being Linked to the FBI’s Seizure of Election Records in Georgia, The Court permitted continued use of a system a lower court found violated privacy law, risking erroneous voter purges close to a federal election., The Court will hear a case that could expand the scope of allowed voter purges close to Election Day, with implications for mass-disenfranchisement risk., The Court will review a policy most lower courts rejected, with potential to permit mass detention at a scale unseen since historical internment practices., The Defense Secretary's rhetoric imposing loyalty tests on service members and branding press scrutiny as treasonous threatens apolitical military tradition and press freedom., The Dispatch, The Guardian, The Hill, The IRS Is Building a Vast System to Share Millions of Taxpayers’ Data With ICE, The Independent, The Navy’s Moves in the Eastern Mediterranean, Explained, The Press Is Not the Root of Trump's Problems, The Problem With Trump's New Taxpayer-Funded Ads, The SAVE America Act, Explained, The Senate declined to compel executive-branch reporting on the deaths of US citizens abroad, limiting oversight of foreign-assistance recipient conduct., The Shakedown: Trump’s DOJ Pressured Lawyers to “Find” Evidence That UCLA Had Illegally Tolerated Antisemitism, The Speaker signaled no change in direction for House governance strategy heading into the midterm elections., The State Department bypassed bipartisan congressional objections to direct democracy-fund grants toward favored political causes, undermining legislative control over foreign aid., The Wall Street Journal, The Washington Post, The Washington Times, The White House Wants to Make the Smithsonian a Pariah, The White House defied judicial relief protecting press access, continuing retaliation against outlets critical of the administration., The administration withheld bipartisan-approved funds for health, immigrant, and refugee programs, a move GAO found unconstitutional and that bypasses Congress's power of the purse., The budget director confirmed a reallocation of federal resources favoring defense spending at the direct expense of social safety-net programs., The deployment of a third carrier group alongside presidential threats toward Iran signals escalating military posture that raises risks of unintended conflict., The executive branch redirected funds Congress earmarked for one purpose to another, defying a legislative hold and asserting unilateral control over appropriated spending., The family of a woman killed by immigration agents alleges officials blamed her for her own death and suppressed a civil rights investigation into the shooting., The lawsuit argues the government bypassed required rulemaking procedures when restricting a voter-registration option for citizens born abroad., The president asserted illegal authority over independent-expenditure committee funds, undermining the legal separation between candidates and super PACs., The president declined to foreclose using emergency or military powers ahead of an election, raising concerns about potential interference with the peaceful transfer of power., The president publicly contemplated the mass destruction of a sovereign nation, raising concerns about restraint in the use of military threats for political signaling., The president publicly stated he values loyalty from judges over independent rulings, signaling pressure on judicial independence from the executive branch., The published transcript documented incoherent answers, fixation on personal projects, and explicit expectations of judicial loyalty, raising fitness-for-office questions., The ruling removed notice and fear-of-persecution safeguards for deportees sent to third countries, stripping due-process protections pending full review., The stories that got them banned: Trump lists 'reporting incidents' in letters to three news outlets, Tier-1 news (carries alone): apnews.com, Tier-1 news (carries alone): reuters.com, Tier-1 news (carries alone): washingtonpost.com, Tier-1 news (carries alone): wsj.com, Tim Golden, Time, Time magazine, Time magazine’s big interview with Trump was a huge missed opportunity, Time running out for Tennessee killer Christa Pike who says she's too damaged for death row, Tom Perkins, Tomer Almagor, Tompkins County District Attorney Matthew Van Houten, Treasury bond market, Treasury yields reached their highest levels in over two decades, raising borrowing costs across mortgages and consumer credit nationwide., Trump, Trump Admin Joins Lawsuit Against UCLA Med School, Unveiling New Data on Race-Based Admissions, Trump Directed Use of Taxpayer Money for Ads Praising ..., Trump DoJ indicts 10 individuals on noncitizen voting related charges in Minnesota, Trump Has Created a New Family-Separation Crisis, Trump Launches Government Chatbot That Contradicts ..., Trump Officials Eject 750,000 From Obamacare Markets, Claiming Fraud, Trump Unveils $15 Billion Iowa Steel Plant, the First Major in 50 Years — Credits 50% Tariffs for 'Roaring' Steel Industry Revival, Trump Unveils $15 Billion Iowa Steel Project, Trump Won’t Rule Out Declaring State Of Emergency Before Midterms, Trump admin removes 760K ObamaCare enrollees amid ..., Trump administration, Trump administration diverts human rights funds to push far-right agenda abroad, Trump administration shifts funds from human rights to supporting far-right causes, Trump administration to remove 760,000 Affordable Care Act enrollees over fraud claims, Trump administration used DHS funds for pro-Trump ads, Dems say, Trump ads run on CNN, MS NOW amid fight to bar them ..., Trump ally Stephen Miller leads sweeping push to accelerate removal of migrant children, Trump announces $15B steel mill in pivotal Iowa as victory for tariff policy, Trump announces plan for $15 billion steel plant, would be largest in U.S. history, Trump bans CNN, MS NOW and Politico from White House 'effective immediately' in latest blast at media, Trump bans CNN, MSNBC and Politico from the White House, Trump bans CNN, MSNOW, Politico from White House for their 'fake news', Trump company, Trump diverts Ukraine aid to authoritarian countries in Latin America, Trump doesn’t rule out declaring state of emergency before midterm elections, Trump isn't ruling out declaring national emergency around election, Trump loyalists at Kennedy Center, Trump not ruling out invoking Insurrection Act around ..., Trump officials cut 760000 enrollees from ACA, claiming ..., Trump personally helped orchestrate taxpayer-funded ads promoting himself and his policies, source says, Trump says U.S. and Iranian officials met Tuesday, shortly after warning he may 'annihilate' Iran, Trump says he did not 'jump the gun' on South Korea ..., Trump says he is banning media outlets CNN, MS NOW ..., Trump says he regrets appointing Neil Gorsuch, Brett Kavanaugh and Amy Coney Barrett, Trump sends third aircraft carrier to Middle East with 10K more troops — as he weighs post-midterm Iran assault, Trump slams Time staff during interview for not asking 'one f, Trump tells U.N. he could ‘annihilate’ Iran but expects a deal after the midterm elections, Trump threatens to 'annihilate' Iran in UN speech as officials from both countries meet on sidelines, Trump threatens to annihilate Iran as diplomats push for ..., Trump turns on Salazar after Florida Republican challenges his immigration crackdown, Trump's Taxpayer-Funded Ads Draw Bipartisan Criticism, Trump's fight with media disrupts his television coverage at United Nations, Trump’s DOJ Blocked Serious ICE Shooting Charge Over Federal Prosecutor’s “Strongest Possible” Objections, Trump’s Justice Department Dropped 23,000 Criminal Investigations in Shift to Immigration, Trump’s deputy chief of staff eviscerated for tone-deaf champagne-popping AI post - by fellow Republicans, Two authors (Jenan Matari and Nora Lester Murad), Two detained protesters allege a commentator with special White House access defamed them to millions of viewers as terrorists who assaulted officers., U.S. News & World Report, U.S. approves military aid to Taiwan under program usually reserved for sovereign nations, U.S. military, UCLA Law School Discriminated Against Whites, Asians in Admissions, DOJ Finds, UCLA law school discriminated against white and Asian applicants, Justice Department says, US 10-year Treasury yield briefly surges past 5% on sky-high diesel prices, US Job Growth Falls Short of Expectations as Labor Market Slows, US Judge blocks housing grant cuts while anti-DEI ..., US Senate, US Senate blocks bill to address data center costs, US Senate blocks bill to limit stock trading by lawmakers, US Senate blocks measure demanding report on rights ..., US Senate blocks resolution demanding accountability over Israeli violence in West Bank, US can deport Wisconsin mosque president on national security grounds, judge rules, US finalizes new lower fuel economy standards in boost for ..., US holds three hours of talks with Iran on sidelines of UN after Trump threatened to 'drive them into hell' during speech, US immigration judge allows cold war-era law to deport Wisconsin mosque’s president, US job growth undershoots expectations in September, but ..., US posts weak job growth data in September, US sends third aircraft carrier to Middle East amid stalemate in Iran war, USA Today, Unfulfilled public promises of arrests tied to a baseless conspiracy theory, combined with White House pressure on investigators, suggest politicized use of FBI authority., Unprecedented super PAC fundraising tied to donors with pending regulatory or policy interests before the administration raises pay-to-play concerns., Use of synthetic media to broadcast celebratory imagery during a period of high consumer costs illustrates manipulated political messaging., Utah Overpass Action and Southern Utah Wilderness Alliance, WATCH: Jack Smith says he would prosecute Trump again for 'serious crimes against our nation', WATCH: Jack Smith testifies before Senate Judiciary as GOP targets past Trump probes, WATCH: Justice Department files complaint against judges over immigration enforcement surge comments, WATCH: Appointing Cornell sex assault special prosector, Hochul says she won't let anyone 'sweep this case under the rug', WCCO  Staff, Aki  Nace, Washington Examiner, Washington Free Beacon, Weak labor-market data and substantial downward revisions reflect deteriorating economic conditions ahead of the midterm elections., Week 89 – Sep 26–Oct 2 2026, What Happened to $300 Million in Taiwan Aid? It’s Classified., What Is a ‘Pocket Rescission’? Inside Trump’s Move to Cancel $810 Million in Federal Funding, What the Constitution, Supreme Court say about 'due process' for Trump deportees: ANALYSIS, What to know about the investigation into Cornell University gang rape allegations, What to know: Cornell University gang rape allegations, What’s the Matter With Utah?, Whistleblower allegations describe redirection of federal cultural-institution funds to serve branding goals rather than needed facility maintenance., White House / Zeteo reporting, White House airs new taxpayer-funded ad praising Trump’s war on Iran, White House bars CNN from Air Force One, Why Federal Regulations Fail to Cut Emissions, Why the Flock Backlash Has Gotten So Intense, Widespread grassroots mobilization sought to shield a sexual assault survivor's anonymity and demand institutional accountability., William Turton, Wyden's Late Filing Highlights STOCK Act's Weak ..., Yahoo Finance, Yes, Gas Was Cheaper and Mortgage Rates Were Lower in 2020, abandoned a nursing home staffing-safety rule after the industry donated millions to a pro-Trump super PAC, abc7chicago.com, abcnews.com, accelerated removal of undocumented children and planned a large ICE detention facility for minors, admitted under oath to writing false information in a warrantless arrest report, agreed to hear a case challenging the administration's indefinite immigration-detention policy without bond hearings, aired a taxpayer-funded advertisement praising the president's declaration of war against Iran, aired a taxpayer-funded political advertisement using Trump's 2024 campaign rhetoric, allegedly diverted roof-repair funds toward repainting columns tied to a planned building renaming, allegedly split emissions sources into multiple permits to avoid stricter EPA pollution review, announced a $15 billion Iowa steel plant financed partly by the Export-Import Bank, later found incomplete on permits and financing, announced defense-spending priorities explicitly tied to deep cuts in non-defense programs including healthcare and SNAP, announced ideological and physical conformity standards for military personnel and labeled press criticism of troops as treason, announced the Stop Flock Abuse Act to regulate automated license-plate reader use, apnews.com, appointed Attorney General Letitia James as special prosecutor in the Cornell alleged gang-rape case, banned reporters from CNN, MSNBC, and Politico from the White House campus, prompting creation of a Trump-branded streaming channel, bbc.com, began preparing a slate of oversight investigations into the Trump administration ahead of the next Congress, blocked CNN and MSNBC from state-dinner and Air Force One coverage despite a court order restoring access, blocked DHS environmental-law waivers for border wall construction in Big Bend National Park, blocked a Republican bill restricting congressional stock trading, blocked a datacenter energy cost bill, calling it inadequate consumer protection, blocked release of Special Counsel Jack Smith's final classified-documents report, cbsnews.com, charged a civilian with federal crimes following a disputed ICE encounter lacking body-camera evidence, chicagotribune.com, classified accounting of $300 million in Taiwan military aid after a funding deadline passed, closed over 23,000 criminal cases in six months, abandoning investigations into terrorism, fraud, and other crimes, cnbc.com, cnn.com, condemned the administration's pocket rescission as theft from the public, congress.gov, considered building an MLB baseball facility inside Grand Teton National Park, courthousenews.com, cut a state lead-abatement program's funding by 97 percent, declined to run paid advertising for a documentary about Elon Musk, declined to withdraw endorsement of a Republican nominee who repeatedly called for public executions of political opponents, defied congressional authority according to a TIME magazine interview, deleted internal reviews documenting in-custody deaths from its public website, democracydocket, demonstrated against reductions to Bears Ears and Grand Staircase Escalante National Monuments, denied clemency for Christa Pike, clearing the way for the first execution of a woman in Tennessee in 200 years, denounced the pocket rescissions as unconstitutional while having voted to confirm the OMB director who pursued them, deployed a third aircraft carrier strike group to the Middle East, determined the administration's $810 million funding cancellation violated the Constitution, dismissed DOJ's lawsuit seeking unredacted Georgia voter-registration data, dismissed his historically low approval ratings as fake and attacked pollster credibility, dismissed with prejudice a politically pressured prosecution against former Olympian David Hearn, diverted $52 million in congressionally designated Ukraine-region military aid to Latin American governments against a congressional hold, documentary (search): congress.gov, documentary: scotusorders, donated over $227 million to Trump while meeting on nonbinding AI self-regulation standards, drove a disproportionate share of US economic growth amid bubble concerns, eliminated vehicle fuel economy standards established under the prior administration, experienced a severe multi-decade yield spike amid a broader bond sell-off, experienced the nation's worst housing glut with over 206,000 homes for sale, expressed regret over appointing Supreme Court justices who ruled against him and affirmed a preference for judicial loyalty, faced severe financial strain from diesel price surges tied to the Iran war, falsely claimed South Korea agreed to a $50 billion Alaska LNG investment, filed a federal lawsuit challenging Pentagon changes to the overseas voter registration form, filed a federal lawsuit challenging the administration's rescission of appropriated funds as unconstitutional impoundment, filed suit challenging DHS's award of a detention-facility contract without required environmental review, filed trademark applications for 'MAGA' and '45-47' for streaming and media platforms, filed wrongful-death lawsuits against an ICE agent and senior administration officials over the fatal shooting of a US citizen during protests, finalized a rule restricting federal student loans for degree programs with lower post-graduation earnings, finance.yahoo.com, found UCLA Law School discriminated against white and Asian applicants and expanded probes to other UC schools, freebeacon.com, granted early parole to a former police officer convicted of murdering a Black civilian, guardian, harvested, hcr, held a public hearing on strengthening restrictions on county cooperation with federal immigration enforcement, held a vigil opposing a planned ICE detention facility in Winton, North Carolina, held hearing on Flock Safety's automated license-plate camera network, high, huffpost.com, identified false footage circulating online purporting to show the Cornell assault, internal_master_index, introduced the Ban Flock Act to prohibit federal use of automated license-plate readers, issued a temporary restraining order requiring restoration of press credentials for CNN, MSNBC, and Politico, justice, justsecurity, keep_corroborated, keep_tier1, latimes.com, launched and then removed a baseless digital attack ad falsely claiming a Senate candidate supported jailing parents, launched the America.gov chatbot, then censored its ability to answer questions contradicting the president's claims, lifted lower-court due-process protections for third-country immigrant deportations, medium, meidas, ms.now, multi_source_corroborated, nationalreview.com, native Tier-1 citation, nbcchicago.com, nbcnews.com, news_desk, news_search, newsweek.com, no Tier-1 or >=2 news sources, noah, notus.org, npr.org, nypost.com, obligated $175 million in human rights funds to ideologically aligned recipients despite congressional holds, organized a nationwide 'I Am Jane Doe' solidarity movement protecting the alleged victim's identity, outloud, passed a law mandating maximum class sizes requiring New York City to hire additional teachers, passed a resolution limiting city cooperation with federal immigration enforcement, paused a lower court order and allowed resumption of the SAVE citizenship-verification database for voter-roll checks, pbs.org, politico.com, popinfo, posted an AI-generated video depicting lavish celebration by administration officials amid economic hardship, posted an inflammatory 'Final Battle' video attacking the deep state, press, and political opponents, predates_event(-1063d), predates_event(-1085d), predates_event(-1128d), predates_event(-119d), predates_event(-1339d), predates_event(-180d), predates_event(-1890d), predates_event(-189d), predates_event(-190d), predates_event(-219d), predates_event(-228d), predates_event(-235d), predates_event(-2439d), predates_event(-245d), predates_event(-26d), predates_event(-27d), predates_event(-289d), predates_event(-293d), predates_event(-2947d), predates_event(-29d), predates_event(-322d), predates_event(-3374d), predates_event(-385d), predates_event(-444d), predates_event(-4451d), predates_event(-480d), predates_event(-50d), predates_event(-513d), predates_event(-627d), predates_event(-706d), predates_event(-72d), predates_event(-81d), predates_event(-83d), predates_event(-881d), predates_event(-88d), privately criticized Trump in leaked text messages, stating he would not tolerate presidential threats, promoted unsubstantiated claims about election fraud and pressured states with threats to cut funding or launch investigations, proposed 2027 budget cuts eliminating nutrition support for roughly one million children and reducing NIH funding by $6 billion, propublica.org, publicly claimed direct personal control over his super PAC's funds, despite legal prohibitions on such coordination, publicly urged the administration to reconsider its aggressive immigration enforcement agenda, published a transcript revealing apparent cognitive confusion and loyalty expectations in a presidential interview, pursued a 'grand conspiracy' investigation targeting Trump's perceived political enemies with limited evidentiary support, raised over $400 million from entities seeking or recently receiving administration favors, ran taxpayer-funded ads on CNN and MSNBC while simultaneously barring the same networks from the White House, realclearpolitics.com, recorded record-high mortgage rates and gas/diesel prices amid economic strain, redirected $20 million in DHS funds to pay for pro-Trump midterm campaign advertisements, refused to rule out declaring a state of emergency or invoking the Insurrection Act before the midterm elections, refused to spend over $1.8 billion in congressionally appropriated funds through pocket rescissions, rejected a resolution requiring State Department reporting on Israeli violence against American citizens in the West Bank, removed about 760,000 people from Affordable Care Act coverage citing unverified fraud claims, removed two veteran counterterrorism supervisors after they resisted investigating harassment calls to a White House official's spouse, reopened a criminal investigation into an alleged gang-rape at a Cornell University fraternity, repeatedly promised imminent arrests over an alleged 2020 election conspiracy without producing results, amid White House-directed investigations, replaced CNN with a right-wing outlet for Air Force One pool duties amid the press-ban dispute, reported weak September job growth of 29,000 against expectations of 84,000, with prior months revised downward, resigned as a federal prosecutor alleging she was directed to pursue politically motivated felony charges and later scapegoated, resolver, retained_unverified, reuters.com, ruled a Wisconsin mosque president removable under a Cold War-era law after prior retaliatory detention finding, scheduled Republican National Committee v. Mi Familia Vota for December argument on noncitizen voter-roll purges, scotusblog.com, scotusorders, signed a bill prohibiting child marriage in California, signed an open letter accusing the department of abandoning its rule-of-law mission, signed cooperation agreements with ICE, signed immigration oversight legislation including the 'No Kings Act' creating new civil remedies against federal officers, single_source_unverified, stated Republicans would continue existing legislative approach if they retained the House majority, subordinated military future-planning decisions to private megadonors Elon Musk, Palmer Luckey, and Newt Gingrich, sued HUD over a pocket rescission of $56.1 million in housing counseling funds, sued a pro-administration podcaster for defamation after he falsely portrayed them as violent extremists, sued the Los Angeles Public Library over cancellation of a Palestine-themed author event, suffered a farm crisis tied to administration trade tariffs, threatening Republican electoral prospects, suspended all executions and ordered an independent inquiry after a failed lethal injection left Christa Pike in critical condition, testified before the Senate Judiciary Committee defending his investigations of Trump and warning of unprecedented threats to the rule of law, the-independent.com, theatlantic.com, thedispatch.com, theguardian.com, thehill.com, threatened to annihilate Iran and discussed the possibility in a press interview, tier1, tier1_primary, time.com, urged Trump to rescind Putin's invitation to the G20, usatoday.com, used a fabricated conspiracy claim and unvetted evidence to attack Jack Smith during a Senate hearing, later shown to be based on a mix-up with an unrelated basketball game, used at least $1.9 million in taxpayer funds for personal and political out-of-state travel while serving as Texas Attorney General, used campaign-connected articles presented as independent journalism to attack his opponent, usnews.com, was arrested for an alleged plot to attack the Texas state capitol, washingtonexaminer.com, washingtonpost.com, washingtontimes.com, whitehouse, wk089-0001, wk089-0002, wk089-0003, wk089-0004, wk089-0005, wk089-0006, wk089-0007, wk089-0008, wk089-0010, wk089-0012, wk089-0013, wk089-0014, wk089-0015, wk089-0016, wk089-0017, wk089-0020, wk089-0022, wk089-0023, wk089-0024, wk089-0025, wk089-0033, wk089-0034, wk089-0035, wk089-0037, wk089-0040, wk089-0041, wk089-0042, wk089-0043, wk089-0044, wk089-0047, wk089-0052, wk089-0055, wk089-0056, wk089-0057, wk089-0061, wk089-0068, wk089-0069, wk089-0071, wk089-0072, wk089-0073, wk089-0074, wk089-0079, wk089-0080, wk089-0081, wk089-0082, wk089-0083, wk089-0103, wk089-0107, wk089-0108, wk089-0109, wk089-0110, wk089-0111, wk089-0112, wk089-0114, wk089-0115, wk089-0116, wk089-0117, wk089-0122, wk089-0129, wk089-0130, wk089-0135, wk089-0147, wk089-0148, wk089-0149, wk089-0150, wk089-0151, wk089-0152, wk089-0153, wk089-0167, wk089-0168, wk089-0169, wk089-0170, wk089-0172, wk089-0173, wk089-0176, wk089-0177, wk089-0179, wk089-0180, wk089-0184, wk089-0185, wk089-0186, wk089-0188, wk089-0192, wk089-0193, wk089-0201, wk089-0202, wk089-0203, wk089-0206, wk089-0207, wk089-0208, wk089-0209, wk089-0212, wk089-0213, wk089-0214, wk089-0215, wk089-0216, wk089-0217, wk089-0218, wk089-0220, wk089-0225, wk089-0226, wk089-0232, wk089-0233, wk089-0234, wk089-0235, wk089-0260, wk089-0262, wk089-0263, wk089-0264, wk089-0265, wk089-0268, wk089-0269, wk089-0271, wk089-0273, wk089-0290, wk089-0291, wk089-0292, wk089-0294, wk089-0295, wk089-0296, wk089-0298, wk089-0304, wk089-0313, wk089-0315, wk089-0318, wk089-0323, wk089-0325, wk089-0326, wk089-0327, wk089-0328, wk089-0329, wk089-0332, wk089-0333, wk089-0334, wk089-0335, wk089-0336, wk089-0337, wk089-0338, wk089-0339, wk089-0340, wk089-0342, wk089-0343, wk089-0344, wk089-0345, wk089-0346, wk089-0347, wk089-0348, wk089-0349, wk089-0350, wk089-0351, wk089-0352, wk089-0353, wk089-0354, wk089-0355, wk089-0358, wk089-0361, wk089-0366, wk089-0367, wk089-0368, wk89_CR_001, wk89_CR_002, wk89_CR_003, wk89_CR_004, wk89_CR_005, wk89_CR_006, wk89_CR_007, wk89_CR_008, wk89_CR_009, wk89_CR_010, wk89_CR_011, wk89_CR_012, wk89_CR_013, wk89_CR_014, wk89_CR_015, wk89_CR_016, wk89_CR_017, wk89_CR_018, wk89_CR_019, wk89_CR_020, wk89_CR_021, wk89_CR_022, wk89_CR_023, wk89_CR_024, wk89_CR_025, wk89_CR_026, wk89_CR_027, wk89_ES_001, wk89_ES_002, wk89_ES_003, wk89_ES_004, wk89_ES_005, wk89_ES_006, wk89_ES_007, wk89_ES_008, wk89_ES_009, wk89_ES_010, wk89_ES_011, wk89_ES_012, wk89_ES_013, wk89_ES_014, wk89_ES_015, wk89_ES_016, wk89_ES_017, wk89_ES_018, wk89_ES_019, wk89_ES_020, wk89_ES_021, wk89_ES_022, wk89_IG_001, wk89_IG_002, wk89_IG_003, wk89_IG_004, wk89_IG_005, wk89_IG_006, wk89_IG_007, wk89_IG_008, wk89_IG_009, wk89_IG_010, wk89_IG_011, wk89_IG_012, wk89_IG_013, wk89_IG_014, wk89_IG_015, wk89_IG_016, wk89_IG_017, wk89_IG_018, wk89_IG_019, wk89_IG_020, wk89_IG_021, wk89_IG_022, wk89_IG_023, wk89_IG_024, wk89_IG_025, wk89_IG_026, wk89_IG_027, wk89_IG_028, wk89_IG_029, wk89_IG_030, wk89_IG_031, wk89_IG_032, wk89_IM_001, wk89_IM_002, wk89_IM_003, wk89_IM_004, wk89_IM_005, wk89_IM_006, wk89_IM_007, wk89_IM_008, wk89_IM_009, wk89_IM_010, wk89_IM_011, wk89_IM_012, wk89_IM_013, wk89_IM_014, wk89_IM_015, wk89_IM_016, wk89_IM_017, wk89_IM_018, wk89_PA_001, wk89_PA_002, wk89_PA_003, wk89_PA_004, wk89_PA_005, wk89_PA_006, wk89_PA_007, wk89_PA_008, wk89_PA_009, wk89_PA_010, wk89_PA_011, wk89_PA_012, wk89_PA_013, wsj.com, zeteo, ‘Dangerous precedent’: authors sue LA library over cancelled Palestine event, ‘God made Trump’ ad and at least 12 others are part of controversial taxpayer-funded ad campaign, ‘Love Me’: White House airs government-funded ad praising Trump, ‘My Money:’ Trump’s Claim That He Controls MAGA Super PAC Draws Watchdog Complaint, ‘The Problem Is Infinitesimal’: What the Trump Administration's Intensifying Hunt for Non-Citizen Voters Is Showing, “Material Support” and an Ohio Chaplain: How 9/11-Era Terror Rules Could Empower Trump’s Immigration Crackdown","Week 89 Appendix: A Week the Clock Held Its Breath","<!-- Generated by build_publish_week_v1 (WordPress appendix HTML) -->

<p><em>Executive overreach met courts, states, and dissenting senators in equal measure, leaving the Democracy Clock exactly where it stood before.</em></p>
<p>This week showed a sustained, multi-front assault on constitutional constraints on executive power, layered atop continuing information-control campaigns and deepening conflicts of interest. The administration's defiance of the Impoundment Control Act (withholding $810M+ and diverting DHS/military aid funds), paired with taxpayer-funded political advertising and Trump's explicit refusal to rule out invoking the Insurrection Act or declaring a state of emergency before midterms, mark a qualitative escalation beyond routine policy disputes. Simultaneously, the press-access fight (CNN/MSNBC/Politico bans defied even after court orders) and a government chatbot being censored for fact-checking the president illustrate active information suppression. Yet countervailing forces were unusually visible: GAO findings of unconstitutionality, multiple state lawsuits, a federal judge blocking border wall waivers, Senate Republicans publicly rebuking Trump, cratering approval numbers (31%), and a wave of competitive Democratic polling in red states. The week captures a system straining against authoritarian pressure with institutional antibodies still active but increasingly taxed.</p>
<h3>Power and Authority</h3>
<ol>
<li>Trump administration refused to spend over $1.8 billion in congressionally appropriated funds through pocket rescissions: The administration withheld bipartisan-approved funds for health, immigrant, and refugee programs, a move GAO found unconstitutional and that bypasses Congress's power of the purse. (2026-09-26) <em class=""dc-unverified"">[single source]</em></li>
<li>Senator Patty Murray condemned the administration's pocket rescission as theft from the public: A senior appropriator denounced withheld funds as undermining Congress's constitutional spending authority and warned of executive disregard for enacted law. (2026-09-26)</li>
<li>Senator Susan Collins denounced the pocket rescissions as unconstitutional while having voted to confirm the OMB director who pursued them: A Republican appropriations leader criticized executive impoundment of funds despite earlier confirming an official who had publicly backed such impoundment, highlighting a gap between oversight rhetoric and accountability. (2026-09-27) <em class=""dc-unverified"">[single source]</em></li>
<li>Trump administration diverted $52 million in congressionally designated Ukraine-region military aid to Latin American governments against a congressional hold: The executive branch redirected funds Congress earmarked for one purpose to another, defying a legislative hold and asserting unilateral control over appropriated spending. (2026-10-01)</li>
<li>Trump refused to rule out declaring a state of emergency or invoking the Insurrection Act before the midterm elections: The president declined to foreclose using emergency or military powers ahead of an election, raising concerns about potential interference with the peaceful transfer of power. (2026-10-01)</li>
<li>Trump expressed regret over appointing Supreme Court justices who ruled against him and affirmed a preference for judicial loyalty: The president publicly stated he values loyalty from judges over independent rulings, signaling pressure on judicial independence from the executive branch. (2026-10-01)</li>
<li>Trump threatened to annihilate Iran and discussed the possibility in a press interview: The president publicly contemplated the mass destruction of a sovereign nation, raising concerns about restraint in the use of military threats for political signaling. (2026-10-01)</li>
<li>U.S. military deployed a third aircraft carrier strike group to the Middle East: The deployment of a third carrier group alongside presidential threats toward Iran signals escalating military posture that raises risks of unintended conflict. (2026-10-02)</li>
<li>Pete Hegseth subordinated military future-planning decisions to private megadonors Elon Musk, Palmer Luckey, and Newt Gingrich: Appointing major campaign donors with defense-industry financial interests to shape military strategy raises conflicts of interest and threatens civilian-military independence. (2026-10-01)</li>
<li>Pete Hegseth announced ideological and physical conformity standards for military personnel and labeled press criticism of troops as treason: The Defense Secretary's rhetoric imposing loyalty tests on service members and branding press scrutiny as treasonous threatens apolitical military tradition and press freedom. (2026-09-30) <em class=""dc-unverified"">[single source]</em></li>
<li>Trump administration obligated $175 million in human rights funds to ideologically aligned recipients despite congressional holds: The State Department bypassed bipartisan congressional objections to direct democracy-fund grants toward favored political causes, undermining legislative control over foreign aid. (2026-09-30)</li>
<li>Trump administration classified accounting of $300 million in Taiwan military aid after a funding deadline passed: Classifying the status of congressionally appropriated security assistance obstructs oversight and raises concern the aid may be used as diplomatic leverage with China. (2026-10-01)</li>
<li>DHS Secretary Markwayne Mullin promoted unsubstantiated claims about election fraud and pressured states with threats to cut funding or launch investigations: Senate Democrats accused a cabinet official of using federal leverage to coerce state compliance with unverified election-integrity claims, risking interference with state election administration. (2026-09-28)</li>
</ol>
<h3>Institutions and Governance</h3>
<ol>
<li>Senate Judiciary subcommittee held hearing on Flock Safety's automated license-plate camera network: Bipartisan senators raised privacy and wrongful-arrest concerns about nationwide surveillance cameras, with multiple bills proposed to restrict federal purchase and use. (2026-09-26) <em class=""dc-unverified"">[single source]</em></li>
<li>Fourteen senators (bipartisan) urged Trump to rescind Putin's invitation to the G20: A bipartisan Senate group pushed back on executive foreign-policy discretion, arguing the invitation would legitimize ongoing attacks on Ukrainian civilians. (2026-09-26)</li>
<li>Sheri Mecklenburg resigned as a federal prosecutor alleging she was directed to pursue politically motivated felony charges and later scapegoated: A career DOJ prosecutor's resignation exposes alleged political direction of charging decisions against protesters, raising rule-of-law and prosecutorial-independence concerns. (2026-09-26)</li>
<li>DOJ under Attorney General Bondi closed over 23,000 criminal cases in six months, abandoning investigations into terrorism, fraud, and other crimes: A sweeping reduction in federal prosecutions, including serious crime categories, signals a shift away from the Justice Department's core law-enforcement mission. (2026-09-27) <em class=""dc-unverified"">[single source]</em></li>
<li>Nearly 300 former DOJ employees signed an open letter accusing the department of abandoning its rule-of-law mission: A mass departure of career officials publicly condemning departmental direction signals eroding institutional integrity within federal law enforcement. (2026-09-27)</li>
<li>FBI removed two veteran counterterrorism supervisors after they resisted investigating harassment calls to a White House official's spouse: Demoting experienced national-security officials for declining to misuse counterterrorism resources on a personal matter reflects politicization of FBI leadership. (2026-09-27) <em class=""dc-unverified"">[single source]</em></li>
<li>Government Accountability Office determined the administration's $810 million funding cancellation violated the Constitution: A nonpartisan watchdog found the executive's pocket rescission unconstitutional, reinforcing legislative objections to unilateral impoundment of appropriated funds. (2026-09-29) <em class=""dc-unverified"">[single source]</em></li>
<li>Jack Smith testified before the Senate Judiciary Committee defending his investigations of Trump and warning of unprecedented threats to the rule of law: A former special counsel's sworn testimony highlighted threats against prosecutors and FBI agents and asserted he personally faced presidential threats of jail. (2026-09-29)</li>
<li>Senator Eric Schmitt used a fabricated conspiracy claim and unvetted evidence to attack Jack Smith during a Senate hearing, later shown to be based on a mix-up with an unrelated basketball game: A senator's use of debunked evidence during oversight testimony, withheld from the minority party beforehand, undermines the integrity of congressional investigation. (2026-09-29) <em class=""dc-unverified"">[single source]</em></li>
<li>Speaker Mike Johnson stated Republicans would continue existing legislative approach if they retained the House majority: The Speaker signaled no change in direction for House governance strategy heading into the midterm elections. (2026-09-29) <em class=""dc-unverified"">[single source]</em></li>
<li>Judge Aileen Cannon blocked release of Special Counsel Jack Smith's final classified-documents report: A Trump-appointed judge departed from standard practice by suppressing a special counsel's final report, limiting public accountability over a major federal investigation. (2026-09-30)</li>
<li>US Senate blocked a Republican bill restricting congressional stock trading: A procedural vote failed on legislation meant to curb congressional stock trading, continuing a gridlock on an ethics-reform measure. (2026-09-30)</li>
<li>Senate Democrats blocked a datacenter energy cost bill, calling it inadequate consumer protection: A partisan vote failed to advance legislation addressing rising consumer electricity costs tied to datacenter growth, reflecting disagreement over regulatory adequacy. (2026-09-30)</li>
<li>US Senate rejected a resolution requiring State Department reporting on Israeli violence against American citizens in the West Bank: The Senate declined to compel executive-branch reporting on the deaths of US citizens abroad, limiting oversight of foreign-assistance recipient conduct. (2026-09-30)</li>
<li>State of Colorado filed suit challenging DHS's award of a detention-facility contract without required environmental review: A state government challenged federal agency compliance with statutory environmental and procedural requirements for a new immigration detention site. (2026-09-29)</li>
<li>States of California, Maine, Maryland, Michigan, Nevada, New Mexico, and Oregon filed a federal lawsuit challenging the administration's rescission of appropriated funds as unconstitutional impoundment: Seven states sued to compel the administration to spend funds Congress appropriated, arguing the withholding violated separation-of-powers and administrative law. (2026-09-30) <em class=""dc-unverified"">[single source]</em></li>
<li>State of New York sued HUD over a pocket rescission of $56.1 million in housing counseling funds: New York challenged federal withholding of housing-assistance funds, alleging violations of statutory spending obligations and administrative procedure. (2026-09-30)</li>
<li>Congressional Democrats began preparing a slate of oversight investigations into the Trump administration ahead of the next Congress: Democratic staffers and members compiled targets and draft document requests in anticipation of expanded oversight power if they gain committee control. (2026-10-01)</li>
<li>Senator Thom Tillis privately criticized Trump in leaked text messages, stating he would not tolerate presidential threats: A Republican senator's private rebuke of the president, made public, reveals internal party friction over loyalty demands and governance direction. (2026-10-01)</li>
<li>Judge Todd Edelman dismissed with prejudice a politically pressured prosecution against former Olympian David Hearn: A federal judge ended a weak case the president had publicly pushed to continue, warning of the risk of meritless, politically motivated prosecution. (2026-10-01)</li>
<li>DOJ pursued a 'grand conspiracy' investigation targeting Trump's perceived political enemies with limited evidentiary support: A year-long probe aimed at former officials, criticized by a former DOJ inspector general for starting with targets and working backward, raises concerns of weaponized prosecution. (2026-10-01)</li>
<li>FBI Director Kash Patel repeatedly promised imminent arrests over an alleged 2020 election conspiracy without producing results, amid White House-directed investigations: Unfulfilled public promises of arrests tied to a baseless conspiracy theory, combined with White House pressure on investigators, suggest politicized use of FBI authority. (2026-10-01)</li>
<li>Josh Hawley announced the Stop Flock Abuse Act to regulate automated license-plate reader use: A Republican senator proposed stricter search-record and security requirements for mass surveillance technology amid documented misuse cases. (2026-10-02) <em class=""dc-unverified"">[single source]</em></li>
<li>Senators Sanders, Merkley, and Representative Ocasio-Cortez introduced the Ban Flock Act to prohibit federal use of automated license-plate readers: Lawmakers proposed banning federal agencies from using automated surveillance cameras and creating a private right of action against misuse. (2026-10-02)</li>
<li>Federal judge Victoria Calvert dismissed DOJ's lawsuit seeking unredacted Georgia voter-registration data: A court rejected the department's second attempt to compel disclosure of confidential voter records, protecting state election-data privacy. (2026-10-02)</li>
<li>Trump administration redirected $20 million in DHS funds to pay for pro-Trump midterm campaign advertisements: A second instance of diverting congressionally appropriated agency funds toward political advertising reflects continued misuse of public resources for partisan ends. (2026-10-02)</li>
<li>DNC filed a federal lawsuit challenging Pentagon changes to the overseas voter registration form: The lawsuit argues the government bypassed required rulemaking procedures when restricting a voter-registration option for citizens born abroad. (2026-10-02)</li>
<li>Judge Kathleen Cardone blocked DHS environmental-law waivers for border wall construction in Big Bend National Park: A federal judge halted expanded border-wall construction, finding plaintiffs likely to succeed in challenging bypassed environmental and historical protections. (2026-10-02)</li>
<li>Trump defied congressional authority according to a TIME magazine interview: A commentary piece characterized the president's remarks as open defiance of Congress, part of a broader pattern of constitutional tension. (2026-10-02)</li>
<li>New York State Legislature passed a law mandating maximum class sizes requiring New York City to hire additional teachers: State-level education legislation imposed a costly staffing mandate on a major city school system, illustrating state authority over local education budgets. (2026-09-28) <em class=""dc-unverified"">[single source]</em></li>
<li>Federal judge issued a temporary restraining order requiring restoration of press credentials for CNN, MSNBC, and Politico: A court found no national-security basis for revoking press access and ordered reinstatement, checking executive retaliation against critical outlets. (2026-09-26)</li>
<li>Supreme Court scheduled Republican National Committee v. Mi Familia Vota for December argument on noncitizen voter-roll purges: The Court will hear a case that could expand the scope of allowed voter purges close to Election Day, with implications for mass-disenfranchisement risk. (2026-09-28)</li>
</ol>
<h3>Economic Structure</h3>
<ol>
<li>Trump eliminated vehicle fuel economy standards established under the prior administration: Rolling back fuel efficiency rules reduces environmental regulation and increases long-term fuel costs for consumers while favoring fossil-fuel interests. (2026-09-26)</li>
<li>Datacenter developers (Amazon, Duke Energy, BorderPlex) allegedly split emissions sources into multiple permits to avoid stricter EPA pollution review: Environmental advocates say developers are circumventing Clean Air Act major-source review, risking increased pollution exposure for nearby communities. (2026-09-27)</li>
<li>Trump administration considered building an MLB baseball facility inside Grand Teton National Park: Exploring commercial sports development on protected federal land raises concerns about privatizing public trust resources for entertainment profit. (2026-09-27)</li>
<li>Trump loyalists at Kennedy Center allegedly diverted roof-repair funds toward repainting columns tied to a planned building renaming: Whistleblower allegations describe redirection of federal cultural-institution funds to serve branding goals rather than needed facility maintenance. (2026-09-27)</li>
<li>Trump administration removed about 760,000 people from Affordable Care Act coverage citing unverified fraud claims: A mass coverage removal without transparent fraud verification threatens healthcare access for a large population of enrollees. (2026-09-29)</li>
<li>Education Department finalized a rule restricting federal student loans for degree programs with lower post-graduation earnings: New loan-eligibility criteria disproportionately affect social-service, arts, and religious-studies degrees, narrowing access to higher education financing for lower-earning career paths. (2026-09-28) <em class=""dc-unverified"">[single source]</em></li>
<li>Mortgage and energy markets recorded record-high mortgage rates and gas/diesel prices amid economic strain: Mortgage rates reached 7.5% and gas prices hit $4.48 per gallon, imposing growing financial burdens on households ahead of midterm elections. (2026-09-28)</li>
<li>Trump announced a $15 billion Iowa steel plant financed partly by the Export-Import Bank, later found incomplete on permits and financing: A high-profile federal financing announcement ahead of midterms lacked completed permits, property purchases, or finalized financial arrangements, raising questions about its substance. (2026-09-28)</li>
<li>Trump administration abandoned a nursing home staffing-safety rule after the industry donated millions to a pro-Trump super PAC: Dropping a worker and patient-safety regulation shortly after major industry donations suggests regulatory decisions tracking campaign contributions rather than public interest. (2026-09-29) <em class=""dc-unverified"">[single source]</em></li>
<li>Trump publicly claimed direct personal control over his super PAC's funds, despite legal prohibitions on such coordination: The president asserted illegal authority over independent-expenditure committee funds, undermining the legal separation between candidates and super PACs. (2026-09-29)</li>
<li>Treasury bond market experienced a severe multi-decade yield spike amid a broader bond sell-off: Treasury yields reached their highest levels in over two decades, raising borrowing costs across mortgages and consumer credit nationwide. (2026-09-29)</li>
<li>Iowa agricultural economy suffered a farm crisis tied to administration trade tariffs, threatening Republican electoral prospects: Tariff-driven agricultural hardship is spreading across Midwest farm states, with GOP consultants warning of significant electoral losses. (2026-09-29) <em class=""dc-unverified"">[single source]</em></li>
<li>Russ Vought announced defense-spending priorities explicitly tied to deep cuts in non-defense programs including healthcare and SNAP: The budget director confirmed a reallocation of federal resources favoring defense spending at the direct expense of social safety-net programs. (2026-10-01) <em class=""dc-unverified"">[single source]</em></li>
<li>Bureau of Labor Statistics reported weak September job growth of 29,000 against expectations of 84,000, with prior months revised downward: Weak labor-market data and substantial downward revisions reflect deteriorating economic conditions ahead of the midterm elections. (2026-10-01)</li>
<li>Independent truckers faced severe financial strain from diesel price surges tied to the Iran war: Owner-operator truckers are experiencing acute economic hardship from fuel costs nearly doubling year-over-year, threatening small-business viability in a Trump-supporting sector. (2026-10-01)</li>
<li>AI sector drove a disproportionate share of US economic growth amid bubble concerns: Analysts warn concentrated AI-driven stock gains may constitute an unsustainable market bubble, posing systemic economic risk compounded by weak safety oversight. (2026-10-01)</li>
<li>Big Tech executives donated over $227 million to Trump while meeting on nonbinding AI self-regulation standards: Massive campaign contributions preceding a regulatory meeting that produced only voluntary standards suggest industry capture of AI policy discussions. (2026-10-01) <em class=""dc-unverified"">[single source]</em></li>
<li>Florida housing market experienced the nation's worst housing glut with over 206,000 homes for sale: A severe housing-market downturn in a major state signals broader consumer-confidence and economic stress nationwide. (2026-10-01) <em class=""dc-unverified"">[single source]</em></li>
<li>Ken Paxton used at least $1.9 million in taxpayer funds for personal and political out-of-state travel while serving as Texas Attorney General: An investigation found extensive taxpayer-funded travel by a sitting official now running for Senate, raising conflict-of-interest and misuse-of-office concerns. (2026-10-01) <em class=""dc-unverified"">[single source]</em></li>
<li>MAGA Inc. raised over $400 million from entities seeking or recently receiving administration favors: Unprecedented super PAC fundraising tied to donors with pending regulatory or policy interests before the administration raises pay-to-play concerns. (2026-10-02) <em class=""dc-unverified"">[single source]</em></li>
<li>Ohio Republican lawmakers cut a state lead-abatement program's funding by 97 percent: A dramatic reduction in child lead-poisoning prevention funding reflects declining state investment in public health and child welfare protections. (2026-10-02) <em class=""dc-unverified"">[single source]</em></li>
<li>Trump administration proposed 2027 budget cuts eliminating nutrition support for roughly one million children and reducing NIH funding by $6 billion: Proposed federal cuts to child nutrition, maternal health, and medical research funding would shrink safety nets for vulnerable populations. (2026-10-02) <em class=""dc-unverified"">[single source]</em></li>
</ol>
<h3>Civil Rights and Dissent</h3>
<ol>
<li>Supreme Court paused a lower court order and allowed resumption of the SAVE citizenship-verification database for voter-roll checks: The Court permitted continued use of a system a lower court found violated privacy law, risking erroneous voter purges close to a federal election. (2026-09-26)</li>
<li>ICE officer admitted under oath to writing false information in a warrantless arrest report: A federal hearing revealed an immigration officer falsified details in an arrest report, raising doubt about the accuracy of enforcement records more broadly. (2026-09-26) <em class=""dc-unverified"">[single source]</em></li>
<li>Texas Governor Greg Abbott and Senate nominee Ken Paxton declined to withdraw endorsement of a Republican nominee who repeatedly called for public executions of political opponents: Party leaders' continued support for a candidate advocating violence against opponents, including a former president, signals eroding norms against political violence rhetoric. (2026-09-28)</li>
<li>Petaluma City Council passed a resolution limiting city cooperation with federal immigration enforcement: Local government adopted formal non-cooperation policies with ICE following sustained resident advocacy, affecting immigrant protections at the municipal level. (2026-09-28) <em class=""dc-unverified"">[single source]</em></li>
<li>Supreme Court agreed to hear a case challenging the administration's indefinite immigration-detention policy without bond hearings: The Court will review a policy most lower courts rejected, with potential to permit mass detention at a scale unseen since historical internment practices. (2026-10-01) <em class=""dc-unverified"">[single source]</em></li>
<li>Supreme Court lifted lower-court due-process protections for third-country immigrant deportations: The ruling removed notice and fear-of-persecution safeguards for deportees sent to third countries, stripping due-process protections pending full review. (2026-09-30)</li>
<li>Immigration judge Jayme Salinardi ruled a Wisconsin mosque president removable under a Cold War-era law after prior retaliatory detention finding: A long-term permanent resident and Palestinian-rights advocate faces deportation under a rarely used statute following detention a federal judge found likely retaliatory for protected speech. (2026-09-30)</li>
<li>Jim Justice publicly urged the administration to reconsider its aggressive immigration enforcement agenda: A Trump-allied senator's break with the administration's enforcement approach, citing harm to farming communities and low criminal-record rates among detainees, signals internal party fracture. (2026-09-30)</li>
<li>Becca Good and Brent Ganger filed wrongful-death lawsuits against an ICE agent and senior administration officials over the fatal shooting of a US citizen during protests: The family of a woman killed by immigration agents alleges officials blamed her for her own death and suppressed a civil rights investigation into the shooting. (2026-09-30)</li>
<li>Utah Overpass Action and Southern Utah Wilderness Alliance demonstrated against reductions to Bears Ears and Grand Staircase Escalante National Monuments: Activists protested executive reductions to protected federal lands now facing new mining claims, challenging the scope of presidential monument authority. (2026-09-30) <em class=""dc-unverified"">[single source]</em></li>
<li>Marin County Board of Supervisors held a public hearing on strengthening restrictions on county cooperation with federal immigration enforcement: Over 100 residents advocated for a formal ordinance limiting use of county property for federal immigration enforcement operations. (2026-09-29) <em class=""dc-unverified"">[single source]</em></li>
<li>Two authors (Jenan Matari and Nora Lester Murad) sued the Los Angeles Public Library over cancellation of a Palestine-themed author event: A taxpayer-funded institution's last-minute cancellation of a scheduled book talk on Palestinian stories raises free-speech and viewpoint-discrimination concerns. (2026-09-29) <em class=""dc-unverified"">[single source]</em></li>
<li>Federal prosecutors charged a civilian with federal crimes following a disputed ICE encounter lacking body-camera evidence: Charges against a civilian based on a contested account, with no body-camera verification, raise fairness and evidentiary concerns in immigration-enforcement prosecutions. (2026-09-29) <em class=""dc-unverified"">[single source]</em></li>
<li>California Governor Gavin Newsom signed immigration oversight legislation including the 'No Kings Act' creating new civil remedies against federal officers: New state law expands legal avenues for suing federal immigration officers over alleged constitutional violations, rapidly invoked by plaintiffs within hours of signing. (2026-10-01)</li>
<li>Gavin Newsom signed a bill prohibiting child marriage in California: California became the 18th US state to ban marriage for minors without exception, expanding legal protections against child exploitation. (2026-10-01)</li>
<li>Kyle Frankovich and Maureen Foody sued a pro-administration podcaster for defamation after he falsely portrayed them as violent extremists: Two detained protesters allege a commentator with special White House access defamed them to millions of viewers as terrorists who assaulted officers. (2026-10-01) <em class=""dc-unverified"">[single source]</em></li>
<li>Benny Caldera Jr. (arrested suspect) / Texas Department of Public Safety was arrested for an alleged plot to attack the Texas state capitol: Authorities disrupted an alleged plan to attack a state legislative building, underscoring ongoing threats to the safety of elected institutions. (2026-10-01)</li>
<li>Department of Justice found UCLA Law School discriminated against white and Asian applicants and expanded probes to other UC schools: Federal civil rights enforcement targeted race-conscious admissions practices at multiple University of California institutions following the 2023 Supreme Court ruling. (2026-10-01)</li>
<li>Tennessee Governor Bill Lee denied clemency for Christa Pike, clearing the way for the first execution of a woman in Tennessee in 200 years: A clemency denial advanced a historic execution despite mitigating factors including childhood abuse and mental illness, raising proportionality and fairness concerns. (2026-09-29)</li>
<li>Tennessee Governor Bill Lee suspended all executions and ordered an independent inquiry after a failed lethal injection left Christa Pike in critical condition: A botched execution in which the condemned survived two drug doses prompted a statewide execution halt, raising constitutional questions about cruel and unusual punishment. (2026-10-02)</li>
<li>Texas Board of Pardons and Paroles granted early parole to a former police officer convicted of murdering a Black civilian: Early release of a convicted officer over family objections raises concerns about equal justice and accountability for police use of deadly force. (2026-10-02)</li>
<li>Stephen Miller accelerated removal of undocumented children and planned a large ICE detention facility for minors: Reports describe rapid deportation of unaccompanied children, some appearing in immigration court without legal representation, raising due-process concerns. (2026-10-02)</li>
<li>North Carolina state agencies signed cooperation agreements with ICE: Expanded state-federal cooperation agreements broaden immigration enforcement capacity and reduce state-level protections for immigrants. (2026-10-02)</li>
<li>Community members and organizers held a vigil opposing a planned ICE detention facility in Winton, North Carolina: Local residents gathered to protest a new large-scale detention facility amid concerns about due process and humane treatment of detainees. (2026-10-02) <em class=""dc-unverified"">[single source]</em></li>
<li>Tompkins County District Attorney Matthew Van Houten reopened a criminal investigation into an alleged gang-rape at a Cornell University fraternity: Public outcry over earlier leniency prompted reopening of a sexual-assault investigation, with a senior prosecutor now preparing a grand-jury case. (2026-09-28)</li>
<li>Governor Kathy Hochul appointed Attorney General Letitia James as special prosecutor in the Cornell alleged gang-rape case: A state takeover of the investigation followed criticism of local law enforcement's handling, with the victim described as 'failed' by the original system. (2026-10-02)</li>
<li>Cornell University students and social media users organized a nationwide 'I Am Jane Doe' solidarity movement protecting the alleged victim's identity: Widespread grassroots mobilization sought to shield a sexual assault survivor's anonymity and demand institutional accountability. (2026-10-02) <em class=""dc-unverified"">[single source]</em></li>
</ol>
<h3>Information, Memory and Manipulation</h3>
<ol>
<li>Trump administration blocked CNN and MSNBC from state-dinner and Air Force One coverage despite a court order restoring access: The White House defied judicial relief protecting press access, continuing retaliation against outlets critical of the administration. (2026-09-26)</li>
<li>White House / Zeteo reporting replaced CNN with a right-wing outlet for Air Force One pool duties amid the press-ban dispute: Substituting a friendly outlet for a major network in the press pool circumvented a federal court order and undermined independent press access to presidential travel. (2026-09-26)</li>
<li>Dan Scavino posted an AI-generated video depicting lavish celebration by administration officials amid economic hardship: Use of synthetic media to broadcast celebratory imagery during a period of high consumer costs illustrates manipulated political messaging. (2026-09-27) <em class=""dc-unverified"">[single source]</em></li>
<li>Tech platforms (YouTube, TikTok, Meta, X) declined to run paid advertising for a documentary about Elon Musk: Major platforms' coordinated refusal to accept ads critical of a platform owner highlights concentrated private control over public information access. (2026-09-27) <em class=""dc-unverified"">[single source]</em></li>
<li>Trump administration aired a taxpayer-funded political advertisement using Trump's 2024 campaign rhetoric: A federally funded ad broadcasting campaign-style messaging on major networks raised legal concerns about prohibited government propaganda. (2026-09-27)</li>
<li>Trump company filed trademark applications for 'MAGA' and '45-47' for streaming and media platforms: Commercializing political slogans for media ventures blurs the boundary between political identity and private commercial branding. (2026-09-28) <em class=""dc-unverified"">[single source]</em></li>
<li>Trump posted an inflammatory 'Final Battle' video attacking the deep state, press, and political opponents: Presidential messaging framing institutions and the media as enemies to be defeated escalates rhetoric that delegitimizes democratic opposition. (2026-09-28) <em class=""dc-unverified"">[single source]</em></li>
<li>Trump administration banned reporters from CNN, MSNBC, and Politico from the White House campus, prompting creation of a Trump-branded streaming channel: Excluding major outlets while launching an alternative favorable channel exemplifies state efforts to control the information environment. (2026-09-28)</li>
<li>Trump administration launched the America.gov chatbot, then censored its ability to answer questions contradicting the president's claims: A government AI tool that initially debunked presidential falsehoods was quickly restricted, demonstrating active suppression of factual government information. (2026-09-29)</li>
<li>Texas PAC launched and then removed a baseless digital attack ad falsely claiming a Senate candidate supported jailing parents: A super PAC spread a demonstrably false claim about a Senate candidate's record before deleting it once fact-checked, part of a larger $37 million disinformation campaign. (2026-09-30) <em class=""dc-unverified"">[single source]</em></li>
<li>Trump administration aired a taxpayer-funded advertisement praising the president's declaration of war against Iran: Federal funds financed a campaign-style ad celebrating a military conflict, which ethics experts say may constitute an impeachable misuse of public resources. (2026-10-01)</li>
<li>Time magazine published a transcript revealing apparent cognitive confusion and loyalty expectations in a presidential interview: The published transcript documented incoherent answers, fixation on personal projects, and explicit expectations of judicial loyalty, raising fitness-for-office questions. (2026-10-01) <em class=""dc-unverified"">[single source]</em></li>
<li>Trump dismissed his historically low approval ratings as fake and attacked pollster credibility: Rejecting documented polling data as fabricated undermines public trust in objective measurement and factual discourse. (2026-10-01) <em class=""dc-unverified"">[single source]</em></li>
<li>Brian Fitzpatrick used campaign-connected articles presented as independent journalism to attack his opponent: A congressional candidate relied on content from a paid associate disguised as local news to attack an opponent, undermining information integrity in the race. (2026-10-01) <em class=""dc-unverified"">[single source]</em></li>
<li>Trump administration ran taxpayer-funded ads on CNN and MSNBC while simultaneously barring the same networks from the White House: Paying to advertise on outlets the president sought to exclude from White House access illustrates contradictory and potentially unlawful use of public funds. (2026-10-01)</li>
<li>Trump falsely claimed South Korea agreed to a $50 billion Alaska LNG investment: South Korean officials publicly contradicted the president's announcement, exposing a pattern of fabricated diplomatic claims for political benefit. (2026-10-02)</li>
<li>ICE deleted internal reviews documenting in-custody deaths from its public website: Removing official records tied to detainee deaths obstructs accountability and conceals evidence of medical neglect amid a rising death toll in custody. (2026-10-02)</li>
<li>PolitiFact / unknown social media users identified false footage circulating online purporting to show the Cornell assault: Fabricated video content spread rapidly alongside a viral public case, illustrating the vulnerability of online discourse to misinformation during high-attention events. (2026-10-02) <em class=""dc-unverified"">[single source]</em></li>
</ol>
","A week without a single defining event but many small ones: withheld funds, defied court orders, expanding voter purges, and a politicized Justice Department, all counterbalanced by lawsuits, judicial pushback, and bipartisan senatorial dissent. The clock held still."
