"ID","Title","Content","Excerpt","Date","Post Type","Permalink","Image URL","Image Filename","Image Path","Image ID","Image Title","Image Caption","Image Description","Image Alt Text","Image Featured","Attachment URL","Categories","Tags","Status","Author ID","Author Username","Author Email","Author First Name","Author Last Name","Slug","Format","Template","Parent","Parent Slug","Order","Comment Status","Ping Status","Post Modified Date","Is Current","Week Number","Week Start Date","Week End Date","Week Label","Week Start Minutes","Week End Minutes","Week Movement Minutes","Week Start Time Display","Week End Time Display","Week Status Tier Label","Week Status Tier Description","Week Status Summary","Clock Time Reference","Week Delta Summary","Clock Moved","Moral Floor Summary","Net Interpretation","Traits Moved Count","Event Count Total","Sources","Appendix Title","Appendix Content","Appendix Excerpt"
"","Week 63: Citizenship and Memory Under Command","<!-- Generated by build_publish_week_v1 (WordPress narrative HTML) -->

<blockquote class=""dc-subtitle""><em>With the clock frozen, the regime tightened control over elections, borders, war, and history, while courts and crowds fought to keep democratic space open.</em></blockquote>

<p>The week that ran from March 28 to April 3, 2026 did not move the Democracy Clock’s hands, but it did clarify the shape of the regime that now governed under its still hour. Power shifted on many fronts at once—over who could vote, who counted as a citizen, how force was used at home and abroad, and even how the nation’s past would be told—yet the net effect was consolidation rather than rupture. The pattern was one of tightening control and widening inequality, met by a surge of civic resistance and a patchwork of judicial checks that were real but reactive.</p>
<p>At the close of the previous period, the Democracy Clock stood at 8:13 p.m. By the end of Week 63, it remained at 8:13 p.m., a net change of zero minutes. The stillness of the dial did not reflect calm. It marked a week in which aggressive new moves—especially on voting, citizenship, and war—were offset, in part, by lawsuits, injunctions, and mass protest. The balance between erosion and resistance held, but only just. What changed was less the time than the clarity with which the struggle over power, law, and memory came into view.</p>
<p>The most far‑reaching initiative of the week was a coordinated attempt to redraw the ground rules of American elections. Trump signed executive orders that created federal citizenship lists and centralized voter eligibility checks in national agencies. Mail‑in ballots and election funding were tied to state compliance with these new systems. What had long been a state‑run domain—registration, verification, and the mechanics of absentee voting—was pulled toward the executive branch under the banner of “integrity.” The orders promised to prevent fraud. Their structure made it easier to exclude.</p>
<p>The Justice Department moved quickly to turn these orders into leverage. Federal lawyers sued states like Idaho to obtain unredacted voter rolls, pressing for sensitive data to feed the new national file. At the same time, Republican‑led states advanced their own barriers. Florida and Mississippi enacted laws requiring documentary proof of citizenship to register and narrowing acceptable forms of identification. On paper, these were neutral rules. In practice, they fell hardest on naturalized citizens, low‑income voters, and those without ready access to passports or birth certificates.</p>
<p>Trump’s rhetoric matched the policy drive. He publicly demanded that Senate Republicans scrap the filibuster to pass the SAVE America Act, a sweeping voting bill aligned with his executive orders. The filibuster, once defended as a guardrail of minority rights, was cast as an obstacle to “election security.” The message was clear. Institutional rules would be bent or discarded to entrench a new voting regime. The power winners were the president and his allies, who gained tools to shape the electorate. The losers were opposition parties and communities whose access to the ballot became more contingent and more fragile.</p>
<p>Resistance formed almost as quickly as the orders were signed. Democratic state officials, party committees, and civil‑rights organizations including the ACLU, NAACP Legal Defense Fund, LULAC, and the League of Women Voters filed a wave of lawsuits. They argued that the mail‑voting order commandeered state systems, violated constitutional protections, and discriminated against minority voters. These cases did not yet stop the machinery the White House had set in motion. They did pull it into courtrooms where judges would have to decide how far a president could go in rewriting election law without Congress.</p>
<p>Amid this clash, a smaller institution tried to hold to older norms. The Election Assistance Commission scheduled public meetings of its Standards Board and Local Leadership Council under the Sunshine Act. These sessions, open to observers and local officials, offered a modest counterpoint: a space where election rules were discussed in the open, with input from those who ran polling places rather than those who sought to control them from above. The contrast underscored the week’s central tension. One part of the system moved toward centralized, opaque control; another clung to transparency and shared governance.</p>
<p>The same logic of stratification that ran through voting policy appeared even more starkly in the realm of citizenship and immigration. Trump’s earlier executive order redefining birthright citizenship for children of non‑permanent residents reached the Supreme Court, carried there by a Justice Department willing to test the limits of the Fourteenth Amendment. The administration argued that U.S.‑born children of many immigrants were not citizens at birth. If accepted, that theory would carve out a new class of people born on American soil but denied full membership.</p>
<p>On the ground, enforcement practices mirrored this narrowing of belonging. At the Dilley family detention center, run by CoreCivic, reports described moldy food, illness, and inadequate care for a two‑year‑old detainee. In another case, a visually impaired Rohingya refugee, Nurul Amin Shah, was left by Border Patrol agents in freezing conditions; his death was ruled a homicide. DHS deployed special tactical units—designed for high‑risk operations—into routine immigration sweeps, and the administration carried out its first deportation flight under a third‑country agreement with Uganda despite local legal objections. Each act treated migrants and asylum seekers as disposable or exportable, not as rights‑bearing individuals.</p>
<p>Foreign governments and courts pushed back at the margins. Mexico prepared an amicus brief in a U.S. lawsuit over a death in ICE detention, signaling that American detention practices had become a matter of international concern. A federal judge struck down a rule requiring seven days’ notice before congressional visits to ICE facilities, restoring lawmakers’ ability to conduct surprise inspections. Civil‑rights groups represented families challenging the birthright order, arguing that the Constitution’s promise of equal citizenship could not be narrowed by executive fiat. These interventions did not reverse the trend toward a tiered system of membership, but they kept the question of who counts as American under active contest.</p>
<p>Security forces, meanwhile, were drawn deeper into civilian life and protest spaces. As a partial DHS shutdown dragged on, Trump reassigned ICE agents to perform airport screening, placing immigration officers at TSA checkpoints. At Marine Corps graduation ceremonies, ICE agents were stationed to screen attendees, raising the prospect that undocumented relatives could be detained at what were supposed to be family celebrations. The line between national security and immigration enforcement blurred. So did the sense that ordinary public spaces were free from the reach of deportation squads.</p>
<p>Protesters encountered a similar fusion of policing and militarization. In Los Angeles, a No Kings rally outside a federal detention center drew more than symbolic opposition. Local police and federal authorities arrested dozens and used pepper balls and tear gas to disperse the crowd. In Texas, activists involved in a protest at an ICE facility were convicted of terrorism and material support, setting a precedent for treating left‑wing protest activity as terrorism. A leaked plan from Stephen Miller, serving as a senior DHS aide, described deploying agents to provoke confrontations at demonstrations, suggesting that clashes were not just tolerated but, at times, sought.</p>
<p>The most vivid symbol of this shift came from the air. Apache helicopters flew low over a No Kings protest and near the home of a presidential ally, Kid Rock, in maneuvers that residents and observers experienced as intimidation. Initial suspensions of the crews were later reversed by Defense Secretary Pete Hegseth, who closed the investigation without discipline. In the same week, Hegseth fired Army Chief of Staff Randy George and removed other senior officers amid disputes over discipline and diversity. Together, these moves signaled that military assets could be used in ways that served political narratives, and that officers who resisted might find their careers cut short.</p>
<p>Courts again provided a narrow check. The Ninth Circuit upheld, but narrowed, an injunction that protected protesters, journalists, and legal observers from certain DHS actions. The ruling preserved some shield against federal overreach in protest policing, even as it trimmed the scope of earlier protections. The security apparatus did not yet operate without legal constraint. But the balance of power within it tilted further toward those willing to use force in service of the regime and away from those who saw their role as public defense.</p>
<p>Abroad, the war with Iran became the backdrop for a broader shift toward emergency governance. The conflict disrupted global oil supplies, driving up fuel and fertilizer prices and contributing to a 28 percent rise in gas prices during Trump’s term, despite his campaign pledge to cut them in half. In public, the president framed the war as necessary and successful. In a primetime address, he defended his strategy and downplayed the economic and diplomatic costs. On social media, he threatened to destroy Iran’s electric grid and desalination plants—civilian infrastructure whose targeting would be widely viewed as a war crime.</p>
<p>Information about the war was manipulated as well as wielded. Trump falsely claimed that Iran’s president had requested a ceasefire, a statement Tehran quickly denied. The fabrication had potential effects beyond public opinion; markets and allies watched presidential statements for signals about escalation or de‑escalation. At the same time, the administration proposed a $1.5 trillion defense budget, funded by cuts to Medicare, Medicaid, and other domestic programs. Trump remarked that daycare funding should be left to the states while federal resources flowed to the military. War thus became both a justification for expanded executive discretion and a lever to shift resources from social supports to the security state.</p>
<p>Private influence seeped into this war footing. Elon Musk was included in a call with India’s prime minister about Iran strategy, placing a private billionaire inside a high‑level national security discussion. Trump announced that he was considering withdrawing the United States from NATO, challenging statutory limits on treaty withdrawal and raising the prospect of unilateral reordering of alliances. Emergency orders were used to pay TSA and DHS staff during the shutdown, bypassing normal appropriations channels. Each move widened the zone in which the president could act first and seek permission, or forgiveness, later.</p>
<p>Inside the justice system, the week saw a deliberate reshaping of oversight and accountability. Trump fired Attorney General Pam Bondi, amid complaints that she was not aggressive enough against his enemies, and elevated his former personal lawyer, Todd Blanche, as acting attorney general. Blanche quickly ordered the release of all Justice Department files related to Jeffrey Epstein. The move answered long‑standing demands for transparency, but it also allowed the new leadership to frame the scandal as resolved and to decide which aspects would be emphasized or downplayed. Law‑enforcement priorities shifted with the person at the top.</p>
<p>At the same time, the internal watchdogs meant to police misconduct came under strain. A whistleblower letter to Congress accused the Justice Department’s inspector general of ignoring systemic abuses and court‑order violations, describing an “epidemic of misconduct” that went uninvestigated. Three former FBI agents filed a class‑action lawsuit against FBI Director Kash Patel and Bondi, claiming they were purged for perceived anti‑Trump views. These accounts painted a picture of a law‑enforcement apparatus where employment and scrutiny were shaped by political loyalty rather than professional standards.</p>
<p>The legal framework for transparency itself was attacked. Assistant Attorney General T. Elliot Gaiser issued an opinion declaring the Presidential Records Act unconstitutional. That statute, enacted after Watergate, had long governed the preservation and eventual public release of presidential records. By casting it as an illegitimate constraint on executive power, the opinion signaled an intent to weaken or ignore obligations that made it possible for Congress, courts, and historians to reconstruct what presidents had done. The same opinion undercut the legal basis for maintaining archives that future investigators might need.</p>
<p>Trump’s own use of law against critics continued in parallel. He used social media to call for the prosecution of New York Attorney General Letitia James, who had successfully sued him in civil court. In Congress, committees pressed ahead with plans to subpoena Bondi about the Epstein files despite her firing, asserting a right to question how the Justice Department had handled cases involving powerful figures. In the military sphere, Hegseth’s closure of the Apache helicopter probe without discipline echoed the pattern: investigations that might embarrass the regime or its allies were cut short, while legal tools were sharpened against opponents.</p>
<p>The administration also pressed against the boundaries of press freedom and symbolic power. The Treasury Department demanded that the Financial Times retract a story about Federal Reserve oversight, calling it manufactured. The Pentagon implemented a restrictive press policy that limited reporter access and anonymous sourcing, despite a federal judge’s criticism that the rules likely infringed First Amendment rights. In a separate front, Trump issued an order to cut funding for NPR and PBS, targeting public broadcasters whose coverage he disliked. Judge Randolph Moss struck down the order as unconstitutional viewpoint discrimination, reaffirming that the government could not punish media outlets for their editorial stance.</p>
<p>Symbolic projects became another arena for testing limits. Trump advanced an East Wing “modernization” that included a new White House ballroom, a space that would serve as a stage for presidential events and legacy. A federal court, through Judge Richard Leon, issued an injunction blocking the project, holding that major alterations to the White House required statutory authorization. Yet days later, the National Capital Planning Commission approved the ballroom plan, highlighting tensions between administrative bodies aligned with the president and judicial orders that sought to restrain him. The project’s fate remained unsettled, but the episode showed how planning processes could be used to launder contested uses of public funds for personal glorification.</p>
<p>Regulators and courts wrestled with concentrated private power in adjacent domains. The Federal Communications Commission quietly pulled a planned update to broadcast application rules from its agenda, delaying modernization of media regulations without clear explanation. The Federal Trade Commission and Justice Department pursued cases against Live Nation–Ticketmaster over hidden fees and alleged monopoly abuses, but DOJ’s quick settlement drew criticism as too lenient, especially as state attorneys general continued their own suits. These mixed signals suggested a federal posture that was willing to scold dominant platforms yet reluctant to impose structural remedies.</p>
<p>Beneath these headline fights, a quieter struggle over history and archives unfolded. Trump’s executive order on “Restoring Truth and Sanity to American History,” implemented by Interior Secretary Doug Burgum and other officials, directed the National Park Service and Smithsonian to present a more celebratory national story. A White House‑aligned review team combed museum exhibits for “divisive” narratives. At the National Portrait Gallery, references to Trump’s impeachments and his 2020 election loss were removed from his official portrait label under pressure from the administration. The aim was not to erase history outright, but to sand down its rough edges and recast conflict and accountability as distractions from national greatness.</p>
<p>Courts again intervened at the margins. At the President’s House site in Philadelphia, the National Park Service had removed exhibits detailing the lives of enslaved people who lived and labored there. U.S. District Judge Cynthia Rufe ordered those materials restored, rejecting the attempt to strip slavery from the story of the early presidency. The decision underscored that, at least in some contexts, content decisions at public historical sites were subject to legal constraints, not just political preference. Yet even as this specific erasure was reversed, the broader campaign to steer public memory continued.</p>
<p>The attack on the Presidential Records Act, noted earlier, tied these threads together. If the law that preserved presidential documents could be cast aside, future curators and judges might find that the raw materials of history had been thinned or destroyed. At the same time, staffing cuts and restructuring at agencies like the Centers for Disease Control and Prevention led to a temporary halt in testing for more than two dozen infectious diseases. The degradation of public health surveillance meant that basic facts about the nation’s condition—what pathogens were circulating, where outbreaks were emerging—became harder to know. Memory and information, in different ways, were being narrowed.</p>
<p>Economic and environmental policy over the week tilted toward war, fossil fuels, and entrenched corporate interests. The administration cut the National Institutes of Health budget by 20 percent, with particular impact on gender and race research, weakening the scientific base for health policy. Support for domestic electric‑vehicle battery factories and hydrogen‑based steelmaking was canceled, while tariffs on Chinese EVs and batteries raised prices for consumers. Pentagon review delays stalled at least 7.5 gigawatts of onshore wind projects. The Environmental Protection Agency granted an Endangered Species Act exemption for Gulf of Mexico oil and gas activities on national security grounds and issued a series of rules and settlements that adjusted emissions standards and hazardous‑waste obligations in ways that often favored industry.</p>
<p>The Iran war’s economic effects compounded these choices. Higher fuel costs rippled through the economy, contributing to a mixed labor market in which headline job gains masked falling participation and a hiring slowdown. Republican leaders floated proposals to finance war and expanded immigration enforcement through cuts to Medicaid and other health programs. Trump’s proposed defense budget, at $1.5 trillion, would be funded by deep reductions in Medicare, Medicaid, and domestic spending. The governing philosophy was explicit. Military strength and enforcement took precedence; social infrastructure could be devolved or pared back.</p>
<p>Cronyism and elite self‑dealing threaded through this landscape. Reports described traders repeatedly profiting from well‑timed bets ahead of major Trump policy moves, including tariffs and military actions, suggesting leaks or privileged access. The administration lifted sanctions on Russian cargo ships and individuals linked to narcotics, altering enforcement patterns in ways that could benefit well‑connected actors. New tariffs and threats against pharmaceutical companies intertwined health policy with trade tools, while the Food and Drug Administration’s patent‑related decisions shaped exclusivity periods for drugs. In the political arena, Meta‑linked PACs and an AI industry Innovation Council organized at least $100 million in dark‑money spending to support Trump‑aligned candidates, combining data‑rich industries with opaque funding structures.</p>
<p>Data and algorithms were used not only to shape policy but to manipulate behavior. A lawsuit accused DraftKings, FanDuel, the NFL, and Genius Sports of using real‑time data and predictive analytics to foster gambling addiction, raising questions about how far profit‑driven platforms could go in exploiting users. The White House’s official app reportedly tracked users’ precise GPS locations every few minutes, sending the data to a third‑party server. An AI‑generated corrido posted by the U.S. Embassy in Mexico urged migrants to self‑deport, blending cultural forms with state messaging. In each case, information systems served as tools to steer choices, often without meaningful consent or transparency.</p>
<p>Not all economic and local actors moved in the same direction. State and local governments in Pennsylvania, Utah, and Georgia used water and sewage regulations to block or delay ICE detention center projects, leveraging infrastructure powers to resist federal expansion of detention. Senator Bernie Sanders, Representative Ro Khanna, and state‑level officials advanced wealth‑tax proposals targeting billionaires and millionaires, seeking to counteract extreme concentration of wealth and raise revenue for public services. These efforts did not reverse the broader tilt toward inequality and elite influence, but they showed that alternative fiscal and regulatory visions still had institutional footholds.</p>
<p>Against this backdrop of consolidation, civic mobilization reached an extraordinary scale. The No Kings coalition and allied groups organized more than 3,000 events across all states and many countries, drawing over eight million participants. The protests targeted Trump’s policies and what participants saw as an emerging authoritarian drift. In Los Angeles, as noted, the response was harsh. Yet the sheer size and geographic spread of the demonstrations signaled that large segments of the public were not resigned to the new order.</p>
<p>Unions and professional associations prepared to carry that energy forward. The National Education Association, Chicago Teachers Union, and allied groups planned nationwide May Day protests focused on workers’ rights, education, and democracy. Civil‑rights litigation expanded beyond voting. A Michigan school district settled a case brought by a Palestinian student disciplined for refusing to stand for the pledge, affirming her right to protest and requiring staff training. At the Supreme Court, justices heard a Mississippi death‑penalty case involving near‑exclusion of Black jurors, keeping questions of racial bias in criminal justice on the docket even as other rulings, such as the decision striking down Colorado’s ban on conversion therapy for minors, weakened protections for vulnerable groups.</p>
<p>Federal courts shaped the administration’s agenda in dozens of smaller ways. Injunctions, summary‑judgment rulings, and procedural orders adjusted policies at HUD, CDC, the Labor Department, and other agencies. A judge stayed HHS Secretary Robert F. Kennedy Jr.’s wholesale firing of the CDC’s vaccine advisory committee, preserving expert oversight for the moment. Another court allowed unannounced congressional visits to ICE detention centers, strengthening real‑time oversight. Yet other institutions, like the Forest Service and CDC, were being structurally weakened through relocations and staffing cuts even as they held open meetings on health data and research surveys. The result was a landscape in which resistance was vigorous but often slower and more fragmented than the forces it opposed.</p>
<p>The week closed with the Democracy Clock unchanged, but the contest over its future more sharply drawn. Executive power pressed outward on elections, citizenship, war, and memory, often in open tension with statutes and norms. Security forces were pulled into roles that served regime preservation more than public safety. Economic and environmental policy favored war, fossil fuels, and concentrated wealth. At the same time, millions marched, lawyers filed suit, and judges in scattered courtrooms drew lines that power could not yet cross. The erosion of democracy did not accelerate in measured time, but it deepened in structure, as both consolidation and resistance settled into more durable forms.</p>
","The clock stayed at 8:13 p.m. as Trump moved to federalize elections, stratify citizenship, militarize protest policing, and rewrite history, while courts, litigators, and mass protests mounted reactive but real resistance.","2026-04-05 17:47:02","post","","https://thedemocracyclock.com/wp-content/uploads/week63-narrative-featured.jpg","week63-narrative-featured.jpg","","","","","","","https://thedemocracyclock.com/wp-content/uploads/week63-narrative-featured.jpg","https://thedemocracyclock.com/wp-content/uploads/week63-narrative-featured.jpg","Week","","publish","","","","","","","","","","","","","","","1","63","20260328","20260403","March 28 - April 3, 2026","493.2","493.2","0","8:13 p.m.","8:13 p.m.","Democratic Breakdown","Systemic failures; elections, courts, or rights no longer reliably constrain power.","This week combines an extraordinary authoritarian push on elections, immigration, war-making, and historical memory with unusually strong, but still reactive, institutional and civic resistance. The most structurally significant development is Trump’s suite of executive orders on mail-in voting and citizenship verification, reinforced by aligned state laws in Florida and Mississippi and DOJ lawsuits for voter data. Together they exert major pressure on voter access and federalize control over election infrastructure (Trait 45, 1, 11, 47). Parallel moves in immigration—birthright citizenship litigation, aggressive ICE tactics, third‑country deportations, and lethal neglect of refugees—deepen stratified citizenship (Trait 47) and normalize rights violations. Abroad, the Iran war escalates, with explicit threats against civilian infrastructure, a downed U.S. jet, ‘double tap’ strikes, and fraying alliances, entrenching emergency-style governance and militarized priorities (Traits 5, 9, 37, 53). Domestically, the firing of Attorney General Pam Bondi and Army Chief of Staff Randy George, the DOJ opinion attacking the Presidential Records Act, and the White House ballroom fight all underscore a presidency straining against legal and institutional constraints (Traits 1, 4, 7, 22, 24). Massive “No Kings” protests and a dense wave of litigation show democracy’s antibodies are active but under severe stress.","The Democracy Clock remained fixed at 8:13 p.m., with no change from the previous week’s 493.2 minutes. This apparent stillness masks a week in which aggressive moves on voting, citizenship, war, and memory were offset by lawsuits, injunctions, and mass protest, producing consolidation without a further net slide in measured time.","Net grand total delta is 0.0, consistent with the Democracy Clock remaining at 8:13 p.m. despite substantial underlying movement.
Thirty-seven democratic traits registered movement this week, reflecting broad but offsetting shifts across elections, security, information, and inequality.","False","This week saw a continuation of the erosion of democratic norms, particularly in character, ethics, restraint, truthfulness, and good faith. While there were instances of resistance, the overall trend indicated a tightening grip on power and a disregard for established democratic processes.","Consolidation without acceleration: executive power pressed outward on who votes, who belongs, how force is used, and how history is told, while reactive but significant civic and judicial resistance held the measured time steady even as the regime’s contours hardened.","37","115","2025-01-20, 2025-03-27, 2025-08-12, 2026-01-10, 2026-03-28, 2026-03-29, 2026-03-30, 2026-03-31, 2026-04-01, 2026-04-02, 2026-04-03, 50501, 8:13 p.m., A White House-aligned team’s review of Smithsonian content for “divisive” narratives threatened curatorial independence and encouraged self-censorship in national museums., A backlog of military compatibility reviews froze at least 7.5 GW of wind capacity, slowing renewable deployment and favoring existing fossil-based generation., A cable urging embassies to work with military psy-ops blurred lines between diplomacy and information operations, raising concerns about militarized messaging in foreign publics’ information space., A series of EPA actions on emissions standards, Superfund sites, and state program authorizations adjusted environmental obligations for industry and states, with implications for public health and regulatory capacity., A series of injunctions, summary-judgment rulings, and procedural orders in cases involving HUD, CDC, Labor, marijuana policy, and homelessness funding showed courts actively shaping the legality and scope of Trump-era administrative actions., A whistleblower letter to Congress alleging that DOJ’s inspector general ignored systemic misconduct and court-order violations raised alarms about the effectiveness of internal oversight mechanisms., ACLU-backed lawsuits against Trump’s citizenship order sought to preserve automatic citizenship for U.S.-born children, using the courts to defend constitutional guarantees against executive reinterpretation., AI industry Innovation Council, AI industry and Taylor Budowich, Acting Attorney General Todd Blanche, Aggressive policing and mass arrests at a No Kings rally outside a federal detention center highlighted the use of force and crowd-control tactics against anti-government demonstrators., Allegations that betting platforms used predictive analytics to hook users highlighted how data-driven systems can manipulate behavior for profit with limited regulatory oversight., Allowing a private billionaire to join a high-level military strategy call with a foreign leader blurred lines between public authority and private influence in national security decision-making., American Civil Liberties Union and partner groups, An AI-backed nonprofit led by a January 6 operative planned large, anonymous political spending, combining data-rich industries with opaque funding to shape electoral narratives., Assistant Attorney General T. Elliot Gaiser, Blanche’s decision to release the Epstein files responded to transparency demands but also repositioned DOJ priorities after Bondi’s ouster, potentially reshaping public understanding of elite accountability., Blanche’s release of Epstein-related files responded to transparency demands but also framed the scandal as closed, potentially limiting further institutional scrutiny of implicated elites., By falsely asserting that Iran sought a ceasefire, Trump used his office to spread war-related misinformation that could sway markets and public opinion while obscuring accountability for the conflict., By holding open meetings under the Sunshine Act, the EAC maintained transparency in its work on election standards amid broader federal efforts to centralize control over voter data., By invoking infrastructure limits to halt ICE facilities, local authorities leveraged environmental and fiscal powers to resist federal detention expansion., By requiring NPS to reinstall materials on enslaved people at the President’s House site, the court pushed back against historical erasure and reinforced legal limits on politically driven content removal., By striking down Trump’s directive to defund NPR and PBS, the court protected public broadcasters from retaliatory funding cuts based on their editorial stance, reinforcing First Amendment constraints on executive power., CDC’s suspension of testing for over two dozen pathogens exposed how workforce cuts can degrade core public health surveillance, limiting timely information for policymakers and the public., Centers for Disease Control and Prevention, Civil Rights and Dissent, Civil rights and voting organizations, Cleveland-Cliffs and Trump-Vance administration, Congressional committees’ insistence that Bondi testify about the Epstein files despite her firing underscored legislative efforts to maintain oversight of politicized DOJ conduct., DEA’s designations and licensing decisions for controlled substances and precursor chemicals adjusted the regulatory environment for research, pharmaceuticals, and diversion control., DHS Deputy Chief of Staff Stephen Miller, DOJ’s lawsuit against Minnesota’s trans-inclusive sports policies used federal civil rights law to restrict transgender participation, intensifying legal attacks on LGBTQ+ equality., DOJ’s lawsuits to force states to hand over sensitive voter rolls advanced the federal voter file project, raising privacy concerns and deepening federal intrusion into state election administration., DOJ’s settlement with Live Nation, criticized as too lenient, contrasted with continued state suits, raising questions about federal resolve to curb corporate power affecting consumers’ access to cultural events., Declaring the Presidential Records Act unconstitutional signaled an attempt to weaken statutory requirements for preserving and disclosing presidential records, undermining long-standing transparency safeguards., Deep NIH cuts, especially to gender and race research, weakened the public research infrastructure that underpins evidence-based health policy and long-term scientific capacity., Defense Secretary Pete Hegseth, Democratic committees, state attorneys general, and civic groups sued to block Trump’s voting order as unconstitutional commandeering of state election systems, testing judicial checks on executive control over elections., Democratic state and party organizations, Department of Homeland Security and Marco Rubio, Department of the Interior and Smithsonian review team, Deploying ICE at Marine graduations risked detaining undocumented relatives at military family events, intertwining immigration enforcement with military life and chilling attendance., Directing a legislative study on annexing parts of New Mexico signaled willingness to use state power to reshape borders amid partisan tensions, raising questions about representation and federalism., DraftKings, FanDuel, NFL, and Genius Sports, Drug Enforcement Administration, EPA and other federal agencies, Economic Structure, Efforts to strip public broadcasters of federal funding, later blocked by courts, showed a coordinated attempt to financially pressure independent media outlets., Election Assistance Commission, Ending support for domestic EV battery production and subsidies undermined U.S. competitiveness in clean technology and slowed the transition away from fossil fuels., FCC debarments and paperwork reviews aimed to protect integrity of school connectivity subsidies and streamline regulatory burdens, shaping how public funds and compliance costs are distributed., FDA actions on patient preference guidance, drug approvals, and patent-related review periods balanced safety, innovation incentives, and market exclusivity in the pharmaceutical sector., FDA’s outreach on digital health tools and service quality sought stakeholder input on how data and technology should be integrated into regulatory processes., FTC litigation over hidden ticket fees and DOJ’s quick settlement in a monopoly case highlighted both regulatory scrutiny and perceived softness toward a dominant entertainment platform., Federal Communications Commission, Federal Trade Commission and Department of Justice, Federal and state initiatives for wealth and millionaire taxes sought to counteract extreme concentration of wealth and raise revenue for public services, challenging entrenched fiscal advantages for the ultra-rich., Federal court, Federal courts, Florida and Mississippi governors, Florida and Mississippi legislatures, Food and Drug Administration, Ford and General Motors, Former FBI agents, GOP leaders’ support for using reconciliation to secure ICE funding without bipartisan agreement illustrated procedural hardball to entrench controversial enforcement priorities., Gas prices rose more than 28% during Trump’s term, largely due to his Iran war, highlighting the gap between campaign promises and policy outcomes that burden consumers., Groups including the ACLU, NAACP LDF, LULAC, and League of Women Voters turned to the courts to protect mail voting and prevent federal voter lists from excluding eligible citizens., HHS Secretary Robert F. Kennedy Jr., Hegseth’s decision to end the Apache helicopter probe with no sanctions, after earlier suspensions were reversed, raised concerns about political shielding of questionable military conduct in civilian areas., Hegseth’s removal of the Army chief of staff and other generals amid disputes over discipline and diversity signaled deep political intervention in military leadership and promotion decisions., House Judiciary and Oversight Committees, House Republican leadership, House Speaker Mike Johnson and Republican leaders, House leaders’ rejection of a bipartisan Senate plan to reopen DHS without boosting ICE funding prolonged the shutdown and used essential security operations as leverage for hardline immigration demands., ICE and CoreCivic, ICE and U.S. Marine Corps, Information, Memory and Manipulation, Institutions and Governance, Interior Secretary Doug Burgum and President Trump, JOLTS and March jobs data revealed a weakening labor market masked by headline job gains, complicating assessments of economic health amid war-related shocks., Japan’s aging population and weaker yen illustrated how structural demographic and monetary trends can reshape consumption, inequality, and perceptions of economic vitality in advanced democracies., Japan’s economy, Judge Randolph Moss, Judge Richard Leon’s injunction halting Trump’s East Wing ballroom project reaffirmed that major alterations to the White House require statutory authorization, reinforcing congressional control over federal property., Justice Department Office of Inspector General, Kennedy’s wholesale replacement of the CDC’s vaccine advisory committee, later blocked by a judge, disrupted expert oversight of immunization policy and highlighted judicial checks on politicized health governance., Leaked plans to send federal agents to protest hotspots to trigger clashes suggested deliberate use of security forces to delegitimize and suppress dissent., Los Angeles police and federal authorities, Low-flying Apache helicopters over a No Kings protest and near a political ally’s home, followed by reversal of suspensions, raised fears of military intimidation of demonstrators without accountability., Maintaining the state R&D survey supported data needed for evaluating public investment in innovation and informing budgetary decisions., Major EV-related losses at Ford and GM reflected the difficulty of transitioning under unsupportive policy, weakening domestic industry’s ability to compete in clean transport., Meta and allied AI industry groups, Meta-linked PACs and industry councils backing GOP candidates tied corporate AI interests to partisan outcomes, increasing the risk that AI regulation will be shaped by concentrated donors., Mexican government, Mexico’s decision to weigh in legally on a GEO Group detention death case signaled international pressure on U.S. immigration detention practices and cross-border human rights accountability., Michigan school district and civil rights advocates, More than 8 million people joined over 3,000 No Kings events across all states and many countries, demonstrating extraordinary civic mobilization against perceived authoritarian drift., Moving Forest Service headquarters out of Washington and consolidating research centers risked weakening scientific input and centralized oversight in federal land management., NCVHS’s open meeting on health data, privacy, and information policy provided a venue for public discussion of national health information standards., National Capital Planning Commission, National Capital Planning Commission and Trump administration, National Education Association, Chicago Teachers Union, and allies, National Park Service and federal courts, National Portrait Gallery and the White House, New 100% tariffs on many patented drugs aimed to force domestic production but risked higher short-term medicine costs and complex negotiations with powerful pharmaceutical firms., New Pentagon rules limiting reporter access and anonymous sourcing, despite prior court orders, reflected ongoing attempts to control defense reporting and constrain investigative coverage., New state laws demanding documentary proof of citizenship and narrowing acceptable IDs risked purging naturalized citizens and low-income voters from the rolls., New state laws in Florida and Mississippi requiring documentary proof of citizenship to register risk purging eligible voters and layering state-level barriers atop federal verification schemes., Organizing a large May 1 day of action around labor, education, and immigrant rights signaled sustained grassroots mobilization linking economic justice to democratic governance., PA_001, PA_002, PA_003, PA_004, PA_005, Pentagon, Permitting a Russian tanker to reach Cuba marked a sudden shift in sanctions enforcement, with unclear criteria that could invite perceptions of arbitrary or politically driven economic policy., Power and Authority, President Trump, President Trump and federal agencies, Pressuring the Portrait Gallery to remove references to Trump’s impeachments and 2020 loss from his label exemplified direct political editing of official historical records., Proposals to finance war and ICE expansion through Medicaid and health program cuts shifted fiscal burdens onto vulnerable populations while preserving military and enforcement budgets., Public Health Advocacy Institute and plaintiffs, Pulling a planned update to broadcast application rules from the FCC agenda delayed modernization of media regulations, with unclear reasons for the change in course., Pursuit of an expansive White House ballroom despite legal challenges reflected the administration’s focus on symbolic architectural projects that can entrench personal legacy using public resources., Reassigning ICE agents to airport screening roles during a funding crisis expanded immigration enforcement presence into civilian travel spaces, raising concerns about mission creep and the politicized use of federal security forces., Removing Bondi amid complaints she was insufficiently aggressive against Trump’s enemies and elevating his former personal lawyer as acting AG deepened concerns that DOJ leadership is selected for personal loyalty over independence., Removing sanctions from Russian vessels and alleged narcotics figures altered enforcement signals in U.S. sanctions policy, with potential benefits for well-connected actors., Reports of moldy food, illness, and inadequate care for a two-year-old detainee at Dilley highlighted ongoing human rights concerns in privately run immigration detention., Reports of traders repeatedly profiting from advance knowledge of tariffs and military actions suggested possible leaks or insider access, undermining confidence in fair markets and policymaking., Reports that Hegseth led evangelical services casting the Iran war as a holy struggle blurred church–state boundaries and raised concerns about religious ideology shaping military policy., Reports that the White House app continuously logged user locations to a third-party server raised concerns about state-linked digital surveillance and data misuse., Republican congressional leaders, Senator Bernie Sanders, Representative Ro Khanna, and state-level actors, Sending deportees to Uganda under a new agreement, despite local legal objections, raised concerns about offshoring asylum responsibilities and due process protections., State and local governments in Pennsylvania, Utah, and Georgia, Striking down a seven-day notice rule for congressional visits to ICE centers strengthened real-time oversight of detention conditions and potential abuses., Tariff threats against pharmaceutical companies sought to coerce price cuts through trade tools, intertwining health policy with unilateral executive trade actions., Tariffs and hostile messaging toward Canada depressed cross-border tourism, harming small businesses in U.S. border communities dependent on Canadian visitors., Tariffs that made Chinese EVs and batteries more expensive protected some domestic producers but also raised consumer costs and impeded rapid decarbonization of transport., Terminating a major grant for cleaner steelmaking and relining a coke-burning furnace locked in decades of additional pollution, prioritizing incumbent industry over environmental health., Terrorism and material-support convictions for activists involved in a protest that turned violent set a precedent for treating left-wing protest activity as terrorism, potentially chilling dissent., Texas House Speaker Dustin Burrows, Texas prosecutors and courts, The 50501 / No Kings coalition and allied groups, The Court’s review of Trump’s order redefining birthright citizenship put long-settled Fourteenth Amendment doctrine at risk, with major implications for equal citizenship and executive power over status., The Court’s review of a capital case involving near-exclusion of Black jurors spotlighted ongoing struggles to enforce equal protection in criminal justice., The Court’s ruling against Colorado’s conversion therapy ban weakened state authority to regulate harmful practices targeting LGBTQ+ youth, raising concerns about protections for vulnerable minors., The DOJ opinion attacking the PRA threatened the legal framework that preserves presidential records for future public access, increasing risks of selective destruction or concealment., The EAC’s open meetings on standards and local election administration provided a forum for public input and coordination at a time of heightened federal pressure on election systems., The ESA exemption for Gulf drilling prioritized energy and security claims over species protection, illustrating how emergency rationales can weaken environmental safeguards., The Innovation Council’s large, anonymous spending plans to boost MAGA-aligned candidates illustrated how opaque funding structures can amplify elite influence over elections and policy., The Iran conflict significantly constrained global energy supplies, driving up fuel and fertilizer costs and exposing how executive war decisions can impose broad economic hardship., The Ninth Circuit’s decision to uphold but narrow an injunction against DHS targeting of protesters and media balanced protection of dissent with judicial demands for tailored relief., The administration’s attempt to narrow birthright citizenship threatened to create a hereditary underclass of U.S.-born noncitizens, particularly affecting children of immigrants., The embassy’s AI corrido urging migrants to return home used cultural messaging tools to influence migration decisions, drawing criticism as demeaning and manipulative., The homicide ruling in Nurul Amin Shah’s death after Border Patrol abandonment underscored severe abuses in border enforcement and the vulnerability of refugees in U.S. custody., The planning commission’s approval of Trump’s ballroom project, despite a federal injunction, highlighted tensions between administrative bodies aligned with the president and judicial limits on executive building plans., The removal and court-ordered restoration of exhibits on enslaved people at a historic site illustrated both executive attempts to erase uncomfortable history and judicial efforts to preserve it., The settlement affirming a Palestinian student’s right to sit during the pledge, with staff training and record-clearing, reinforced First Amendment protections in schools., The suit against major betting platforms for algorithmically fostering compulsive gambling raised questions about regulation of data-driven business models that can harm consumers., Three ex-FBI agents sued FBI Director Kash Patel and Attorney General Pam Bondi, claiming they were purged for perceived anti-Trump views, highlighting alleged politicization of federal law enforcement employment decisions., Treasury Department, Treasury’s aggressive pushback against a critical article signaled willingness to pressure media outlets over coverage of internal policy debates, potentially chilling financial journalism., Trump administration, Trump administration and DOJ, Trump’s call to scrap the Senate filibuster to pass restrictive voting legislation underscored his push to reshape institutional rules to ease enactment of partisan election laws., Trump’s disparaging comments about the Supreme Court while his administration sought to end birthright citizenship further eroded norms of respect for judicial independence., Trump’s election orders centralized voter eligibility verification in federal agencies and conditioned mail ballots and funding on compliance, challenging state control of elections and risking large-scale disenfranchisement., Trump’s emergency directives to pay TSA and DHS staff during a record DHS shutdown used executive discretion to override normal appropriations channels, easing worker hardship while blurring constitutional limits on spending power., Trump’s fabricated statement about an Iranian ceasefire request, quickly denied by Tehran, exemplified the use of presidential messaging to spread disinformation about war developments., Trump’s history order and Burgum’s directives to NPS and Smithsonian leadership sought to enforce a celebratory national narrative, subordinating professional curation to political messaging about the past., Trump’s history order and follow-on directives to NPS and the Smithsonian sought to sanitize public history by downplaying slavery, impeachment, and other contentious topics in favor of national glorification., Trump’s nationally televised speech framed ongoing military escalation in Iran as necessary despite economic and diplomatic fallout, reinforcing a war footing that concentrates power in the executive., Trump’s order declaring that U.S.-born children of non–lawful permanent residents are not citizens attempted to unilaterally narrow constitutional citizenship, prompting major litigation and uncertainty for affected families., Trump’s public threat to target Iran’s electric grid and desalination plants signaled willingness to contemplate actions widely viewed as war crimes, heightening fears of unconstrained executive war powers., Trump’s record defense budget request, paired with cuts to Medicare, Medicaid, and other social spending, prioritized military expansion over social welfare and deepened distributive inequality., Trump’s remarks deemphasizing federal responsibility for childcare while elevating defense spending signaled a governing philosophy that sidelines national support for social infrastructure., Trump’s repeated calls to prosecute a state attorney general who successfully sued him exemplified efforts to wield federal power against legal adversaries, undermining impartial justice., Trump’s threat to exit NATO without Senate consent challenged statutory limits on treaty withdrawal and raised alarms about unilateral executive control over core alliance commitments., Trump’s use of nostalgic pop culture imagery to comment on a Democratic lawmaker illustrated his ongoing reliance on symbolic media to frame political figures and narratives., Trump’s voting orders and related enforcement efforts threatened to disenfranchise eligible voters, especially marginalized groups, under the banner of combating fraud., U.S. Army and Defense Secretary Pete Hegseth, U.S. Border Patrol agents, U.S. Census Bureau, U.S. Department of Homeland Security, U.S. Department of Justice, U.S. Department of Justice under Trump, U.S. District Judge Cynthia Rufe, U.S. Embassy in Mexico, U.S. Environmental Protection Agency, U.S. Forest Service and Trump administration, U.S. Supreme Court, U.S. government and Uganda, U.S. labor market, Under White House pressure, the National Portrait Gallery sanitized Trump’s portrait label, illustrating executive influence over how presidential history is officially presented to the public., Unknown financial traders, Using elite DHS units designed for high-risk operations in routine immigration enforcement escalated the militarization of immigration policy and increased risks to civil liberties., Week 63 – 2026-03-28–2026-04-03, White House, advanced the East Wing ballroom project as part of a broader reshaping of Washington’s monumental core, advanced wealth tax proposals targeting billionaires and millionaires, affirmed and narrowed an injunction protecting protesters, journalists, and legal observers from DHS actions, allegedly sought to deploy agents to provoke confrontations at protests, allowed a Russian oil shipment to Cuba despite a prior blockade, allowed unannounced congressional oversight visits to ICE detention facilities, altered Trump’s official portrait label to omit impeachments and electoral defeat, announced a public meeting of the National Committee on Vital and Health Statistics, announced and signed emergency orders to pay TSA and DHS employees during the partial shutdown, announced he was strongly considering withdrawing the United States from NATO, announced public Sunshine Act meetings on election standards and local leadership, announced relocation of USFS headquarters and consolidation of research facilities, approved Trump’s East Wing Modernization Project including a new White House ballroom, argued that the Presidential Records Act is unconstitutional, arrested dozens of No Kings protesters and used pepper balls and teargas, backed a plan to fund ICE through budget reconciliation, blocked President Trump’s plan to build a White House ballroom without congressional approval, canceled government support for U.S. battery factories and removed EV subsidies, closed the investigation into Apache helicopter flights over a protest and near Kid Rock’s home without discipline, commented that daycare funding should be left to states while prioritizing federal military spending, conducted the first deportation flight under a third-country agreement, considered cutting federal health spending to fund the Iran war and immigration enforcement, continued detaining families in poor conditions at the Dilley facility despite congressional criticism, continued investigations and subpoena plans targeting former Attorney General Pam Bondi, continued to experience demographic aging and currency-driven shifts in perceived prosperity, cut the National Institutes of Health budget by 20 percent and reduced multi-year research funding, debarred multiple individuals from the E-Rate program and sought comment on information collections, delayed Pentagon reviews, stalling dozens of onshore wind projects, deleted a broadcast rules update from its open meeting agenda, delivered a primetime address defending his Iran war strategy, demanded that Senate Republicans eliminate the filibuster to pass the SAVE America Act, demanded that the Financial Times retract a story about Fed oversight as manufactured, deployed ICE agents to perform airport security checks during the TSA funding crisis, deployed special tactical units for civilian immigration sweeps, directed U.S. embassies to coordinate with Pentagon psychological operations units to counter foreign propaganda, directed national historical institutions to present a celebratory narrative of American history, enacted proof-of-citizenship requirements and ID changes for voter registration, engaged in a war with Iran that disrupted global oil supplies and raised prices, extended fossil-fuel blast furnace operations after canceling a hydrogen conversion grant, failed to deliver on his campaign pledge to cut gas prices by half, falsely claimed Iran’s president requested a ceasefire in the ongoing war, federalregister, filed a class-action lawsuit alleging politically motivated firings from the Bureau, filed a lawsuit accusing DraftKings and FanDuel of using addictive design to exploit bettors, filed lawsuits challenging Trump’s mail-voting order as unconstitutional and discriminatory, filed multiple federal lawsuits challenging Trump’s mail-voting executive order, fired Army Chief of Staff Randy George and removed additional senior Army officers, fired Attorney General Pam Bondi and installed Deputy AG Todd Blanche as acting attorney general, fired all ACIP members and attempted to install new appointees before a court stayed the move, funded pro-AI super PACs and political efforts favoring Republican candidates, granted an Endangered Species Act exemption for Gulf of Mexico oil and gas activities on national security grounds, guardian, hcr, heard a Mississippi death penalty case alleging racial bias in jury selection, heard arguments on Trump’s executive order limiting birthright citizenship, implemented a restrictive press policy criticized by a federal judge as infringing First Amendment rights, implemented an executive order to reshape public presentations of American history, imposed high tariffs on Chinese EVs and batteries, raising U.S. prices, imposed tariffs and rhetoric that reduced Canadian tourism to U.S. border towns, included Elon Musk in a call with India’s prime minister about Iran war strategy, issued a DOJ opinion claiming the Presidential Records Act is unconstitutional, issued an executive order imposing steep tariffs on pharmaceuticals and ingredients to spur onshoring, issued an executive order redefining birthright citizenship for children of non–permanent residents, issued executive orders creating federal citizenship lists and restricting mail-in voting, issued guidance, drug decisions, and multiple priority review vouchers and patent review determinations, issued multiple rules, redesignations, and settlements affecting air quality and hazardous waste programs, issued multiple rulings adjusting challenges to Trump administration policies and agency actions, justsecurity, launched an official app that allegedly tracked users’ precise GPS locations every few minutes, left a visually impaired Rohingya refugee in freezing conditions, leading to his death ruled a homicide, lifted sanctions on Russian cargo ships and narcotics-linked individuals, meidas, moved to restrict mail-in voting and centralize voter eligibility verification, noah, ordered a study on annexing counties from New Mexico into Texas, ordered the National Park Service to restore removed slavery exhibits in Philadelphia, ordered the release of all Department of Justice files related to Jeffrey Epstein, orders, organized a $100 million campaign to support Trump-aligned candidates via a dark-money nonprofit, organized a dark-money nonprofit to fund pro-Trump candidates in the midterms, organized record-breaking nationwide and global protests against Trump’s policies, planned nationwide May Day protests focused on workers’ rights and democracy, popinfo, posted a nostalgic Davy Crockett–themed video about Representative Jasmine Crockett, posted an AI-generated video encouraging migrants to self-deport, posted misleading claims that Iran had requested a ceasefire, prepared an amicus brief in a U.S. lawsuit over a death in ICE detention, processed numerous applications and rules for controlled substances manufacturing, importing, and chemical listing, profited from well-timed trades ahead of major Trump policy moves, proposed a $1.5 trillion defense budget funded by cuts to domestic programs, publicly attacked the Supreme Court and individual justices over the birthright citizenship case, pursued a Supreme Court case to end birthright citizenship for some U.S.-born children, pursued and then settled antitrust and fee-transparency cases against Live Nation–Ticketmaster, reached a settlement with Live Nation while states continued antitrust litigation, recorded large write-downs on electric vehicle operations, refused to advance the Senate’s DHS funding bill that excluded ICE and Border Patrol increases, released DOJ’s Epstein files and signaled they should not be a future focus, removed and were then ordered to restore slavery exhibits at the President’s House site, removed references to Trump’s impeachments and 2020 loss from his official portrait text, represented families challenging Trump’s birthright citizenship order, requested public comment on customer service surveys and digital health technologies in clinical trials, ruled that Trump’s order cutting NPR and PBS funding was unconstitutional viewpoint discrimination, scheduled public meetings of its Standards Board and Local Leadership Council, secured terrorism convictions against activists after a protest at an ICE facility, settled a lawsuit over disciplining a student who refused the pledge in protest, showed a mixed picture with a hiring slowdown and a later jobs report beating expectations but with falling participation, signed proof-of-citizenship voter registration laws, sought OMB approval to continue the Survey of State Government Research and Development, sought to defund NPR and PBS through executive order and congressional rescissions, stationed ICE agents at Marine Corps graduation ceremonies to screen attendees, struck down Colorado’s ban on conversion therapy for minors as a speech violation, sued Idaho and other jurisdictions to obtain unredacted voter roll data, sued Minnesota over policies allowing transgender girls to compete in girls’ sports, temporarily halted testing for numerous infectious diseases due to staffing shortages, threatened 100% tariffs on drug makers that did not lower U.S. prices, threatened on social media to destroy Iran’s civilian infrastructure if demands were not met, undertook ideological reviews of museum exhibitions for alignment with Trump’s narrative, used and then shielded Apache helicopter crews involved in low flights over protests, used social media to call for prosecuting New York Attorney General Letitia James, used water and sewage regulations to block or delay ICE detention center projects, was accused by whistleblower counsel of failing to investigate serious DOJ misconduct, were accused in court of using real-time data and algorithms to foster gambling addiction, were reported to be holding extremist evangelical services at the Pentagon framing war as holy, wk063-001, wk063-002, wk063-003, wk063-005, wk063-006, wk063-008, wk063-009, wk063-010, wk063-012, wk063-015, wk063-016, wk063-017, wk063-018, wk063-019, wk063-020, wk063-021, wk063-022, wk063-023, wk063-024, wk063-028, wk063-029, wk063-030, wk063-031, wk063-032, wk063-033, wk063-034, wk063-036, wk063-037, wk063-038, wk063-039, wk063-040, wk063-041, wk063-042, wk063-043, wk063-044, wk063-045, wk063-046, wk063-047, wk063-048, wk063-049, wk063-050, wk063-054, wk063-055, wk063-056, wk063-057, wk063-058, wk063-059, wk063-060, wk063-061, wk063-062, wk063-063, wk063-067, wk063-068, wk063-069, wk063-070, wk063-071, wk063-072, wk063-074, wk063-075, wk063-076, wk063-077, wk063-078, wk063-079, wk063-080, wk063-082, wk063-084, wk063-085, wk063-086, wk063-088, wk063-089, wk063-090, wk063-093, wk063-094, wk063-096, wk063-097, wk063-098, wk063-099, wk063-100, wk063-101, wk063-102, wk063-103, wk063-104, wk063-105, wk063-106, wk063-107, wk063-108, wk063-109, wk063-110, wk063-111, wk063-112, wk063-113, wk063-115, wk063-116, wk063-117, wk063-118, wk063-119, wk063-120, wk063-121, wk063-122, wk063-123, wk063-124, wk063-125, wk063-126, wk063-128, wk063-130, wk063-134, wk063-136, wk063-137, wk063-138, wk063-139, wk063-140, wk063-141, wk063-142, wk063-143, wk063-144, wk063-146, wk063-147, wk063-148, wk063-149, wk063-150, wk063-151, wk063-152, wk063-153, wk063-154, wk063-155, wk063-156, wk063-157, wk063-158, wk063-159, wk063-160, wk063-161, wk063-162, wk063-163, wk063-164, wk063-165, wk063-166, wk063-167, wk063-168, wk063-169, wk063-170, wk063-171, wk063-172, wk063-173, wk063-174, wk063-175, wk063-179, wk063-180, wk063-182, wk063-183, wk063-184, wk063-185, wk063-186, wk063-187, wk063-188, wk063-190, wk063-191, wk063-193, wk063-195, wk063-196, wk063-197, wk063-198, wk063-199, wk063-200, wk063-201, wk063-202, wk063-203, wk063-204, wk063-205, wk063-206, wk063-207, wk063-208, wk063-209, wk063-210, wk063-211, wk063-212, wk063-213, wk063-214, wk063-215, wk063-216, wk063-217, wk063-218, wk063-219, wk063-220, wk063-222, wk063-223, wk063-224, wk063-225, wk063-226, wk063-234, wk063-235, wk063-240, wk063-241, wk063-242, wk063-243, wk063-244, wk063-245, wk063-248, wk063-249, wk063-250, wk063-251, wk063-252, wk063-253, wk063-254, wk063-255, wk063-256, wk063-257, wk063-258, wk063-260, wk063-261, wk063-264, wk063-265, wk063-266, wk063-267, wk063-268, wk063-269, wk063-270, wk063-271, wk063-272, wk063-273, wk063-274, wk063-275, wk063-276, wk063-277, wk063-279, wk063-280, wk063-281, wk63_CR_001, wk63_CR_002, wk63_CR_003, wk63_CR_004, wk63_CR_005, wk63_CR_006, wk63_CR_007, wk63_CR_008, wk63_CR_009, wk63_CR_010, wk63_CR_011, wk63_CR_012, wk63_CR_013, wk63_CR_014, wk63_CR_015, wk63_CR_016, wk63_CR_017, wk63_CR_018, wk63_CR_019, wk63_CR_020, wk63_CR_021, wk63_CR_022, wk63_CR_023, wk63_CR_024, wk63_ES_001, wk63_ES_002, wk63_ES_003, wk63_ES_004, wk63_ES_005, wk63_ES_006, wk63_ES_007, wk63_ES_008, wk63_ES_009, wk63_ES_010, wk63_ES_011, wk63_ES_012, wk63_ES_013, wk63_ES_014, wk63_ES_015, wk63_ES_016, wk63_ES_017, wk63_ES_018, wk63_ES_019, wk63_ES_020, wk63_ES_021, wk63_ES_022, wk63_ES_023, wk63_ES_024, wk63_ES_025, wk63_ES_026, wk63_ES_027, wk63_ES_028, wk63_ES_029, wk63_ES_030, wk63_IG_001, wk63_IG_002, wk63_IG_003, wk63_IG_004, wk63_IG_005, wk63_IG_006, wk63_IG_007, wk63_IG_008, wk63_IG_009, wk63_IG_010, wk63_IG_011, wk63_IG_012, wk63_IG_013, wk63_IG_014, wk63_IG_015, wk63_IG_016, wk63_IG_017, wk63_IG_018, wk63_IG_019, wk63_IG_020, wk63_IG_021, wk63_IG_022, wk63_IG_023, wk63_IG_024, wk63_IG_025, wk63_IG_026, wk63_IG_027, wk63_IG_028, wk63_IG_029, wk63_IG_030, wk63_IM_001, wk63_IM_002, wk63_IM_003, wk63_IM_004, wk63_IM_005, wk63_IM_006, wk63_IM_007, wk63_IM_008, wk63_IM_009, wk63_IM_010, wk63_IM_011, wk63_IM_012, wk63_IM_013, wk63_IM_014, wk63_IM_015, wk63_IM_016, wk63_IM_017, wk63_IM_018, wk63_IM_019, wk63_IM_020, wk63_PA_001, wk63_PA_002, wk63_PA_003, wk63_PA_004, wk63_PA_005, wk63_PA_006, wk63_PA_007, wk63_PA_008, wk63_PA_009, wk63_PA_010, wk63_PA_011, zeteo","Week 63 Appendix: Citizenship and Memory Under Command","<!-- Generated by build_publish_week_v1 (WordPress appendix HTML) -->

<p><em>With the clock frozen, the regime tightened control over elections, borders, war, and history, while courts and crowds fought to keep democratic space open.</em></p>
<p>This week combines an extraordinary authoritarian push on elections, immigration, war-making, and historical memory with unusually strong, but still reactive, institutional and civic resistance. The most structurally significant development is Trump’s suite of executive orders on mail-in voting and citizenship verification, reinforced by aligned state laws in Florida and Mississippi and DOJ lawsuits for voter data. Together they exert major pressure on voter access and federalize control over election infrastructure (Trait 45, 1, 11, 47). Parallel moves in immigration—birthright citizenship litigation, aggressive ICE tactics, third‑country deportations, and lethal neglect of refugees—deepen stratified citizenship (Trait 47) and normalize rights violations. Abroad, the Iran war escalates, with explicit threats against civilian infrastructure, a downed U.S. jet, ‘double tap’ strikes, and fraying alliances, entrenching emergency-style governance and militarized priorities (Traits 5, 9, 37, 53). Domestically, the firing of Attorney General Pam Bondi and Army Chief of Staff Randy George, the DOJ opinion attacking the Presidential Records Act, and the White House ballroom fight all underscore a presidency straining against legal and institutional constraints (Traits 1, 4, 7, 22, 24). Massive “No Kings” protests and a dense wave of litigation show democracy’s antibodies are active but under severe stress.</p>
<h3>Power and Authority</h3>
<ol>
<li>President Trump announced and signed emergency orders to pay TSA and DHS employees during the partial shutdown: Trump’s emergency directives to pay TSA and DHS staff during a record DHS shutdown used executive discretion to override normal appropriations channels, easing worker hardship while blurring constitutional limits on spending power. (2026-04-03)</li>
<li>President Trump deployed ICE agents to perform airport security checks during the TSA funding crisis: Reassigning ICE agents to airport screening roles during a funding crisis expanded immigration enforcement presence into civilian travel spaces, raising concerns about mission creep and the politicized use of federal security forces. (2026-03-28)</li>
<li>President Trump demanded that Senate Republicans eliminate the filibuster to pass the SAVE America Act: Trump’s call to scrap the Senate filibuster to pass restrictive voting legislation underscored his push to reshape institutional rules to ease enactment of partisan election laws. (2026-03-28)</li>
<li>President Trump included Elon Musk in a call with India’s prime minister about Iran war strategy: Allowing a private billionaire to join a high-level military strategy call with a foreign leader blurred lines between public authority and private influence in national security decision-making. (2026-03-31)</li>
<li>President Trump threatened on social media to destroy Iran’s civilian infrastructure if demands were not met: Trump’s public threat to target Iran’s electric grid and desalination plants signaled willingness to contemplate actions widely viewed as war crimes, heightening fears of unconstrained executive war powers. (2026-03-30)</li>
<li>President Trump announced he was strongly considering withdrawing the United States from NATO: Trump’s threat to exit NATO without Senate consent challenged statutory limits on treaty withdrawal and raised alarms about unilateral executive control over core alliance commitments. (2026-04-01)</li>
<li>President Trump publicly attacked the Supreme Court and individual justices over the birthright citizenship case: Trump’s disparaging comments about the Supreme Court while his administration sought to end birthright citizenship further eroded norms of respect for judicial independence. (2026-03-30)</li>
<li>President Trump used social media to call for prosecuting New York Attorney General Letitia James: Trump’s repeated calls to prosecute a state attorney general who successfully sued him exemplified efforts to wield federal power against legal adversaries, undermining impartial justice. (2026-03-31)</li>
<li>President Trump delivered a primetime address defending his Iran war strategy: Trump’s nationally televised speech framed ongoing military escalation in Iran as necessary despite economic and diplomatic fallout, reinforcing a war footing that concentrates power in the executive. (2026-04-01)</li>
<li>President Trump posted misleading claims that Iran had requested a ceasefire: By falsely asserting that Iran sought a ceasefire, Trump used his office to spread war-related misinformation that could sway markets and public opinion while obscuring accountability for the conflict. (2026-04-01)</li>
<li>President Trump commented that daycare funding should be left to states while prioritizing federal military spending: Trump’s remarks deemphasizing federal responsibility for childcare while elevating defense spending signaled a governing philosophy that sidelines national support for social infrastructure. (2026-04-02)</li>
</ol>
<h3>Institutions and Governance</h3>
<ol>
<li>President Trump issued executive orders creating federal citizenship lists and restricting mail-in voting: Trump’s election orders centralized voter eligibility verification in federal agencies and conditioned mail ballots and funding on compliance, challenging state control of elections and risking large-scale disenfranchisement. (2026-03-31)</li>
<li>Democratic state and party organizations filed multiple federal lawsuits challenging Trump’s mail-voting executive order: Democratic committees, state attorneys general, and civic groups sued to block Trump’s voting order as unconstitutional commandeering of state election systems, testing judicial checks on executive control over elections. (2026-04-03)</li>
<li>Florida and Mississippi governors signed proof-of-citizenship voter registration laws: New state laws in Florida and Mississippi requiring documentary proof of citizenship to register risk purging eligible voters and layering state-level barriers atop federal verification schemes. (2026-04-01)</li>
<li>U.S. Department of Justice sued Idaho and other jurisdictions to obtain unredacted voter roll data: DOJ’s lawsuits to force states to hand over sensitive voter rolls advanced the federal voter file project, raising privacy concerns and deepening federal intrusion into state election administration. (2026-04-01)</li>
<li>U.S. Supreme Court heard arguments on Trump’s executive order limiting birthright citizenship: The Court’s review of Trump’s order redefining birthright citizenship put long-settled Fourteenth Amendment doctrine at risk, with major implications for equal citizenship and executive power over status. (2026-04-01)</li>
<li>President Trump issued an executive order redefining birthright citizenship for children of non–permanent residents: Trump’s order declaring that U.S.-born children of non–lawful permanent residents are not citizens attempted to unilaterally narrow constitutional citizenship, prompting major litigation and uncertainty for affected families. (2025-01-20)</li>
<li>American Civil Liberties Union and partner groups represented families challenging Trump’s birthright citizenship order: ACLU-backed lawsuits against Trump’s citizenship order sought to preserve automatic citizenship for U.S.-born children, using the courts to defend constitutional guarantees against executive reinterpretation. (2026-04-02)</li>
<li>Assistant Attorney General T. Elliot Gaiser issued a DOJ opinion claiming the Presidential Records Act is unconstitutional: Declaring the Presidential Records Act unconstitutional signaled an attempt to weaken statutory requirements for preserving and disclosing presidential records, undermining long-standing transparency safeguards. (2026-04-02)</li>
<li>President Trump fired Attorney General Pam Bondi and installed Deputy AG Todd Blanche as acting attorney general: Removing Bondi amid complaints she was insufficiently aggressive against Trump’s enemies and elevating his former personal lawyer as acting AG deepened concerns that DOJ leadership is selected for personal loyalty over independence. (2026-04-02)</li>
<li>Acting Attorney General Todd Blanche ordered the release of all Department of Justice files related to Jeffrey Epstein: Blanche’s decision to release the Epstein files responded to transparency demands but also repositioned DOJ priorities after Bondi’s ouster, potentially reshaping public understanding of elite accountability. (2026-04-02)</li>
<li>Former FBI agents filed a class-action lawsuit alleging politically motivated firings from the Bureau: Three ex-FBI agents sued FBI Director Kash Patel and Attorney General Pam Bondi, claiming they were purged for perceived anti-Trump views, highlighting alleged politicization of federal law enforcement employment decisions. (2026-03-31)</li>
<li>Justice Department Office of Inspector General was accused by whistleblower counsel of failing to investigate serious DOJ misconduct: A whistleblower letter to Congress alleging that DOJ’s inspector general ignored systemic misconduct and court-order violations raised alarms about the effectiveness of internal oversight mechanisms. (2026-03-30)</li>
<li>Federal courts blocked President Trump’s plan to build a White House ballroom without congressional approval: Judge Richard Leon’s injunction halting Trump’s East Wing ballroom project reaffirmed that major alterations to the White House require statutory authorization, reinforcing congressional control over federal property. (2026-03-31)</li>
<li>National Capital Planning Commission approved Trump’s East Wing Modernization Project including a new White House ballroom: The planning commission’s approval of Trump’s ballroom project, despite a federal injunction, highlighted tensions between administrative bodies aligned with the president and judicial limits on executive building plans. (2026-04-02)</li>
<li>Judge Randolph Moss ruled that Trump’s order cutting NPR and PBS funding was unconstitutional viewpoint discrimination: By striking down Trump’s directive to defund NPR and PBS, the court protected public broadcasters from retaliatory funding cuts based on their editorial stance, reinforcing First Amendment constraints on executive power. (2026-04-01)</li>
<li>Federal courts issued multiple rulings adjusting challenges to Trump administration policies and agency actions: A series of injunctions, summary-judgment rulings, and procedural orders in cases involving HUD, CDC, Labor, marijuana policy, and homelessness funding showed courts actively shaping the legality and scope of Trump-era administrative actions. (2026-03-31)</li>
<li>House Republican leadership refused to advance the Senate’s DHS funding bill that excluded ICE and Border Patrol increases: House leaders’ rejection of a bipartisan Senate plan to reopen DHS without boosting ICE funding prolonged the shutdown and used essential security operations as leverage for hardline immigration demands. (2026-04-02)</li>
<li>Texas House Speaker Dustin Burrows ordered a study on annexing counties from New Mexico into Texas: Directing a legislative study on annexing parts of New Mexico signaled willingness to use state power to reshape borders amid partisan tensions, raising questions about representation and federalism. (2026-03-30)</li>
<li>House Judiciary and Oversight Committees continued investigations and subpoena plans targeting former Attorney General Pam Bondi: Congressional committees’ insistence that Bondi testify about the Epstein files despite her firing underscored legislative efforts to maintain oversight of politicized DOJ conduct. (2026-04-01)</li>
<li>Election Assistance Commission scheduled public meetings of its Standards Board and Local Leadership Council: The EAC’s open meetings on standards and local election administration provided a forum for public input and coordination at a time of heightened federal pressure on election systems. (2026-03-31)</li>
<li>Interior Secretary Doug Burgum and President Trump implemented an executive order to reshape public presentations of American history: Trump’s history order and Burgum’s directives to NPS and Smithsonian leadership sought to enforce a celebratory national narrative, subordinating professional curation to political messaging about the past. (2025-03-27)</li>
<li>U.S. District Judge Cynthia Rufe ordered the National Park Service to restore removed slavery exhibits in Philadelphia: By requiring NPS to reinstall materials on enslaved people at the President’s House site, the court pushed back against historical erasure and reinforced legal limits on politically driven content removal. (2026-03-29)</li>
<li>National Portrait Gallery and the White House removed references to Trump’s impeachments and 2020 loss from his official portrait text: Under White House pressure, the National Portrait Gallery sanitized Trump’s portrait label, illustrating executive influence over how presidential history is officially presented to the public. (2026-01-10)</li>
<li>Defense Secretary Pete Hegseth fired Army Chief of Staff Randy George and removed additional senior Army officers: Hegseth’s removal of the Army chief of staff and other generals amid disputes over discipline and diversity signaled deep political intervention in military leadership and promotion decisions. (2026-04-02)</li>
<li>Defense Secretary Pete Hegseth closed the investigation into Apache helicopter flights over a protest and near Kid Rock’s home without discipline: Hegseth’s decision to end the Apache helicopter probe with no sanctions, after earlier suspensions were reversed, raised concerns about political shielding of questionable military conduct in civilian areas. (2026-04-03)</li>
<li>House Speaker Mike Johnson and Republican leaders backed a plan to fund ICE through budget reconciliation: GOP leaders’ support for using reconciliation to secure ICE funding without bipartisan agreement illustrated procedural hardball to entrench controversial enforcement priorities. (2026-04-01)</li>
<li>National Capital Planning Commission and Trump administration advanced the East Wing ballroom project as part of a broader reshaping of Washington’s monumental core: Pursuit of an expansive White House ballroom despite legal challenges reflected the administration’s focus on symbolic architectural projects that can entrench personal legacy using public resources. (2026-04-02)</li>
<li>U.S. Forest Service and Trump administration announced relocation of USFS headquarters and consolidation of research facilities: Moving Forest Service headquarters out of Washington and consolidating research centers risked weakening scientific input and centralized oversight in federal land management. (2026-04-01)</li>
<li>HHS Secretary Robert F. Kennedy Jr. fired all ACIP members and attempted to install new appointees before a court stayed the move: Kennedy’s wholesale replacement of the CDC’s vaccine advisory committee, later blocked by a judge, disrupted expert oversight of immunization policy and highlighted judicial checks on politicized health governance. (2026-04-02)</li>
<li>Election Assistance Commission announced public Sunshine Act meetings on election standards and local leadership: By holding open meetings under the Sunshine Act, the EAC maintained transparency in its work on election standards amid broader federal efforts to centralize control over voter data. (2026-03-31)</li>
</ol>
<h3>Economic Structure</h3>
<ol>
<li>Trump administration cut the National Institutes of Health budget by 20 percent and reduced multi-year research funding: Deep NIH cuts, especially to gender and race research, weakened the public research infrastructure that underpins evidence-based health policy and long-term scientific capacity. (2026-03-28)</li>
<li>Trump administration canceled government support for U.S. battery factories and removed EV subsidies: Ending support for domestic EV battery production and subsidies undermined U.S. competitiveness in clean technology and slowed the transition away from fossil fuels. (2026-03-29)</li>
<li>Trump administration imposed high tariffs on Chinese EVs and batteries, raising U.S. prices: Tariffs that made Chinese EVs and batteries more expensive protected some domestic producers but also raised consumer costs and impeded rapid decarbonization of transport. (2026-03-29)</li>
<li>Cleveland-Cliffs and Trump-Vance administration extended fossil-fuel blast furnace operations after canceling a hydrogen conversion grant: Terminating a major grant for cleaner steelmaking and relining a coke-burning furnace locked in decades of additional pollution, prioritizing incumbent industry over environmental health. (2026-03-29)</li>
<li>Republican congressional leaders considered cutting federal health spending to fund the Iran war and immigration enforcement: Proposals to finance war and ICE expansion through Medicaid and health program cuts shifted fiscal burdens onto vulnerable populations while preserving military and enforcement budgets. (2026-03-29)</li>
<li>Trump administration delayed Pentagon reviews, stalling dozens of onshore wind projects: A backlog of military compatibility reviews froze at least 7.5 GW of wind capacity, slowing renewable deployment and favoring existing fossil-based generation. (2026-03-29)</li>
<li>Ford and General Motors recorded large write-downs on electric vehicle operations: Major EV-related losses at Ford and GM reflected the difficulty of transitioning under unsupportive policy, weakening domestic industry’s ability to compete in clean transport. (2026-03-29)</li>
<li>Unknown financial traders profited from well-timed trades ahead of major Trump policy moves: Reports of traders repeatedly profiting from advance knowledge of tariffs and military actions suggested possible leaks or insider access, undermining confidence in fair markets and policymaking. (2026-03-29)</li>
<li>Trump administration imposed tariffs and rhetoric that reduced Canadian tourism to U.S. border towns: Tariffs and hostile messaging toward Canada depressed cross-border tourism, harming small businesses in U.S. border communities dependent on Canadian visitors. (2026-03-28)</li>
<li>Trump administration allowed a Russian oil shipment to Cuba despite a prior blockade: Permitting a Russian tanker to reach Cuba marked a sudden shift in sanctions enforcement, with unclear criteria that could invite perceptions of arbitrary or politically driven economic policy. (2026-03-28)</li>
<li>Trump administration engaged in a war with Iran that disrupted global oil supplies and raised prices: The Iran conflict significantly constrained global energy supplies, driving up fuel and fertilizer costs and exposing how executive war decisions can impose broad economic hardship. (2026-03-29)</li>
<li>President Trump failed to deliver on his campaign pledge to cut gas prices by half: Gas prices rose more than 28% during Trump’s term, largely due to his Iran war, highlighting the gap between campaign promises and policy outcomes that burden consumers. (2026-04-01)</li>
<li>President Trump proposed a $1.5 trillion defense budget funded by cuts to domestic programs: Trump’s record defense budget request, paired with cuts to Medicare, Medicaid, and other social spending, prioritized military expansion over social welfare and deepened distributive inequality. (2026-04-03)</li>
<li>Trump administration issued an executive order imposing steep tariffs on pharmaceuticals and ingredients to spur onshoring: New 100% tariffs on many patented drugs aimed to force domestic production but risked higher short-term medicine costs and complex negotiations with powerful pharmaceutical firms. (2026-04-02)</li>
<li>Trump administration threatened 100% tariffs on drug makers that did not lower U.S. prices: Tariff threats against pharmaceutical companies sought to coerce price cuts through trade tools, intertwining health policy with unilateral executive trade actions. (2026-04-02)</li>
<li>Federal Trade Commission and Department of Justice pursued and then settled antitrust and fee-transparency cases against Live Nation–Ticketmaster: FTC litigation over hidden ticket fees and DOJ’s quick settlement in a monopoly case highlighted both regulatory scrutiny and perceived softness toward a dominant entertainment platform. (2026-04-03)</li>
<li>Public Health Advocacy Institute and plaintiffs filed a lawsuit accusing DraftKings and FanDuel of using addictive design to exploit bettors: The suit against major betting platforms for algorithmically fostering compulsive gambling raised questions about regulation of data-driven business models that can harm consumers. (2026-03-30)</li>
<li>Meta and allied AI industry groups funded pro-AI super PACs and political efforts favoring Republican candidates: Meta-linked PACs and industry councils backing GOP candidates tied corporate AI interests to partisan outcomes, increasing the risk that AI regulation will be shaped by concentrated donors. (2026-03-31)</li>
<li>AI industry Innovation Council organized a $100 million campaign to support Trump-aligned candidates via a dark-money nonprofit: The Innovation Council’s large, anonymous spending plans to boost MAGA-aligned candidates illustrated how opaque funding structures can amplify elite influence over elections and policy. (2026-03-31)</li>
<li>Trump administration lifted sanctions on Russian cargo ships and narcotics-linked individuals: Removing sanctions from Russian vessels and alleged narcotics figures altered enforcement signals in U.S. sanctions policy, with potential benefits for well-connected actors. (2026-03-30)</li>
<li>U.S. Environmental Protection Agency granted an Endangered Species Act exemption for Gulf of Mexico oil and gas activities on national security grounds: The ESA exemption for Gulf drilling prioritized energy and security claims over species protection, illustrating how emergency rationales can weaken environmental safeguards. (2026-03-31)</li>
<li>EPA and other federal agencies issued multiple rules, redesignations, and settlements affecting air quality and hazardous waste programs: A series of EPA actions on emissions standards, Superfund sites, and state program authorizations adjusted environmental obligations for industry and states, with implications for public health and regulatory capacity. (2026-04-02)</li>
<li>Federal Communications Commission debarred multiple individuals from the E-Rate program and sought comment on information collections: FCC debarments and paperwork reviews aimed to protect integrity of school connectivity subsidies and streamline regulatory burdens, shaping how public funds and compliance costs are distributed. (2026-04-02)</li>
<li>Food and Drug Administration issued guidance, drug decisions, and multiple priority review vouchers and patent review determinations: FDA actions on patient preference guidance, drug approvals, and patent-related review periods balanced safety, innovation incentives, and market exclusivity in the pharmaceutical sector. (2026-03-31)</li>
<li>Drug Enforcement Administration processed numerous applications and rules for controlled substances manufacturing, importing, and chemical listing: DEA’s designations and licensing decisions for controlled substances and precursor chemicals adjusted the regulatory environment for research, pharmaceuticals, and diversion control. (2026-04-03)</li>
<li>U.S. Census Bureau sought OMB approval to continue the Survey of State Government Research and Development: Maintaining the state R&amp;D survey supported data needed for evaluating public investment in innovation and informing budgetary decisions. (2026-04-01)</li>
<li>U.S. labor market showed a mixed picture with a hiring slowdown and a later jobs report beating expectations but with falling participation: JOLTS and March jobs data revealed a weakening labor market masked by headline job gains, complicating assessments of economic health amid war-related shocks. (2026-04-03)</li>
<li>State and local governments in Pennsylvania, Utah, and Georgia used water and sewage regulations to block or delay ICE detention center projects: By invoking infrastructure limits to halt ICE facilities, local authorities leveraged environmental and fiscal powers to resist federal detention expansion. (2026-04-02)</li>
<li>Japan’s economy continued to experience demographic aging and currency-driven shifts in perceived prosperity: Japan’s aging population and weaker yen illustrated how structural demographic and monetary trends can reshape consumption, inequality, and perceptions of economic vitality in advanced democracies. (2026-04-01)</li>
<li>Senator Bernie Sanders, Representative Ro Khanna, and state-level actors advanced wealth tax proposals targeting billionaires and millionaires: Federal and state initiatives for wealth and millionaire taxes sought to counteract extreme concentration of wealth and raise revenue for public services, challenging entrenched fiscal advantages for the ultra-rich. (2026-04-03)</li>
</ol>
<h3>Civil Rights and Dissent</h3>
<ol>
<li>President Trump and federal agencies moved to restrict mail-in voting and centralize voter eligibility verification: Trump’s voting orders and related enforcement efforts threatened to disenfranchise eligible voters, especially marginalized groups, under the banner of combating fraud. (2026-03-31)</li>
<li>Florida and Mississippi legislatures enacted proof-of-citizenship requirements and ID changes for voter registration: New state laws demanding documentary proof of citizenship and narrowing acceptable IDs risked purging naturalized citizens and low-income voters from the rolls. (2026-04-01)</li>
<li>Civil rights and voting organizations filed lawsuits challenging Trump’s mail-voting order as unconstitutional and discriminatory: Groups including the ACLU, NAACP LDF, LULAC, and League of Women Voters turned to the courts to protect mail voting and prevent federal voter lists from excluding eligible citizens. (2026-04-02)</li>
<li>U.S. Department of Justice under Trump pursued a Supreme Court case to end birthright citizenship for some U.S.-born children: The administration’s attempt to narrow birthright citizenship threatened to create a hereditary underclass of U.S.-born noncitizens, particularly affecting children of immigrants. (2026-03-29)</li>
<li>U.S. Department of Justice sued Minnesota over policies allowing transgender girls to compete in girls’ sports: DOJ’s lawsuit against Minnesota’s trans-inclusive sports policies used federal civil rights law to restrict transgender participation, intensifying legal attacks on LGBTQ+ equality. (2026-03-30)</li>
<li>U.S. Supreme Court struck down Colorado’s ban on conversion therapy for minors as a speech violation: The Court’s ruling against Colorado’s conversion therapy ban weakened state authority to regulate harmful practices targeting LGBTQ+ youth, raising concerns about protections for vulnerable minors. (2026-04-02)</li>
<li>Texas prosecutors and courts secured terrorism convictions against activists after a protest at an ICE facility: Terrorism and material-support convictions for activists involved in a protest that turned violent set a precedent for treating left-wing protest activity as terrorism, potentially chilling dissent. (2026-03-29)</li>
<li>Los Angeles police and federal authorities arrested dozens of No Kings protesters and used pepper balls and teargas: Aggressive policing and mass arrests at a No Kings rally outside a federal detention center highlighted the use of force and crowd-control tactics against anti-government demonstrators. (2026-03-28)</li>
<li>The 50501 / No Kings coalition and allied groups organized record-breaking nationwide and global protests against Trump’s policies: More than 8 million people joined over 3,000 No Kings events across all states and many countries, demonstrating extraordinary civic mobilization against perceived authoritarian drift. (2026-03-28)</li>
<li>U.S. Army and Defense Secretary Pete Hegseth used and then shielded Apache helicopter crews involved in low flights over protests: Low-flying Apache helicopters over a No Kings protest and near a political ally’s home, followed by reversal of suspensions, raised fears of military intimidation of demonstrators without accountability. (2026-03-29)</li>
<li>DHS Deputy Chief of Staff Stephen Miller allegedly sought to deploy agents to provoke confrontations at protests: Leaked plans to send federal agents to protest hotspots to trigger clashes suggested deliberate use of security forces to delegitimize and suppress dissent. (2026-03-31)</li>
<li>U.S. Department of Homeland Security deployed special tactical units for civilian immigration sweeps: Using elite DHS units designed for high-risk operations in routine immigration enforcement escalated the militarization of immigration policy and increased risks to civil liberties. (2026-04-02)</li>
<li>U.S. Border Patrol agents left a visually impaired Rohingya refugee in freezing conditions, leading to his death ruled a homicide: The homicide ruling in Nurul Amin Shah’s death after Border Patrol abandonment underscored severe abuses in border enforcement and the vulnerability of refugees in U.S. custody. (2026-04-01)</li>
<li>ICE and CoreCivic continued detaining families in poor conditions at the Dilley facility despite congressional criticism: Reports of moldy food, illness, and inadequate care for a two-year-old detainee at Dilley highlighted ongoing human rights concerns in privately run immigration detention. (2026-03-30)</li>
<li>Mexican government prepared an amicus brief in a U.S. lawsuit over a death in ICE detention: Mexico’s decision to weigh in legally on a GEO Group detention death case signaled international pressure on U.S. immigration detention practices and cross-border human rights accountability. (2026-03-30)</li>
<li>U.S. government and Uganda conducted the first deportation flight under a third-country agreement: Sending deportees to Uganda under a new agreement, despite local legal objections, raised concerns about offshoring asylum responsibilities and due process protections. (2026-04-02)</li>
<li>ICE and U.S. Marine Corps stationed ICE agents at Marine Corps graduation ceremonies to screen attendees: Deploying ICE at Marine graduations risked detaining undocumented relatives at military family events, intertwining immigration enforcement with military life and chilling attendance. (2026-03-31)</li>
<li>U.S. Army and Defense Secretary Pete Hegseth were reported to be holding extremist evangelical services at the Pentagon framing war as holy: Reports that Hegseth led evangelical services casting the Iran war as a holy struggle blurred church–state boundaries and raised concerns about religious ideology shaping military policy. (2026-03-31)</li>
<li>Federal courts affirmed and narrowed an injunction protecting protesters, journalists, and legal observers from DHS actions: The Ninth Circuit’s decision to uphold but narrow an injunction against DHS targeting of protesters and media balanced protection of dissent with judicial demands for tailored relief. (2026-04-01)</li>
<li>Federal court allowed unannounced congressional oversight visits to ICE detention facilities: Striking down a seven-day notice rule for congressional visits to ICE centers strengthened real-time oversight of detention conditions and potential abuses. (2026-04-03)</li>
<li>Michigan school district and civil rights advocates settled a lawsuit over disciplining a student who refused the pledge in protest: The settlement affirming a Palestinian student’s right to sit during the pledge, with staff training and record-clearing, reinforced First Amendment protections in schools. (2026-03-28)</li>
<li>National Education Association, Chicago Teachers Union, and allies planned nationwide May Day protests focused on workers’ rights and democracy: Organizing a large May 1 day of action around labor, education, and immigrant rights signaled sustained grassroots mobilization linking economic justice to democratic governance. (2026-04-02)</li>
<li>U.S. Supreme Court heard a Mississippi death penalty case alleging racial bias in jury selection: The Court’s review of a capital case involving near-exclusion of Black jurors spotlighted ongoing struggles to enforce equal protection in criminal justice. (2026-03-31)</li>
<li>U.S. Department of Justice reached a settlement with Live Nation while states continued antitrust litigation: DOJ’s settlement with Live Nation, criticized as too lenient, contrasted with continued state suits, raising questions about federal resolve to curb corporate power affecting consumers’ access to cultural events. (2026-04-03)</li>
</ol>
<h3>Information, Memory and Manipulation</h3>
<ol>
<li>President Trump and federal agencies directed national historical institutions to present a celebratory narrative of American history: Trump’s history order and follow-on directives to NPS and the Smithsonian sought to sanitize public history by downplaying slavery, impeachment, and other contentious topics in favor of national glorification. (2025-03-27)</li>
<li>National Park Service and federal courts removed and were then ordered to restore slavery exhibits at the President’s House site: The removal and court-ordered restoration of exhibits on enslaved people at a historic site illustrated both executive attempts to erase uncomfortable history and judicial efforts to preserve it. (2026-03-29)</li>
<li>National Portrait Gallery and the White House altered Trump’s official portrait label to omit impeachments and electoral defeat: Pressuring the Portrait Gallery to remove references to Trump’s impeachments and 2020 loss from his label exemplified direct political editing of official historical records. (2026-01-10)</li>
<li>Department of the Interior and Smithsonian review team undertook ideological reviews of museum exhibitions for alignment with Trump’s narrative: A White House-aligned team’s review of Smithsonian content for “divisive” narratives threatened curatorial independence and encouraged self-censorship in national museums. (2025-08-12)</li>
<li>Treasury Department demanded that the Financial Times retract a story about Fed oversight as manufactured: Treasury’s aggressive pushback against a critical article signaled willingness to pressure media outlets over coverage of internal policy debates, potentially chilling financial journalism. (2026-03-28)</li>
<li>Pentagon implemented a restrictive press policy criticized by a federal judge as infringing First Amendment rights: New Pentagon rules limiting reporter access and anonymous sourcing, despite prior court orders, reflected ongoing attempts to control defense reporting and constrain investigative coverage. (2026-03-30)</li>
<li>White House launched an official app that allegedly tracked users’ precise GPS locations every few minutes: Reports that the White House app continuously logged user locations to a third-party server raised concerns about state-linked digital surveillance and data misuse. (2026-03-28)</li>
<li>President Trump falsely claimed Iran’s president requested a ceasefire in the ongoing war: Trump’s fabricated statement about an Iranian ceasefire request, quickly denied by Tehran, exemplified the use of presidential messaging to spread disinformation about war developments. (2026-04-01)</li>
<li>Trump administration and DOJ sought to defund NPR and PBS through executive order and congressional rescissions: Efforts to strip public broadcasters of federal funding, later blocked by courts, showed a coordinated attempt to financially pressure independent media outlets. (2026-03-31)</li>
<li>Assistant Attorney General T. Elliot Gaiser argued that the Presidential Records Act is unconstitutional: The DOJ opinion attacking the PRA threatened the legal framework that preserves presidential records for future public access, increasing risks of selective destruction or concealment. (2026-04-02)</li>
<li>Acting Attorney General Todd Blanche released DOJ’s Epstein files and signaled they should not be a future focus: Blanche’s release of Epstein-related files responded to transparency demands but also framed the scandal as closed, potentially limiting further institutional scrutiny of implicated elites. (2026-04-02)</li>
<li>Department of Homeland Security and Marco Rubio directed U.S. embassies to coordinate with Pentagon psychological operations units to counter foreign propaganda: A cable urging embassies to work with military psy-ops blurred lines between diplomacy and information operations, raising concerns about militarized messaging in foreign publics’ information space. (2026-03-30)</li>
<li>U.S. Embassy in Mexico posted an AI-generated video encouraging migrants to self-deport: The embassy’s AI corrido urging migrants to return home used cultural messaging tools to influence migration decisions, drawing criticism as demeaning and manipulative. (2026-03-28)</li>
<li>AI industry and Taylor Budowich organized a dark-money nonprofit to fund pro-Trump candidates in the midterms: An AI-backed nonprofit led by a January 6 operative planned large, anonymous political spending, combining data-rich industries with opaque funding to shape electoral narratives. (2026-03-31)</li>
<li>DraftKings, FanDuel, NFL, and Genius Sports were accused in court of using real-time data and algorithms to foster gambling addiction: Allegations that betting platforms used predictive analytics to hook users highlighted how data-driven systems can manipulate behavior for profit with limited regulatory oversight. (2026-03-30)</li>
<li>President Trump posted a nostalgic Davy Crockett–themed video about Representative Jasmine Crockett: Trump’s use of nostalgic pop culture imagery to comment on a Democratic lawmaker illustrated his ongoing reliance on symbolic media to frame political figures and narratives. (2026-04-02)</li>
<li>Centers for Disease Control and Prevention temporarily halted testing for numerous infectious diseases due to staffing shortages: CDC’s suspension of testing for over two dozen pathogens exposed how workforce cuts can degrade core public health surveillance, limiting timely information for policymakers and the public. (2026-04-02)</li>
<li>Federal Communications Commission deleted a broadcast rules update from its open meeting agenda: Pulling a planned update to broadcast application rules from the FCC agenda delayed modernization of media regulations, with unclear reasons for the change in course. (2026-03-31)</li>
<li>Food and Drug Administration requested public comment on customer service surveys and digital health technologies in clinical trials: FDA’s outreach on digital health tools and service quality sought stakeholder input on how data and technology should be integrated into regulatory processes. (2026-03-31)</li>
<li>Centers for Disease Control and Prevention announced a public meeting of the National Committee on Vital and Health Statistics: NCVHS’s open meeting on health data, privacy, and information policy provided a venue for public discussion of national health information standards. (2026-04-02)</li>
</ol>
","The clock stayed at 8:13 p.m. as Trump moved to federalize elections, stratify citizenship, militarize protest policing, and rewrite history, while courts, litigators, and mass protests mounted reactive but real resistance."
