"ID","Title","Content","Excerpt","Date","Post Type","Permalink","Image URL","Image Filename","Image Path","Image ID","Image Title","Image Caption","Image Description","Image Alt Text","Image Featured","Attachment URL","Categories","Tags","Status","Author ID","Author Username","Author Email","Author First Name","Author Last Name","Slug","Format","Template","Parent","Parent Slug","Order","Comment Status","Ping Status","Post Modified Date","Is Current","Week Number","Week Start Date","Week End Date","Week Label","Week Start Minutes","Week End Minutes","Week Movement Minutes","Week Start Time Display","Week End Time Display","Week Status Tier Label","Week Status Tier Description","Week Status Summary","Clock Time Reference","Week Delta Summary","Clock Moved","Moral Floor Summary","Net Interpretation","Traits Moved Count","Event Count Total","Sources","Appendix Title","Appendix Content","Appendix Excerpt"
"","Week 80: Pressure Through Ordinary Forms","<!-- Generated by build_publish_week_v1 (WordPress narrative HTML) -->

<blockquote class=""dc-subtitle""><em>Executive power, election restrictions, immigration coercion, and memory politics advanced together while courts and Congress offered only partial resistance.</em></blockquote>
<p>Week 80 was a week of pressure applied through ordinary forms. Orders were signed, hearings were held, votes were taken, lawsuits were filed, records were withheld, and appeals were lodged. Little of it looked like rupture. Yet across these separate acts ran one clear habit of rule: using public machinery to reward allies, narrow access, harden coercion, and shape what the country is allowed to remember about itself. The week’s force lay in convergence.</p>
<p>At the close of the last period, the Democracy Clock stood at 7:44 p.m. By the end of Week 80, it remained at 7:44 p.m., a net movement of 0.1 minutes. The near-stillness did not mark calm. It marked consolidation. Courts checked some actions, and a few institutions still slowed the executive at the margins, but the week added weight in many places at once: election rules, immigration enforcement, war powers, public memory, and the handling of information. The clock barely moved because the pattern was already well laid. It moved because the pattern kept proving useful.</p>
<p>The sharpest cultural struggle of the week centered on the Smithsonian. The president ordered temporary signs outside the National Museum of American History accusing it of inaccuracy and calling for renovation of exhibits. That act mattered less as complaint than as an exercise of office. A national museum was not being criticized from outside. It was being marked from above, with the authority of the presidency placed at the entrance to the historical record.</p>
<p>The pressure did not stop with signs. A White House report attacked the Smithsonian’s portrayal of American history and used executive policy machinery to press for a different account. Congressional committees then brought the museum and its director under direct scrutiny in hearings over how American history was being presented. The campaign spread across branches. It moved from message to process.</p>
<p>Reports that the administration was delaying Smithsonian Board of Regents nominations to shape the board’s composition gave the effort its most durable form. That mattered most. Control over appointments is slower than a speech and stronger than a speech. If the board changes, the institution changes with it. The winners in this struggle were those who wanted a cleaner, more obedient national story, one that softened conquest and conflict and made dissent easier to dismiss as distortion. The losers were curators, scholars, and the public claim that memory should not be set by power alone.</p>
<p>The week also showed that this fight over memory was not fully settled among elites. Justice Neil Gorsuch said Americans should study history with both its flaws and its achievements. That did not reverse the campaign. It did reveal a split over whether national confidence requires fuller history or managed history. In Week 80, the stronger hand belonged to management.</p>
<p>Election rules formed the next front. House Republicans passed a defense bill merged with voting restrictions on mail ballots and voter ID. The method mattered. Election limits were attached to must-pass legislation, using the weight of defense policy to carry changes in ballot access. This was not only a dispute over rules. It was a test of whether access to the vote could be narrowed through procedural leverage while still being described as routine lawmaking.</p>
<p>The executive branch pressed the same cause from another angle. The president demanded that Senate Republicans end the filibuster to pass the SAVE America Act. Senate Republicans resisted that demand, preserving the rule for the moment, but the pressure itself showed the executive trying to bend legislative procedure toward a voting bill. At the same time, the administration asked the Supreme Court to let restrictive mail-voting rules take effect. The same goal was pursued through Congress, through pressure on the Senate, and through emergency litigation.</p>
<p>Resistance existed, but it was partial. The First Circuit refused to stay an injunction blocking parts of the administration’s election order, preserving one judicial check on federal reach into state election administration. The Kansas Court of Appeals upheld the counting of timely postmarked mail ballots that arrived after Election Day, protecting an existing rule against efforts to discard valid votes. Election organizers in North Carolina scheduled training for poll workers, advocates, and de-escalation teams. It was a small but real act of civic preparation. Yet these checks were defensive. The initiative lay with those seeking to harden access limits under the language of integrity.</p>
<p>That language did much of the work. Restrictions on mail ballots and tighter ID demands were not offered as exclusions. They were offered as safeguards. The power gained here was the power to define access as suspicion and participation as something to be earned through added proof. The power lost belonged to voters who rely on mailed ballots, to states defending their own counting rules, and to the older democratic idea that ease of voting is itself a public good.</p>
<p>The week’s clearest coercive story came in immigration. The Supreme Court allowed the administration to terminate Temporary Protected Status for Haitians and Syrians. That ruling stripped legal protection from large groups at once. It did not itself arrest anyone. It changed the legal ground beneath them, exposing them to detention, deportation, and loss of work authorization. Once that ground shifted, enforcement moved quickly.</p>
<p>ICE prepared to expand arrests and deportations of Haitians after TPS protections ended. It began arresting immigrants at airports whose visas had expired, including some with pending applications. The Office of Refugee Resettlement shared leads that contributed to thousands of immigration arrests, including children and sponsors, turning a child welfare system into an enforcement pipeline. A civilian system meant to shelter the vulnerable was made to feed the coercive arm of the state. That was one of the week’s starkest transfers of purpose.</p>
<p>Conditions inside detention sharpened the same picture. A court-appointed monitor reported that the California City ICE facility failed to meet court-ordered health care standards. ICE subjected at least one detained hunger striker to forced medical treatment. Venezuelan men sued aviation companies over flights that took them to a prison in El Salvador, alleging a partnership between private carriers and state removal power that bypassed due process. Francisco Longoria and his family sued ICE and CBP over a shooting, detention, and dropped charges. A court filing alleged that ICE agents used racial slurs during Los Angeles operations. The details varied. The direction did not.</p>
<p>Some legal process continued around the edges. The First Circuit remanded a case over South Sudan TPS after an intervening Supreme Court ruling, and the Second Circuit set a briefing schedule in another immigration appeal. Judges blocked warrantless ICE enforcement near some churches involved in litigation. Organizers rallied against a planned ICE detention facility near Gilroy, and reporting made a proposed detention center in Winton visible to the public. But these were brakes, not reversals. The winners were enforcement agencies, private contractors tied to removal, and officials willing to use administrative systems as capture tools. The losers were migrants, sponsors, detainees, and the idea that legal status should not vanish into a dragnet.</p>
<p>The fight over Todd Blanche’s nomination for attorney general brought a different kind of coercion into view. Blanche’s nomination was already a struggle over who would control the Justice Department. During Week 80, it became tied to the president’s effort to preserve a tax-immunity arrangement and related settlement structure connected to his own legal exposure. The Senate Judiciary Committee postponed and then canceled a vote on the nomination. That delay mattered. It showed the Senate using confirmation leverage against a deal that appeared to mix public office with private protection.</p>
<p>The president refused to end the disputed immunity agreement and related settlement fund. That refusal clarified the stakes. This was not simply a personnel fight. It was a contest over whether command of the Justice Department could be linked to preserving a president’s own legal shelter. Activists urged senators to oppose Blanche. Former DOJ lawyer Liz Oyer testified against the nomination and then reported death threats, showing how public accountability can carry private danger. The pressure around the nomination was legal, political, and personal at once.</p>
<p>Other events in the same orbit deepened the sense of a justice system pulled toward elite protection. The Senate had already confirmed Jay Clayton as director of national intelligence, placing a presidential ally atop the intelligence apparatus. The Senate passed a resolution opposing any pardon for Ghislaine Maxwell, a symbolic effort to mark a boundary around clemency. The House Oversight Committee released testimony about ties to Jeffrey Epstein, while Judge Emmet Sullivan ordered the Justice Department to produce unredacted Epstein-related records for private review. These acts did not form one case. Together, they showed a government struggling over whether exposure would reach upward or stop short.</p>
<p>The power winners in this development were those closest to the president, especially if loyalty could be traded for office or delay. The losers were the old lines between personal legal need and public legal authority. Some friction remained. Senate delay showed that. It did not remove the underlying fact that the nation’s top law office was being contested in the shadow of the president’s own legal interests.</p>
<p>Executive reach widened across other domains as well. In court, the administration admitted that it had cut clean-energy grants based on states’ 2024 voting behavior. That admission was unusually direct. It moved the use of federal spending power against disfavored states from suspicion to confessed design. The point was not hidden. Public funds had been used to reward political alignment and punish opposition-led regions.</p>
<p>The same week, the president imposed new tariffs on goods from dozens of countries under claimed forced-labor authority, extending unilateral control over trade and revenue policy after prior legal setbacks. He also notified Congress about military action in Iran while claiming the War Powers deadline did not apply. The Senate then rejected a resolution to limit his authority to continue military operations in Iran. In trade, war, and spending, separate legal authorities were treated as tools of one broad discretion. Congress objected in places and yielded in others. The net effect was to leave the executive with room.</p>
<p>Opacity helped that room expand. Critics attacked the administration for withholding the names of U.S. service members killed in Iran. The Pentagon revised casualty figures and categories for the conflict, complicating public oversight of war costs. The White House Office of Administration began preparations to paint the Eisenhower Executive Office Building despite ongoing legal objections, another small sign of disputed action moving ahead while review lagged. Even the order for 250 Cadillac Escalades for government use carried the same note of command without much visible restraint. It was display as administration.</p>
<p>These acts did not all carry equal weight. Together, they showed a governing style that treated war powers, tariff authority, grant allocation, preservation review, and public spending as parts of one usable stock of presidential tools. The winners were the presidency and those regions or interests favored by it. The losers were Congress, neutral administration, and the expectation that law divides power instead of merely furnishing it.</p>
<p>Control over information tightened in quieter ways. The president barred the press from Oval Office meetings with Zelenskyy and Netanyahu, reducing independent visibility into high-level diplomacy. Former FCC officials filed objections to the agency’s review of ABC broadcast licenses, warning that license scrutiny over alleged bias could chill editorial independence. One act denied access. The other threatened it through regulation. Both narrowed the channels through which the public sees power at work.</p>
<p>The war record was also managed through disclosure choices. Casualty figures were revised. Names were withheld. A judge had to order private review of unredacted Epstein-related records. The public was left to work through fragments, corrections, and court-forced glimpses. That is a familiar form of control. No single lie is required. It is enough to make the record late, partial, or hard to trust.</p>
<p>The week added smaller but telling examples. The president claimed he personally controlled the Strait of Hormuz, injecting falsehood into a tense foreign policy moment. He dismissed allegations of Iranian cyberattacks on Minnesota water systems and blamed state officials, muddying public understanding of a security threat. The State Department displayed a map at a Brazil conference that mislabeled every African country, a blunder that damaged official credibility on its own terms. Not all of this was planned. Some of it was carelessness. In public life, carelessness can serve power too, because it weakens the habit of expecting precision from those who govern.</p>
<p>The courts remained active, though unevenly so. Judge Kymberly Evanson temporarily blocked the Education Department from terminating certain grants. A federal judge halted changes to the federal vaccine schedule and paused the advisory committee’s work. A school district sued the Education Department over OCR enforcement tied to executive orders, and other judges kept injunctions in place against DHS and ICE actions. These rulings showed that legal structure still had force where judges were willing to use it.</p>
<p>Yet the same judiciary also left major administration aims intact or narrowed review in ways that favored power. The D.C. Circuit affirmed denial of a preliminary injunction against the mail-voting order on ripeness grounds, leaving challengers without immediate relief. The Supreme Court allowed TPS terminations to proceed. The First Circuit’s remand in the South Sudan TPS case reflected how higher-court doctrine had narrowed lower-court review of executive immigration decisions. The Court denied stays and certiorari in three death penalty cases. The president also asked the Supreme Court to review the defamation verdict against him, another sign of how elite litigants can extend battle through the highest forum.</p>
<p>This mixed pattern mattered. Courts were still one of the few places where federal action could be slowed, paused, or exposed. But the checking power was piecemeal. It depended on forum, posture, timing, and doctrine. That is real resistance, though not a settled barrier. In Week 80, the judiciary looked less like a wall than a field of scattered gates, some shut, some open.</p>
<p>Behind the louder state actions sat the older structure of money and platform power. Elon Musk’s super PAC planned to spend up to $120 million on midterm races, a reminder that concentrated wealth can shape electoral competition at national scale. At the same time, the Democratic National Committee was asking vendors to delay billing because of debt and financial strain. The contrast mattered. One side’s abundance and the other side’s weakness did not decide any race this week. They helped define the field on which future races will be fought.</p>
<p>Platform power worked in the same direction. Meta partnered with Newsmax to use its content for AI training, giving a low-credibility outlet a larger role in shaping machine-generated information across major platforms. Unsupported claims about signatures from 9/11 families against Mayor Mamdani circulated and were amplified through media channels. Reporting also described donation suspensions, deceptive campaign operations, and restored ballots in North Carolina. These were not identical events. They shared a structure: money and scale determine which claims travel, which campaigns endure, and which corrections arrive too late.</p>
<p>This final development was less dramatic than the week’s fights over deportation, war, or museums. It was more basic. Wealth, party capacity, and platform design shape the conditions under which all the other struggles occur. The winners were large donors, scalable outlets, and firms that can turn partisan content into system-wide training material. The losers were weaker parties, local truth, and the hope that public debate can remain proportionate to evidence rather than to capital.</p>
<p>Week 80 did not bring a single break with the past. It showed something colder. Public power was used to sort friends from enemies, to press institutions of memory, to narrow voting access, to widen immigration coercion, and to shield the executive from clear view. Resistance remained visible in courts, in some Senate delay, in local organizing, and in a few state and lower-court defenses of ballot access and rights. But the week’s deeper fact was that these defenses were mostly reactive. The initiative stayed with those willing to treat law, administration, and history as tools to be bent. That is how erosion deepens when it no longer needs spectacle.</p>
","Week 80 brought little spectacle but steady consolidation: the White House pressured the Smithsonian, voting restrictions advanced, immigration coercion widened, and executive discretion expanded. Courts and some senators slowed parts of the agenda, but mostly from a defensive posture. The Democracy Clock remained at 7:44 p.m., edging forward by 0.1 minutes.","2026-08-02 16:24:57","post","","https://thedemocracyclock.com/wp-content/uploads/week80-narrative-featured.jpg","week80-narrative-featured.jpg","","","","","","","https://thedemocracyclock.com/wp-content/uploads/week80-narrative-featured.jpg","https://thedemocracyclock.com/wp-content/uploads/week80-narrative-featured.jpg","Week","","publish","","","","","","","","","","","","","","","1","80","20260725","20260731","July 25 - 31, 2026","463.8","463.9","0","7:44 p.m.","7:44 p.m.","Democratic Fragility","Authoritarian traits systemically present; outcomes increasingly distorted.","This was a high-pressure week defined by executive overreach, election restriction efforts, politicization of justice, and an unusually explicit campaign to control national memory. The strongest structural signal came from the convergence of multiple fronts: the administration sought to tighten mail-voting rules through legislation and emergency appeals; admitted in court that federal grant cuts were based on partisan voting patterns; continued using war powers and tariff authorities in ways that bypass or strain congressional limits; and pressed a broad ideological intervention into the Smithsonian and historic-preservation processes. At the same time, immigration enforcement and detention produced repeated due-process and abuse concerns, while the Todd Blanche nomination and Trump tax-immunity dispute highlighted the fusion of personal legal protection with control over the Justice Department. Courts provided some countervailing checks, especially on election administration and vaccine policy, but the week’s net effect was still strongly corrosive: it showed a governing style that treats law, administration, and public history as instruments of partisan and personal power rather than neutral democratic infrastructure.","The Democracy Clock remained publicly at 7:44 p.m. from the prior week to the end of Week 80. Its measured movement was a slight 0.1-minute worsening, signaling consolidation of existing patterns rather than a dramatic break.","The weekly net change was small in clock terms because the period reinforced already-established patterns rather than introducing a single rupture.
Twenty-three tracked traits worsened, with the strongest movement in partisan use of federal power, memory control, executive overreach, and voting restrictions.","False","The week showed continued erosion of the moral floor through ordinary legal and administrative forms rather than open rupture. Executive power was used to reward allies, pressure institutions of memory, narrow ballot access, harden immigration coercion, and preserve personal legal shelter, while public information around war, security, and history remained unstable or politically managed. Courts, some legislators, and civil society still imposed partial checks, but the dominant pattern was normalization of ethically thin governance across several domains at once.","Near-stasis on the clock masked a broad consolidation: multiple institutions absorbed pressure at once, while resistance remained real but mostly reactive.","23","148","2026-07-25, 2026-07-26, 2026-07-27, 2026-07-28, 2026-07-29, 2026-07-30, 2026-07-31, 50501, 7:44 p.m., A 15-year-old suspect, A Change.org petition organizer and media outlets, A Secret Service agent and two others, A coroner in Cheshire, A court filing, A court-appointed monitor, A federal judge, A judge, Activists, Amazon and Walmart, An Indiana judge, An appeals court, Analysts and advocates, Apache Stronghold and allied Native groups, Brazil's Foreign Ministry, Civil Rights and Dissent, Congressional committees and Smithsonian director Anthea Hartig, Corporations, super PAC operators, election officials, and journalists, Darden Restaurants, Kroger, and the Social Security Administration, Dr. Anthony Fauci, Economic Structure, Election organizers in North Carolina, Elon Musk's super PAC, Emily Moreno, Engaged Defenders 4 Democracy, Five conservation groups, Former DOJ lawyer Liz Oyer, Former FCC officials, Francisco Longoria and his family, Governor Andy Beshear, Governor Tina Kotek, His continued absence affected Senate voting capacity and showed how individual incapacity can disrupt legislative functioning., House Minority Leader Hakeem Jeffries, House Republicans, Hundreds of Jordanians, ICE, Information, Memory and Manipulation, Institutions and Governance, Judge Cobb, Judge Cronan, Judge Emmet Sullivan, Judge Kymberly Evanson, Judge Whitehead, Justice Neil Gorsuch, Kidnappers in California, Lawmakers, Lineage Logistics, Mandela Barnes, Mayor Zohran Mamdani, Meta, Michigan representatives, New Jersey Governor Mikie Sherrill, Ohio officials, Organizers and South Bay officials, PA_001, PA_002, PA_003, PA_004, PA_005, Pete Buttigieg and others, Planned Parenthood Federation of America, Power and Authority, President Trump, President Trump and Secret Service agents, Reform advocates, Republicans, Seattle police, Senate Republicans, Senator Mitch McConnell's office, Seven environmental groups, St. Paul officials, Taylor Farms, The 250 to 250 Project and its narrators, The Advisory Council on Historic Preservation, The Board of Education of Jefferson County School District, The CDC, The Center for Biological Diversity and Sierra Club, The Centers for Disease Control and Prevention, The Commerce Department and market observers, The D.C. Circuit, The DEA, The Democracy Docket article, The Democratic National Committee, The Department of Health and Human Services, The District of Columbia, The EPA, The EPA, Department of Energy, Department of War, and Nuclear Regulatory Commission, The FBI, The FCC, The FDA, The Federal Open Market Committee, The First Circuit, The House Oversight Committee, The House used legislative procedure to attach election rules to must-pass defense legislation, testing institutional safeguards around voting access., The Justice Department, The Kansas Court of Appeals, The Office of Refugee Resettlement and ICE, The Out Loud report, The Pentagon, The President, The Second Circuit, The Senate, The Senate Judiciary Committee, The Senate Judiciary Committee and Republican senators, The South Korean government, The State Department, The Supreme Court, The Trump administration, The Trump administration and Koch Industries, The White House, The White House Domestic Policy Council, The White House Office of Administration, The actions adjusted regulatory burdens and safety timelines for agriculture and chemical users, affecting how public health protections are implemented in markets., The actions shaped who can enter trials and seek experimental treatment, affecting fairness and access in the health care system., The actions used peaceful public assembly to mobilize civic participation and keep democratic concerns visible before the elections., The admission showed federal spending power being used to reward allies and punish opposition-led states, weakening neutral administration of public funds., The allegations pointed to discriminatory enforcement culture inside immigration operations and strengthened claims of unequal treatment under law., The allegations suggested information-gathering and criminal process were being used in a politically charged way against a prominent critic., The analysis pointed to ongoing conflicts over election rules and public response that bear on access to the ballot., The analysis showed private labor practices shifting health costs onto taxpayers, illustrating how corporate wage structures can burden public systems., The arrest raised accountability concerns when a federal protective service employee was implicated in serious off-duty violence., The assessment showed costly coercive policy failing to change supply conditions, raising accountability questions about resource use and strategy., The attack threatened the safety of public workers and tested the state's duty to protect civil administration from coercive violence., The award directed federal funds to public health workforce training and showed how grant design shapes public capacity and institutional dependence., The bill showed Congress using appropriations and legislation to address a regional environmental problem with public resource implications., The boycott used collective withdrawal to contest governance changes in a major international institution., The campaign focused public pressure on a key confirmation process that shapes control of federal law enforcement and legal accountability., The campaign showed how sustained political targeting can chill expert participation and distort public debate around health policy., The case highlighted the public safety burden of illegal weapons and the state's role in protecting people in shared civic spaces., The choice left an existing constitutional ruling in place and shaped the administration's legal posture on citizenship policy., The cited cases highlighted how elite financial ties and corporate choices can shape public spending and sanctions policy beyond ordinary public control., The classification set the regulatory path for a medical device and influenced how quickly new treatment tools can enter the market., The classifications shaped market entry rules for health products and showed regulators balancing access, safety, and industry burden., The comments undercut a coordinated warning about critical infrastructure threats and muddied public understanding of a security risk., The complaint challenged whether executive agencies lawfully rewrote habitat rules in ways that favored industry influence., The complaint challenged whether federal civil rights enforcement was being used lawfully in schools, putting agency authority under court review., The complaint sought judicial review of a broad permitting tool that affects how agencies authorize major infrastructure with limited case-by-case scrutiny., The confirmation placed a presidential ally atop the intelligence apparatus, affecting institutional independence and oversight of national security information., The coverage made a contested detention project visible to the public and helped frame debate over state power and immigrant treatment., The criticism highlighted a transparency dispute over military casualties and the public's ability to scrutinize wartime decisions., The deal gave a low-credibility outlet a larger role in shaping AI-generated information across major platforms., The decision left challengers without immediate relief while preserving the possibility of later review if agencies implemented the order., The decision shaped borrowing costs and inflation management, affecting economic conditions that influence public confidence and state capacity., The decision showed a governor using executive authority over state assets to shape development in line with community and resource concerns., The decisions shaped the legal boundary between state and federal authority over firearms and will guide future lawmaking and litigation., The delay showed the Senate using confirmation leverage to demand changes to a disputed executive settlement tied to Trump's personal interests., The demand framed representation as a public right, arguing that constituents deserve proof that an absent senator can still perform the office., The demand pressed the Senate to change its own rules for a voting bill, testing separation between executive influence and legislative procedure., The denial pushed back against perceived foreign interference in an election system and defended domestic control over democratic procedures., The denials ended immediate judicial review in capital cases and underscored the Court's gatekeeping role over final state punishment., The designation expanded compensation eligibility for workers exposed to hazardous conditions, strengthening economic protection tied to occupational harm., The determination used formal executive-branch process to advance a major foreign policy agreement with security and oversight implications., The developments showed state governance choices shaping whether public schools can reliably provide core services and equal access., The dismissal eased a case seen as chilling protest activity and underscored the legal stakes around policing dissent during immigration actions., The dismissal ended a case testing whether a federal advisory body met balance and standing requirements under governing law., The draft evaluation opened the path to future regulation of a hazardous chemical, affecting industry obligations and public health safeguards., The episode showed how unsupported claims can spread through media channels and distort public judgment about a political figure., The error damaged official credibility and showed how poor information practices can weaken diplomatic communication., The exclusion reduced public visibility into high-level diplomacy and limited independent reporting on executive decision-making., The false claim injected misinformation into a tense foreign policy moment and risked confusing the public about real state authority., The fight over the nation's top law enforcement post carried direct consequences for civil rights enforcement and public accountability., The filing affected compliance costs and administrative oversight in a communications market that underpins public access and competition., The filing affected how research oversight is administered and how scientific institutions meet federal compliance requirements., The filing brought allegations of domestic abuse into public view and raised representation and accountability concerns for an elected official., The filing reflected routine administrative oversight of agency paperwork demands and the formal checks built into federal rule administration., The filing tested whether corporate rebuilding could move ahead despite unresolved public health and regulatory concerns at the site., The filing warned that license scrutiny over alleged bias could chill broadcasters and turn regulation into pressure on editorial independence., The filings affected administrative burdens in telecommunications and preserved formal channels for public input on regulatory paperwork., The findings allowed listed chemicals to proceed under federal review, shaping the balance between industrial activity and precautionary oversight., The findings showed detained immigrants facing unsafe conditions despite a judicial order, exposing weak protection of rights in custody., The guidances shaped how generic drugs reach market, affecting competition, pricing, and access to medicines., The hearing highlighted friction between congressional investigative power and individual constitutional protections in a politicized oversight setting., The hearings brought a cultural institution under direct political scrutiny, showing Congress using oversight to pressure public historical interpretation., The information sharing turned a child welfare system into an enforcement pipeline, weakening trust and due process for vulnerable families., The initiative used public retail power to improve affordability of basic goods and expand economic access for residents., The inquiry addressed whether a federal enforcement agency failed to screen for abuse risks, affecting trust in coercive state power., The inquiry tested whether local government would investigate misconduct claims against a sitting mayor and protect workplace rights., The law limited the use of personal data in consumer pricing, reducing a market practice that can deepen unequal treatment and opaque economic power., The lawmaking episode showed one-party control being used to enact large social policy changes with long-term effects on public governance., The lawsuit alleged racial profiling and excessive force by immigration agents, raising due process and bodily security concerns., The lawsuit challenged whether an agency used grant conditions to impose political priorities beyond statutory limits., The letter was a form of public dissent aimed at foreign military presence and showed civic pressure on security policy., The litigation sought to protect Indigenous religious practice and land rights against a federal land transfer to mining interests., The maneuver aimed to influence who governs a major cultural institution, extending political control over public memory through appointments., The move suggested executive officials were pressing ahead on a disputed project while sidestepping ordinary oversight and preservation review., The nomination determined who would represent one major party in a key race, affecting voter choice and political representation., The notice affected how the agency gathers licensing information and invited public input on administrative burdens and regulatory design., The notice asserted broad presidential war authority and narrowed Congress's practical role in authorizing ongoing hostilities., The notice concerned oversight of emergency calling compliance and kept a public process open around communications safety rules., The notice opened a formal rulemaking channel on how emergency information reaches disabled audiences, reinforcing procedural participation in communications policy., The notice preserved a formal public process for changes to national health coding standards that shape administration and data governance., The notices affected how environmental compliance data is gathered, influencing both public oversight and the administrative costs of regulated activity., The notices maintained public visibility into environmental review and state-federal air quality governance., The notices set major compliance costs across drug, device, food, and importer sectors while extending input on a food additive safety review., The opposition asserted Congress's role in approving federal commemorative works and challenged executive efforts to bypass legal process., The order changed how city executive power was used over permits and fees, affecting the balance between administrative control and local economic access., The order checked agency power by requiring the government to follow lawful standards before cutting previously awarded funds., The order protected worship access and limited immigration enforcement practices that burdened religious participation., The order reinforced judicial oversight of executive secrecy and required the government to justify its redactions in court., The order showed courts checking executive and agency changes to expert public health processes when legality was in doubt., The order used presidential authority to steer scientific and public health guidance, increasing political control over expert policy processes., The order used presidential power to shape public history at a national institution and steer how citizens encounter the historical record., The party's cash shortage affected its capacity to support candidates, showing how organizational finance can shape electoral competition., The petition sought top-court intervention in a case involving a former president, underscoring how elite litigants can extend legal battles through institutional appeals., The planned enforcement surge threatened family stability and legal security for a large immigrant community newly exposed to removal., The planned rollback used executive power to reverse a major affordability protection, affecting access to medicine for older and vulnerable residents., The planned spending showed how concentrated private wealth can shape electoral competition and amplify unequal political influence., The planned suit challenged alleged police overreach and sought accountability for arrests and searches that ended without charges., The pledge outlined institutional reforms aimed at tightening ethics and accountability rules across Congress and the judiciary., The practice raised grave concerns about bodily autonomy, coercion, and the rights of people held in immigration detention., The project used civic storytelling to widen public memory of rights struggles and inclusion, supporting democratic participation through shared history., The proposal linked market access to national security review, showing how economic regulation can be used to reshape supply chains., The prosecution raised questions about juvenile justice, gun violence, and how the legal system handles severe harm in public spaces., The protest used public assembly to resist expansion of immigration detention and connect present policy to past civil liberties abuses., The purchase raised accountability concerns about executive spending priorities and the use of public funds for high-cost official consumption., The push reflected an active institutional debate over how to rebalance judicial authority within the constitutional system., The refusal showed presidential power being used to preserve personal legal protections, blurring the line between public office and private interest., The release used congressional oversight to expose information about elite networks and test public accountability through disclosure., The remand showed higher-court doctrine narrowing lower-court review of executive immigration decisions., The remarks entered a live struggle over public memory and defended fuller historical inquiry against selective narrative control., The report sought to recast a national museum's historical narrative through executive messaging, pressuring public memory from above., The report used executive policy machinery to pressure a public institution's content, showing how administrative tools can be aimed at cultural governance., The request raised concerns that executive influence could distort public health decisions and weaken the independence of safety enforcement., The request raised privacy concerns and showed election-related law enforcement reaching into personal digital data., The request sought to narrow ballot access through federal intervention in state election procedures before the midterms., The resolution used a formal Senate statement to signal limits on acceptable use of presidential clemency in a high-profile abuse case., The restriction showed regulators intervening to curb speculative finance and reduce systemic instability in a major market., The restructuring changed how executive authority was organized inside a major regulator, affecting internal control over public health administration., The revisions affected how war costs were reported to the public and Congress, complicating oversight of ongoing military operations., The rules changed how a key regulator balances national security review with infrastructure approvals for critical communications systems., The rules reallocated valuable spectrum and hardened emergency communications infrastructure, shaping both market structure and public resilience., The ruling challenged prior official handling of a death case and raised accountability questions about justice across jurisdictions., The ruling expanded judicial consideration of how religious liberty arguments can shape public health and criminal law disputes., The ruling maintained a court-imposed limit on agency action and rejected an effort to dissolve existing judicial protection., The ruling paused litigation while preserving an existing restraint on agency action, showing courts managing both process and interim accountability., The ruling preserved a judicial check on federal involvement in state election administration and limited immediate executive reach over voting systems., The ruling protected an existing election administration rule and limited an effort to discard valid mailed votes., The ruling protected bodily autonomy and religious exercise against a sweeping abortion restriction., The ruling stripped legal protection from large immigrant groups and exposed them to detention, deportation, and loss of work authorization., The sentence showed how courts classify violence against religious sites, affecting recognition of bias harms and minority protection., The stance preserved an existing Senate rule and showed internal limits on efforts to change legislative procedure for election-related bills., The suit challenged alleged collaboration between private contractors and the government in deportations that bypassed due process and bodily security., The suit challenged whether an executive agency could relocate a major federal office without following statutory and review requirements., The suit sought judicial review of a federal land-use approval and tested whether agencies followed required environmental procedures., The tactic increased the risk of family separation and punished people caught in administrative delays within the immigration system., The tariffs extended unilateral executive control over trade and revenue policy after prior legal setbacks, testing limits on presidential economic power., The threats showed how participation in a public accountability process can trigger intimidation that chills dissent and testimony., The training aimed to strengthen citizen capacity to protect voting access and calm conflict around election administration., The update moved an immigration-related appeal back into active judicial review after a Supreme Court ruling changed the legal landscape., The update revised technical standards for radiation surveys, affecting how agencies and contractors document environmental safety and compliance., The vote left broad war-making discretion with the executive and showed Congress declining to reassert its institutional role over hostilities., The vote would reduce required public input and agency review for effects on historic properties, weakening procedural accountability., The weaker growth figures signaled economic strain that can narrow fiscal room and affect public trust in governing performance., The withdrawal narrowed voter choice in a major state race and changed the field of democratic representation., These actions used federal regulatory power to set pollution rules and allocate cleanup costs, shaping environmental burdens across communities and industries., These cases showed how scrutiny can alter employer benefits and public service access, affecting workers and beneficiaries through institutional accountability., These debates focused on how public investment, fiscal choices, and privatization shape access to infrastructure, health care, and long-term economic capacity., These episodes showed how money, deception, and corrective oversight can each alter whether voters receive fair representation and accurate vote counts., Tom Homan, Troy Jackson, Two men in Arizona, UEFA's member federations, Venezuelan men, Week 80 – 2026-07-25–2026-07-31, admitted in court that it cut clean energy grants based on states' 2024 voting behavior, adopted new submarine cable licensing rules with security conditions and faster review paths, advanced and discussed school transportation and funding changes affecting districts, affirmed the denial of a preliminary injunction against Trump's mail-voting order on ripeness grounds, alleged that ICE agents used racial slurs during Los Angeles operations, allowed Safehouse to proceed with a religious liberty claim over a proposed overdose prevention site, allowed the Trump administration to terminate TPS for Haitians and Syrians, announced Revision 2 of the Multi-Agency Radiation Survey and Site Investigation Manual, announced a public ICD-10 Coordination and Maintenance Committee meeting, announced an agency reorganization to centralize functions across the agency, announced an investigation into ICE officer vetting after a fatal shooting in Maine, announced lower prices on essential goods at city-run grocery stores, announced multiple fiscal year 2027 user fee rates and reopened comment on BHT safety information, announced plans to end a Medicare drug subsidy program that capped out-of-pocket costs, announced plans to file a wrongful arrest lawsuit over the Nancy Guthrie investigation, announced revised draft guidances for generic drug bioequivalence studies, approved a nuclear cooperation agreement with Saudi Arabia, approved air plan revisions in California and New Hampshire and proposed a CERCLA settlement in Massachusetts, asked the Supreme Court to let restrictive mail-voting rules take effect, asked the Supreme Court to review the defamation verdict against him, asked the White House to delay a cyclospora recall announcement, asked vendors to delay billing because of financial strain and debt, awarded a sole-source cooperative agreement to the Public Health Foundation, barred the press from Oval Office meetings with Zelenskyy and Netanyahu, began arresting immigrants at airports whose visas had expired, including some with pending applications, began preparations to paint the Eisenhower Executive Office Building despite ongoing legal objections, blocked the state's near-total abortion ban for plaintiffs with conflicting religious beliefs, blocked warrantless ICE enforcement near some churches involved in litigation, circulated and amplified unverified claims about 9/11 family signatures against Mayor Mamdani, claimed he personally controlled the Strait of Hormuz, classified a phase-changing fiducial marker for radiation therapy into class II, classified two new medical devices into class II with special controls, confirmed Jay Clayton as director of national intelligence, continued lawsuits to stop mining at Oak Flat, continued public attacks on Dr. Fauci amid the release of his private diary, continued pushing proposals to reduce the Supreme Court's power, criticized the administration for withholding the names of U.S. service members killed in Iran, demanded that Senate Republicans end the filibuster to pass the SAVE America Act, demanded that Senator McConnell show he could still serve or resign, democracydocket, denied stays of execution and certiorari in three death penalty cases, denied visas to U.S. officials who planned to question Brazil's electoral system, described voting-rights disputes involving New Jersey and California, designated Savannah River Site construction workers for the Special Exposure Cohort, did not seek Supreme Court rehearing in the birthright citizenship case, dismissed allegations of Iranian cyberattacks on Minnesota water systems and blamed state officials, dismissed the challenge to the Religious Liberty Commission's membership, displayed a map at a Brazil conference that mislabeled every African country, expanded Upper C-band use for wireless services and strengthened cybersecurity rules for the Emergency Alert System, faced a standoff over Todd Blanche's nomination for attorney general, federalregister, filed for a restraining order against Representative Max Miller, filed objections to the FCC's review of ABC broadcast licenses, filed suit against the Army Corps over Nationwide Permit 12 for pipeline crossings, filed to rebuild its fire-damaged Los Angeles warehouse before cleanup was complete, guardian, halted changes to the federal vaccine schedule and paused the advisory committee's work, hcr, held and participated in hearings over the museum's portrayal of American history, held two U.S. Forest Service workers hostage before surrendering, highlighted plans for an ICE detention center in Winton and the organizing response around it, imposed new tariffs on goods from dozens of countries under claimed forced-labor authority, introduced a bill to fund invasive mussel control in the Great Lakes, invoked the Fifth Amendment and declined to answer questions at a Senate Covid hearing, issued an executive order directing HHS to align U.S. vaccine recommendations with peer nations, issued final guidance on cancer trial eligibility and sought comment on expanded access to investigational drugs, issued pesticide tolerance corrections and extended compliance dates for PCE and CTC rules, issued rulings in major gun rights cases, justsecurity, kept a preliminary injunction in place in a case against DHS, lifted the abeyance in Doe v. Mullin and set a briefing schedule, meidas, moved to dismiss charges against union leader David Huerta over his protest arrest, moved to restrict leveraged single-stock ETFs after a market crash, noah, notified Congress about military action in Iran while claiming the War Powers deadline did not apply, obtained a South Carolina voter's IP address in a voter fraud investigation, opened an inquiry into sexual harassment allegations against Mayor Kaohly Her, opposed the proposed triumphal arch project near Arlington National Cemetery, ordered 250 Cadillac Escalades for government use, ordered temporary signs outside the Smithsonian National Museum of American History accusing it of inaccuracy and calling for exhibit renovation, ordered the Justice Department to produce unredacted Epstein-related records for private review, organized daily street protests and bridge brigades, outloud, partnered with Newsmax to use its content for AI training, passed a defense bill merged with voting restrictions on mail ballots and voter ID, passed a resolution opposing any pardon for Ghislaine Maxwell, planned to spend up to $120 million on midterm races, pledged reforms on Supreme Court ethics, stock trading, and price gouging at a rally, popinfo, postponed and then canceled a vote on Todd Blanche's attorney general nomination, prepared to expand arrests and deportations of Haitians after TPS protections ended, published April findings on new chemicals and significant new uses under TSCA, published discussions on rail costs, national debt, European software policy, and WakeMed privatization, published notice of environmental impact statements and updated Rhode Island SIP materials, rallied against a planned ICE detention facility near Gilroy, recovered illegal firearms after a mass shooting at a food festival, refused to end a tax immunity agreement and related settlement fund tied to his tax records case, refused to stay an injunction blocking parts of Trump's election administration order, rejected a resolution to limit Trump's authority to continue military operations in Iran, released Kathryn Ruemmler's testimony transcript about her ties to Jeffrey Epstein, released a draft risk evaluation for 1,1,2-trichloroethane, released a report attacking the Smithsonian's portrayal of American history, released a report criticizing the Smithsonian's historical presentation, released and presented videos on disability rights, women's representation, public health advocacy, Hispanic veterans, desegregation, rebellion, LGBTQ representation, Jewish history, feminism, and American culture, remanded a case over South Sudan TPS after an intervening Supreme Court ruling, reported second-quarter GDP growth of 1.5 percent, below expectations, reported that military strikes had not reduced cocaine trafficking into the United States, reported that the California City ICE facility failed to meet court-ordered health care standards, requested comments and OMB review on additional information collections, requested comments on Enhanced 911 information collections, requested comments on revisions to FCC Form 601 licensing collections, resisted ending the filibuster to pass the SAVE Act despite pressure from Trump, revised casualty figures and categories for the Iran conflict, ruled Lucy Harrison's death an unlawful killing, said Americans should study history with both its flaws and achievements, said he remained unable to return to Senate duties after his fall, scheduled training for poll workers, election advocates, and de-escalation teams, scotusblog, scotusorders, secured the Democratic nomination for Maine's Senate race at the party convention, sentenced a man for ramming a car into a Brooklyn synagogue without treating it as a hate crime, shared leads that contributed to thousands of immigration arrests, including children and sponsors, signed a law banning surveillance pricing for identical products, signed an executive order to ease regulations and fees for small businesses in New York City, signed an open letter demanding that U.S. troops leave Jordan, sought comment on restricting certain foreign-made drones and components, sought comments on emergency information accessibility requirements, sought comments on groundwater monitoring, academic laboratory waste rules, land disposal restrictions, pesticide establishment reporting, and NPDES collections, stayed deadlines in a case against ICE while leaving challenged policies enjoined, subjected at least one detained hunger striker to forced medical treatment, submitted a VoIP numbering information collection to OMB, submitted a paperwork request on radioactive drug research committees for OMB review, submitted an information collection request to OMB for review, sued HHS over conditions in a Title X funding notice, sued HUD over its plan to move headquarters to Virginia, sued ICE and CBP over a shooting, detention, and dropped charges, sued Interior Secretary Doug Burgum over revised Endangered Species Act habitat rules, sued aviation companies over flights that took them to a prison in El Salvador, sued the Bureau of Land Management over a Mojave Trails pipeline approval, sued the Education Department over OCR enforcement tied to Trump's executive orders, temporarily blocked the Education Department from terminating certain grants, terminated the sale of state-owned land for a Salem data center project, testified against Todd Blanche's nomination and then reported receiving death threats, upheld the counting of timely postmarked mail ballots that arrived after Election Day, urged senators to oppose Todd Blanche's nomination for attorney general, voted to advance revisions to Section 106 review requirements, voted to boycott the World Cup over FIFA's proposed private stake sale, voted to hold interest rates steady, was charged in the Seattle festival shooting case, was reported to be delaying Smithsonian Board of Regents nominations to shape the board's composition, were accused of directing surveillance and a prosecution against James Comey over a social media post, were arrested over violent hazing in Miami, were described as having changed or canceled policies after public pressure and reporting, were described as having passed the One Big Beautiful Bill Act with major Medicaid cuts, were described in prior reporting as having taken actions with major economic and geopolitical effects, were described in reporting on donation suspensions, deceptive campaign operations, and restored North Carolina ballots, were identified as major employers whose low wages left many workers on Medicaid, withdrew from Wisconsin's Democratic primary for governor, wk080-0001, wk080-0002, wk080-0003, wk080-0004, wk080-0005, wk080-0006, wk080-0007, wk080-0008, wk080-0009, wk080-0010, wk080-0011, wk080-0012, wk080-0013, wk080-0014, wk080-0015, wk080-0016, wk080-0018, wk080-0019, wk080-0025, wk080-0027, wk080-0028, wk080-0029, wk080-0030, wk080-0031, wk080-0032, wk080-0033, wk080-0034, wk080-0035, wk080-0036, wk080-0037, wk080-0039, wk080-0040, wk080-0041, wk080-0042, wk080-0043, wk080-0044, wk080-0045, wk080-0046, wk080-0047, wk080-0048, wk080-0049, wk080-0050, wk080-0051, wk080-0052, wk080-0054, wk080-0055, wk080-0057, wk080-0058, wk080-0059, wk080-0060, wk080-0061, wk080-0062, wk080-0063, wk080-0066, wk080-0067, wk080-0068, wk080-0069, wk080-0070, wk080-0071, wk080-0072, wk080-0073, wk080-0074, wk080-0075, wk080-0076, wk080-0077, wk080-0078, wk080-0079, wk080-0080, wk080-0081, wk080-0082, wk080-0083, wk080-0084, wk080-0085, wk080-0086, wk080-0087, wk080-0088, wk080-0089, wk080-0090, wk080-0091, wk080-0092, wk080-0093, wk080-0094, wk080-0106, wk080-0107, wk080-0108, wk080-0109, wk080-0111, wk080-0112, wk080-0113, wk080-0114, wk080-0115, wk080-0116, wk080-0117, wk080-0118, wk080-0119, wk080-0120, wk080-0121, wk080-0122, wk080-0123, wk080-0124, wk080-0125, wk080-0126, wk080-0127, wk080-0129, wk080-0130, wk080-0131, wk080-0132, wk080-0133, wk080-0134, wk080-0135, wk080-0136, wk080-0137, wk080-0138, wk080-0139, wk080-0140, wk080-0141, wk080-0142, wk080-0143, wk080-0144, wk080-0145, wk080-0146, wk080-0147, wk080-0151, wk080-0153, wk080-0154, wk080-0155, wk080-0156, wk080-0157, wk080-0158, wk080-0159, wk080-0160, wk080-0161, wk080-0162, wk080-0163, wk080-0164, wk080-0165, wk080-0166, wk080-0167, wk080-0168, wk080-0169, wk080-0170, wk080-0171, wk080-0173, wk080-0174, wk080-0175, wk080-0176, wk080-0177, wk080-0178, wk080-0179, wk080-0180, wk080-0181, wk080-0182, wk080-0183, wk080-0184, wk080-0185, wk080-0186, wk080-0187, wk080-0190, wk080-0191, wk080-0193, wk080-0194, wk080-0195, wk080-0196, wk080-0197, wk080-0198, wk080-0199, wk080-0200, wk080-0201, wk080-0202, wk080-0203, wk080-0204, wk080-0205, wk080-0206, wk080-0207, wk080-0208, wk080-0209, wk080-0210, wk080-0211, wk080-0212, wk080-0213, wk080-0214, wk080-0215, wk080-0216, wk080-0217, wk080-0218, wk080-0219, wk080-0220, wk080-0221, wk080-0222, wk080-0223, wk080-0224, wk080-0225, wk080-0226, wk080-0227, wk080-0228, wk080-0229, wk080-0238, wk080-0240, wk080-0244, wk080-0245, wk080-0246, wk080-0247, wk080-0248, wk080-0249, wk080-0250, wk080-0251, wk080-0252, wk080-0253, wk080-0254, wk080-0255, wk080-0256, wk080-0257, wk080-0258, wk080-0259, wk080-0260, wk080-0261, wk080-0262, wk080-0263, wk080-0264, wk080-0265, wk080-0266, wk080-0267, wk080-0268, wk080-0269, wk080-0271, wk80_CR_001, wk80_CR_002, wk80_CR_003, wk80_CR_004, wk80_CR_005, wk80_CR_006, wk80_CR_007, wk80_CR_008, wk80_CR_009, wk80_CR_010, wk80_CR_011, wk80_CR_012, wk80_CR_013, wk80_CR_014, wk80_CR_015, wk80_CR_016, wk80_CR_017, wk80_CR_018, wk80_CR_019, wk80_CR_020, wk80_CR_021, wk80_CR_022, wk80_CR_023, wk80_CR_024, wk80_CR_025, wk80_CR_026, wk80_CR_027, wk80_CR_028, wk80_CR_029, wk80_CR_030, wk80_CR_031, wk80_CR_032, wk80_CR_033, wk80_CR_034, wk80_CR_035, wk80_CR_036, wk80_CR_037, wk80_CR_038, wk80_CR_039, wk80_CR_040, wk80_CR_041, wk80_ES_001, wk80_ES_002, wk80_ES_003, wk80_ES_004, wk80_ES_005, wk80_ES_006, wk80_ES_007, wk80_ES_008, wk80_ES_009, wk80_ES_010, wk80_ES_011, wk80_ES_012, wk80_ES_013, wk80_ES_014, wk80_ES_015, wk80_ES_016, wk80_ES_017, wk80_ES_018, wk80_ES_019, wk80_ES_020, wk80_ES_021, wk80_ES_022, wk80_ES_023, wk80_ES_024, wk80_ES_025, wk80_ES_026, wk80_ES_027, wk80_ES_028, wk80_ES_029, wk80_ES_030, wk80_ES_031, wk80_ES_032, wk80_IG_001, wk80_IG_002, wk80_IG_003, wk80_IG_004, wk80_IG_005, wk80_IG_006, wk80_IG_007, wk80_IG_008, wk80_IG_009, wk80_IG_010, wk80_IG_011, wk80_IG_012, wk80_IG_013, wk80_IG_014, wk80_IG_015, wk80_IG_016, wk80_IG_017, wk80_IG_018, wk80_IG_019, wk80_IG_020, wk80_IG_021, wk80_IG_022, wk80_IG_023, wk80_IG_024, wk80_IG_025, wk80_IG_026, wk80_IG_027, wk80_IG_028, wk80_IG_029, wk80_IG_030, wk80_IG_031, wk80_IG_032, wk80_IG_033, wk80_IG_034, wk80_IG_035, wk80_IG_036, wk80_IG_037, wk80_IG_038, wk80_IG_039, wk80_IG_040, wk80_IG_041, wk80_IG_042, wk80_IG_043, wk80_IG_044, wk80_IG_045, wk80_IG_046, wk80_IG_047, wk80_IG_048, wk80_IG_049, wk80_IG_050, wk80_IM_001, wk80_IM_002, wk80_IM_003, wk80_IM_004, wk80_IM_005, wk80_IM_006, wk80_IM_007, wk80_IM_008, wk80_IM_009, wk80_IM_010, wk80_IM_011, wk80_IM_012, wk80_PA_001, wk80_PA_002, wk80_PA_003, wk80_PA_004, wk80_PA_005, wk80_PA_006, wk80_PA_007, wk80_PA_008, wk80_PA_009, wk80_PA_010, wk80_PA_011, wk80_PA_012, wk80_PA_013, zeteo","Week 80 Appendix: Pressure Through Ordinary Forms","<!-- Generated by build_publish_week_v1 (WordPress appendix HTML) -->

<p><em>Executive power, election restrictions, immigration coercion, and memory politics advanced together while courts and Congress offered only partial resistance.</em></p>
<p>This was a high-pressure week defined by executive overreach, election restriction efforts, politicization of justice, and an unusually explicit campaign to control national memory. The strongest structural signal came from the convergence of multiple fronts: the administration sought to tighten mail-voting rules through legislation and emergency appeals; admitted in court that federal grant cuts were based on partisan voting patterns; continued using war powers and tariff authorities in ways that bypass or strain congressional limits; and pressed a broad ideological intervention into the Smithsonian and historic-preservation processes. At the same time, immigration enforcement and detention produced repeated due-process and abuse concerns, while the Todd Blanche nomination and Trump tax-immunity dispute highlighted the fusion of personal legal protection with control over the Justice Department. Courts provided some countervailing checks, especially on election administration and vaccine policy, but the week’s net effect was still strongly corrosive: it showed a governing style that treats law, administration, and public history as instruments of partisan and personal power rather than neutral democratic infrastructure.</p>
<h3>Power and Authority</h3>
<ol>
<li>President Trump ordered temporary signs outside the Smithsonian National Museum of American History accusing it of inaccuracy and calling for exhibit renovation: The order used presidential power to shape public history at a national institution and steer how citizens encounter the historical record. (2026-07-25)</li>
<li>Mayor Zohran Mamdani signed an executive order to ease regulations and fees for small businesses in New York City: The order changed how city executive power was used over permits and fees, affecting the balance between administrative control and local economic access. (2026-07-25)</li>
<li>The Trump administration admitted in court that it cut clean energy grants based on states' 2024 voting behavior: The admission showed federal spending power being used to reward allies and punish opposition-led states, weakening neutral administration of public funds. (2026-07-25)</li>
<li>Taylor Farms asked the White House to delay a cyclospora recall announcement: The request raised concerns that executive influence could distort public health decisions and weaken the independence of safety enforcement. (2026-07-26)</li>
<li>The White House Office of Administration began preparations to paint the Eisenhower Executive Office Building despite ongoing legal objections: The move suggested executive officials were pressing ahead on a disputed project while sidestepping ordinary oversight and preservation review. (2026-07-26)</li>
<li>President Trump imposed new tariffs on goods from dozens of countries under claimed forced-labor authority: The tariffs extended unilateral executive control over trade and revenue policy after prior legal setbacks, testing limits on presidential economic power. (2026-07-27)</li>
<li>President Trump notified Congress about military action in Iran while claiming the War Powers deadline did not apply: The notice asserted broad presidential war authority and narrowed Congress's practical role in authorizing ongoing hostilities. (2026-07-27)</li>
<li>President Trump issued an executive order directing HHS to align U.S. vaccine recommendations with peer nations: The order used presidential authority to steer scientific and public health guidance, increasing political control over expert policy processes. (2026-07-28)</li>
<li>The FDA announced an agency reorganization to centralize functions across the agency: The restructuring changed how executive authority was organized inside a major regulator, affecting internal control over public health administration. (2026-07-29)</li>
<li>The Trump administration ordered 250 Cadillac Escalades for government use: The purchase raised accountability concerns about executive spending priorities and the use of public funds for high-cost official consumption. (2026-07-30)</li>
<li>President Trump refused to end a tax immunity agreement and related settlement fund tied to his tax records case: The refusal showed presidential power being used to preserve personal legal protections, blurring the line between public office and private interest. (2026-07-30)</li>
<li>Governor Tina Kotek terminated the sale of state-owned land for a Salem data center project: The decision showed a governor using executive authority over state assets to shape development in line with community and resource concerns. (2026-07-31)</li>
<li>The Trump administration announced plans to end a Medicare drug subsidy program that capped out-of-pocket costs: The planned rollback used executive power to reverse a major affordability protection, affecting access to medicine for older and vulnerable residents. (2026-07-31)</li>
</ol>
<h3>Institutions and Governance</h3>
<ol>
<li>House Republicans passed a defense bill merged with voting restrictions on mail ballots and voter ID: The House used legislative procedure to attach election rules to must-pass defense legislation, testing institutional safeguards around voting access. (2026-07-25)</li>
<li>House Minority Leader Hakeem Jeffries pledged reforms on Supreme Court ethics, stock trading, and price gouging at a rally: The pledge outlined institutional reforms aimed at tightening ethics and accountability rules across Congress and the judiciary. (2026-07-25)</li>
<li>The First Circuit refused to stay an injunction blocking parts of Trump's election administration order: The ruling preserved a judicial check on federal involvement in state election administration and limited immediate executive reach over voting systems. (2026-07-25)</li>
<li>Judge Emmet Sullivan ordered the Justice Department to produce unredacted Epstein-related records for private review: The order reinforced judicial oversight of executive secrecy and required the government to justify its redactions in court. (2026-07-25)</li>
<li>Pete Buttigieg and others criticized the administration for withholding the names of U.S. service members killed in Iran: The criticism highlighted a transparency dispute over military casualties and the public's ability to scrutinize wartime decisions. (2026-07-25)</li>
<li>The Pentagon revised casualty figures and categories for the Iran conflict: The revisions affected how war costs were reported to the public and Congress, complicating oversight of ongoing military operations. (2026-07-25)</li>
<li>The Advisory Council on Historic Preservation voted to advance revisions to Section 106 review requirements: The vote would reduce required public input and agency review for effects on historic properties, weakening procedural accountability. (2026-07-26)</li>
<li>Lawmakers opposed the proposed triumphal arch project near Arlington National Cemetery: The opposition asserted Congress's role in approving federal commemorative works and challenged executive efforts to bypass legal process. (2026-07-26)</li>
<li>Senator Mitch McConnell's office said he remained unable to return to Senate duties after his fall: His continued absence affected Senate voting capacity and showed how individual incapacity can disrupt legislative functioning. (2026-07-27)</li>
<li>Senate Republicans resisted ending the filibuster to pass the SAVE Act despite pressure from Trump: The stance preserved an existing Senate rule and showed internal limits on efforts to change legislative procedure for election-related bills. (2026-07-27)</li>
<li>President Trump demanded that Senate Republicans end the filibuster to pass the SAVE America Act: The demand pressed the Senate to change its own rules for a voting bill, testing separation between executive influence and legislative procedure. (2026-07-27)</li>
<li>Activists urged senators to oppose Todd Blanche's nomination for attorney general: The campaign focused public pressure on a key confirmation process that shapes control of federal law enforcement and legal accountability. (2026-07-27)</li>
<li>Five conservation groups filed suit against the Army Corps over Nationwide Permit 12 for pipeline crossings: The complaint sought judicial review of a broad permitting tool that affects how agencies authorize major infrastructure with limited case-by-case scrutiny. (2026-07-27)</li>
<li>The District of Columbia sued HUD over its plan to move headquarters to Virginia: The suit challenged whether an executive agency could relocate a major federal office without following statutory and review requirements. (2026-07-27)</li>
<li>Judge Cronan dismissed the challenge to the Religious Liberty Commission's membership: The dismissal ended a case testing whether a federal advisory body met balance and standing requirements under governing law. (2026-07-27)</li>
<li>Judge Kymberly Evanson temporarily blocked the Education Department from terminating certain grants: The order checked agency power by requiring the government to follow lawful standards before cutting previously awarded funds. (2026-07-27)</li>
<li>Judge Cobb stayed deadlines in a case against ICE while leaving challenged policies enjoined: The ruling paused litigation while preserving an existing restraint on agency action, showing courts managing both process and interim accountability. (2026-07-27)</li>
<li>The FCC sought comments on emergency information accessibility requirements: The notice opened a formal rulemaking channel on how emergency information reaches disabled audiences, reinforcing procedural participation in communications policy. (2026-07-27)</li>
<li>The FCC adopted new submarine cable licensing rules with security conditions and faster review paths: The rules changed how a key regulator balances national security review with infrastructure approvals for critical communications systems. (2026-07-27)</li>
<li>The FCC requested comments on revisions to FCC Form 601 licensing collections: The notice affected how the agency gathers licensing information and invited public input on administrative burdens and regulatory design. (2026-07-27)</li>
<li>The FCC requested comments on Enhanced 911 information collections: The notice concerned oversight of emergency calling compliance and kept a public process open around communications safety rules. (2026-07-27)</li>
<li>The FCC submitted an information collection request to OMB for review: The filing reflected routine administrative oversight of agency paperwork demands and the formal checks built into federal rule administration. (2026-07-27)</li>
<li>Congressional committees and Smithsonian director Anthea Hartig held and participated in hearings over the museum's portrayal of American history: The hearings brought a cultural institution under direct political scrutiny, showing Congress using oversight to pressure public historical interpretation. (2026-07-28)</li>
<li>An appeals court allowed Safehouse to proceed with a religious liberty claim over a proposed overdose prevention site: The ruling expanded judicial consideration of how religious liberty arguments can shape public health and criminal law disputes. (2026-07-28)</li>
<li>A federal judge halted changes to the federal vaccine schedule and paused the advisory committee's work: The order showed courts checking executive and agency changes to expert public health processes when legality was in doubt. (2026-07-28)</li>
<li>The Board of Education of Jefferson County School District sued the Education Department over OCR enforcement tied to Trump's executive orders: The complaint challenged whether federal civil rights enforcement was being used lawfully in schools, putting agency authority under court review. (2026-07-28)</li>
<li>The Center for Biological Diversity and Sierra Club sued the Bureau of Land Management over a Mojave Trails pipeline approval: The suit sought judicial review of a federal land-use approval and tested whether agencies followed required environmental procedures. (2026-07-28)</li>
<li>Planned Parenthood Federation of America sued HHS over conditions in a Title X funding notice: The lawsuit challenged whether an agency used grant conditions to impose political priorities beyond statutory limits. (2026-07-28)</li>
<li>Judge Whitehead kept a preliminary injunction in place in a case against DHS: The ruling maintained a court-imposed limit on agency action and rejected an effort to dissolve existing judicial protection. (2026-07-28)</li>
<li>The D.C. Circuit affirmed the denial of a preliminary injunction against Trump's mail-voting order on ripeness grounds: The decision left challengers without immediate relief while preserving the possibility of later review if agencies implemented the order. (2026-07-28)</li>
<li>The Trump administration did not seek Supreme Court rehearing in the birthright citizenship case: The choice left an existing constitutional ruling in place and shaped the administration's legal posture on citizenship policy. (2026-07-28)</li>
<li>The Supreme Court denied stays of execution and certiorari in three death penalty cases: The denials ended immediate judicial review in capital cases and underscored the Court's gatekeeping role over final state punishment. (2026-07-28)</li>
<li>The Senate confirmed Jay Clayton as director of national intelligence: The confirmation placed a presidential ally atop the intelligence apparatus, affecting institutional independence and oversight of national security information. (2026-07-28)</li>
<li>The President approved a nuclear cooperation agreement with Saudi Arabia: The determination used formal executive-branch process to advance a major foreign policy agreement with security and oversight implications. (2026-07-28)</li>
<li>Dr. Anthony Fauci invoked the Fifth Amendment and declined to answer questions at a Senate Covid hearing: The hearing highlighted friction between congressional investigative power and individual constitutional protections in a politicized oversight setting. (2026-07-29)</li>
<li>Michigan representatives introduced a bill to fund invasive mussel control in the Great Lakes: The bill showed Congress using appropriations and legislation to address a regional environmental problem with public resource implications. (2026-07-29)</li>
<li>Ohio officials advanced and discussed school transportation and funding changes affecting districts: The developments showed state governance choices shaping whether public schools can reliably provide core services and equal access. (2026-07-29)</li>
<li>The Senate passed a resolution opposing any pardon for Ghislaine Maxwell: The resolution used a formal Senate statement to signal limits on acceptable use of presidential clemency in a high-profile abuse case. (2026-07-29)</li>
<li>Reform advocates continued pushing proposals to reduce the Supreme Court's power: The push reflected an active institutional debate over how to rebalance judicial authority within the constitutional system. (2026-07-29)</li>
<li>The First Circuit remanded a case over South Sudan TPS after an intervening Supreme Court ruling: The remand showed higher-court doctrine narrowing lower-court review of executive immigration decisions. (2026-07-29)</li>
<li>President Trump asked the Supreme Court to review the defamation verdict against him: The petition sought top-court intervention in a case involving a former president, underscoring how elite litigants can extend legal battles through institutional appeals. (2026-07-29)</li>
<li>The House Oversight Committee released Kathryn Ruemmler's testimony transcript about her ties to Jeffrey Epstein: The release used congressional oversight to expose information about elite networks and test public accountability through disclosure. (2026-07-30)</li>
<li>The Senate Judiciary Committee postponed and then canceled a vote on Todd Blanche's attorney general nomination: The delay showed the Senate using confirmation leverage to demand changes to a disputed executive settlement tied to Trump's personal interests. (2026-07-30)</li>
<li>The Senate rejected a resolution to limit Trump's authority to continue military operations in Iran: The vote left broad war-making discretion with the executive and showed Congress declining to reassert its institutional role over hostilities. (2026-07-30)</li>
<li>The Second Circuit lifted the abeyance in Doe v. Mullin and set a briefing schedule: The update moved an immigration-related appeal back into active judicial review after a Supreme Court ruling changed the legal landscape. (2026-07-30)</li>
<li>Seven environmental groups sued Interior Secretary Doug Burgum over revised Endangered Species Act habitat rules: The complaint challenged whether executive agencies lawfully rewrote habitat rules in ways that favored industry influence. (2026-07-30)</li>
<li>The CDC announced a public ICD-10 Coordination and Maintenance Committee meeting: The notice preserved a formal public process for changes to national health coding standards that shape administration and data governance. (2026-07-30)</li>
<li>Republicans were described as having passed the One Big Beautiful Bill Act with major Medicaid cuts: The lawmaking episode showed one-party control being used to enact large social policy changes with long-term effects on public governance. (2026-07-31)</li>
<li>The Kansas Court of Appeals upheld the counting of timely postmarked mail ballots that arrived after Election Day: The ruling protected an existing election administration rule and limited an effort to discard valid mailed votes. (2026-07-31)</li>
<li>The Supreme Court issued rulings in major gun rights cases: The decisions shaped the legal boundary between state and federal authority over firearms and will guide future lawmaking and litigation. (2026-07-31)</li>
</ol>
<h3>Economic Structure</h3>
<ol>
<li>The Democratic National Committee asked vendors to delay billing because of financial strain and debt: The party's cash shortage affected its capacity to support candidates, showing how organizational finance can shape electoral competition. (2026-07-25)</li>
<li>New Jersey Governor Mikie Sherrill signed a law banning surveillance pricing for identical products: The law limited the use of personal data in consumer pricing, reducing a market practice that can deepen unequal treatment and opaque economic power. (2026-07-26)</li>
<li>Mayor Zohran Mamdani announced lower prices on essential goods at city-run grocery stores: The initiative used public retail power to improve affordability of basic goods and expand economic access for residents. (2026-07-26)</li>
<li>The DEA reported that military strikes had not reduced cocaine trafficking into the United States: The assessment showed costly coercive policy failing to change supply conditions, raising accountability questions about resource use and strategy. (2026-07-26)</li>
<li>Amazon and Walmart were identified as major employers whose low wages left many workers on Medicaid: The analysis showed private labor practices shifting health costs onto taxpayers, illustrating how corporate wage structures can burden public systems. (2026-07-27)</li>
<li>The FDA classified two new medical devices into class II with special controls: The classifications shaped market entry rules for health products and showed regulators balancing access, safety, and industry burden. (2026-07-27)</li>
<li>The FDA submitted a paperwork request on radioactive drug research committees for OMB review: The filing affected how research oversight is administered and how scientific institutions meet federal compliance requirements. (2026-07-27)</li>
<li>Analysts and advocates published discussions on rail costs, national debt, European software policy, and WakeMed privatization: These debates focused on how public investment, fiscal choices, and privatization shape access to infrastructure, health care, and long-term economic capacity. (2026-07-27)</li>
<li>The Department of Health and Human Services designated Savannah River Site construction workers for the Special Exposure Cohort: The designation expanded compensation eligibility for workers exposed to hazardous conditions, strengthening economic protection tied to occupational harm. (2026-07-28)</li>
<li>The EPA issued pesticide tolerance corrections and extended compliance dates for PCE and CTC rules: The actions adjusted regulatory burdens and safety timelines for agriculture and chemical users, affecting how public health protections are implemented in markets. (2026-07-28)</li>
<li>The EPA published April findings on new chemicals and significant new uses under TSCA: The findings allowed listed chemicals to proceed under federal review, shaping the balance between industrial activity and precautionary oversight. (2026-07-28)</li>
<li>The FCC submitted a VoIP numbering information collection to OMB: The filing affected compliance costs and administrative oversight in a communications market that underpins public access and competition. (2026-07-28)</li>
<li>The FDA issued final guidance on cancer trial eligibility and sought comment on expanded access to investigational drugs: The actions shaped who can enter trials and seek experimental treatment, affecting fairness and access in the health care system. (2026-07-28)</li>
<li>The White House Domestic Policy Council released a report criticizing the Smithsonian's historical presentation: The report used executive policy machinery to pressure a public institution's content, showing how administrative tools can be aimed at cultural governance. (2026-07-28)</li>
<li>The Centers for Disease Control and Prevention awarded a sole-source cooperative agreement to the Public Health Foundation: The award directed federal funds to public health workforce training and showed how grant design shapes public capacity and institutional dependence. (2026-07-29)</li>
<li>The EPA released a draft risk evaluation for 1,1,2-trichloroethane: The draft evaluation opened the path to future regulation of a hazardous chemical, affecting industry obligations and public health safeguards. (2026-07-29)</li>
<li>The FDA announced revised draft guidances for generic drug bioequivalence studies: The guidances shaped how generic drugs reach market, affecting competition, pricing, and access to medicines. (2026-07-29)</li>
<li>The FDA classified a phase-changing fiducial marker for radiation therapy into class II: The classification set the regulatory path for a medical device and influenced how quickly new treatment tools can enter the market. (2026-07-29)</li>
<li>The EPA approved air plan revisions in California and New Hampshire and proposed a CERCLA settlement in Massachusetts: These actions used federal regulatory power to set pollution rules and allocate cleanup costs, shaping environmental burdens across communities and industries. (2026-07-30)</li>
<li>The EPA sought comments on groundwater monitoring, academic laboratory waste rules, land disposal restrictions, pesticide establishment reporting, and NPDES collections: The notices affected how environmental compliance data is gathered, influencing both public oversight and the administrative costs of regulated activity. (2026-07-30)</li>
<li>The FCC sought comment on restricting certain foreign-made drones and components: The proposal linked market access to national security review, showing how economic regulation can be used to reshape supply chains. (2026-07-30)</li>
<li>The FDA announced multiple fiscal year 2027 user fee rates and reopened comment on BHT safety information: The notices set major compliance costs across drug, device, food, and importer sectors while extending input on a food additive safety review. (2026-07-30)</li>
<li>The EPA, Department of Energy, Department of War, and Nuclear Regulatory Commission announced Revision 2 of the Multi-Agency Radiation Survey and Site Investigation Manual: The update revised technical standards for radiation surveys, affecting how agencies and contractors document environmental safety and compliance. (2026-07-30)</li>
<li>Lineage Logistics filed to rebuild its fire-damaged Los Angeles warehouse before cleanup was complete: The filing tested whether corporate rebuilding could move ahead despite unresolved public health and regulatory concerns at the site. (2026-07-30)</li>
<li>The Federal Open Market Committee voted to hold interest rates steady: The decision shaped borrowing costs and inflation management, affecting economic conditions that influence public confidence and state capacity. (2026-07-30)</li>
<li>The Commerce Department and market observers reported second-quarter GDP growth of 1.5 percent, below expectations: The weaker growth figures signaled economic strain that can narrow fiscal room and affect public trust in governing performance. (2026-07-30)</li>
<li>The South Korean government moved to restrict leveraged single-stock ETFs after a market crash: The restriction showed regulators intervening to curb speculative finance and reduce systemic instability in a major market. (2026-07-30)</li>
<li>The EPA published notice of environmental impact statements and updated Rhode Island SIP materials: The notices maintained public visibility into environmental review and state-federal air quality governance. (2026-07-31)</li>
<li>The FCC expanded Upper C-band use for wireless services and strengthened cybersecurity rules for the Emergency Alert System: The rules reallocated valuable spectrum and hardened emergency communications infrastructure, shaping both market structure and public resilience. (2026-07-31)</li>
<li>The FCC requested comments and OMB review on additional information collections: The filings affected administrative burdens in telecommunications and preserved formal channels for public input on regulatory paperwork. (2026-07-31)</li>
<li>Darden Restaurants, Kroger, and the Social Security Administration were described as having changed or canceled policies after public pressure and reporting: These cases showed how scrutiny can alter employer benefits and public service access, affecting workers and beneficiaries through institutional accountability. (2026-07-31)</li>
<li>The Trump administration and Koch Industries were described in prior reporting as having taken actions with major economic and geopolitical effects: The cited cases highlighted how elite financial ties and corporate choices can shape public spending and sanctions policy beyond ordinary public control. (2026-07-31)</li>
</ol>
<h3>Civil Rights and Dissent</h3>
<ol>
<li>A coroner in Cheshire ruled Lucy Harrison's death an unlawful killing: The ruling challenged prior official handling of a death case and raised accountability questions about justice across jurisdictions. (2026-07-25)</li>
<li>Kidnappers in California held two U.S. Forest Service workers hostage before surrendering: The attack threatened the safety of public workers and tested the state's duty to protect civil administration from coercive violence. (2026-07-25)</li>
<li>Troy Jackson secured the Democratic nomination for Maine's Senate race at the party convention: The nomination determined who would represent one major party in a key race, affecting voter choice and political representation. (2026-07-25)</li>
<li>Brazil's Foreign Ministry denied visas to U.S. officials who planned to question Brazil's electoral system: The denial pushed back against perceived foreign interference in an election system and defended domestic control over democratic procedures. (2026-07-25)</li>
<li>The Supreme Court allowed the Trump administration to terminate TPS for Haitians and Syrians: The ruling stripped legal protection from large immigrant groups and exposed them to detention, deportation, and loss of work authorization. (2026-07-26)</li>
<li>Venezuelan men sued aviation companies over flights that took them to a prison in El Salvador: The suit challenged alleged collaboration between private contractors and the government in deportations that bypassed due process and bodily security. (2026-07-26)</li>
<li>Tom Homan announced an investigation into ICE officer vetting after a fatal shooting in Maine: The inquiry addressed whether a federal enforcement agency failed to screen for abuse risks, affecting trust in coercive state power. (2026-07-26)</li>
<li>ICE prepared to expand arrests and deportations of Haitians after TPS protections ended: The planned enforcement surge threatened family stability and legal security for a large immigrant community newly exposed to removal. (2026-07-26)</li>
<li>The 250 to 250 Project and its narrators released and presented videos on disability rights, women's representation, public health advocacy, Hispanic veterans, desegregation, rebellion, LGBTQ representation, Jewish history, feminism, and American culture: The project used civic storytelling to widen public memory of rights struggles and inclusion, supporting democratic participation through shared history. (2026-07-26)</li>
<li>The Justice Department moved to dismiss charges against union leader David Huerta over his protest arrest: The dismissal eased a case seen as chilling protest activity and underscored the legal stakes around policing dissent during immigration actions. (2026-07-27)</li>
<li>Former DOJ lawyer Liz Oyer testified against Todd Blanche's nomination and then reported receiving death threats: The threats showed how participation in a public accountability process can trigger intimidation that chills dissent and testimony. (2026-07-27)</li>
<li>Francisco Longoria and his family sued ICE and CBP over a shooting, detention, and dropped charges: The lawsuit alleged racial profiling and excessive force by immigration agents, raising due process and bodily security concerns. (2026-07-27)</li>
<li>Governor Andy Beshear demanded that Senator McConnell show he could still serve or resign: The demand framed representation as a public right, arguing that constituents deserve proof that an absent senator can still perform the office. (2026-07-27)</li>
<li>Election organizers in North Carolina scheduled training for poll workers, election advocates, and de-escalation teams: The training aimed to strengthen citizen capacity to protect voting access and calm conflict around election administration. (2026-07-27)</li>
<li>Engaged Defenders 4 Democracy organized daily street protests and bridge brigades: The actions used peaceful public assembly to mobilize civic participation and keep democratic concerns visible before the elections. (2026-07-27)</li>
<li>A court-appointed monitor reported that the California City ICE facility failed to meet court-ordered health care standards: The findings showed detained immigrants facing unsafe conditions despite a judicial order, exposing weak protection of rights in custody. (2026-07-28)</li>
<li>An Indiana judge blocked the state's near-total abortion ban for plaintiffs with conflicting religious beliefs: The ruling protected bodily autonomy and religious exercise against a sweeping abortion restriction. (2026-07-28)</li>
<li>A judge blocked warrantless ICE enforcement near some churches involved in litigation: The order protected worship access and limited immigration enforcement practices that burdened religious participation. (2026-07-28)</li>
<li>Apache Stronghold and allied Native groups continued lawsuits to stop mining at Oak Flat: The litigation sought to protect Indigenous religious practice and land rights against a federal land transfer to mining interests. (2026-07-28)</li>
<li>Seattle police recovered illegal firearms after a mass shooting at a food festival: The case highlighted the public safety burden of illegal weapons and the state's role in protecting people in shared civic spaces. (2026-07-28)</li>
<li>A Secret Service agent and two others were arrested over violent hazing in Miami: The arrest raised accountability concerns when a federal protective service employee was implicated in serious off-duty violence. (2026-07-28)</li>
<li>ICE subjected at least one detained hunger striker to forced medical treatment: The practice raised grave concerns about bodily autonomy, coercion, and the rights of people held in immigration detention. (2026-07-28)</li>
<li>ICE began arresting immigrants at airports whose visas had expired, including some with pending applications: The tactic increased the risk of family separation and punished people caught in administrative delays within the immigration system. (2026-07-28)</li>
<li>The Office of Refugee Resettlement and ICE shared leads that contributed to thousands of immigration arrests, including children and sponsors: The information sharing turned a child welfare system into an enforcement pipeline, weakening trust and due process for vulnerable families. (2026-07-28)</li>
<li>The Democracy Docket article described voting-rights disputes involving New Jersey and California: The analysis pointed to ongoing conflicts over election rules and public response that bear on access to the ballot. (2026-07-28)</li>
<li>The Senate Judiciary Committee and Republican senators faced a standoff over Todd Blanche's nomination for attorney general: The fight over the nation's top law enforcement post carried direct consequences for civil rights enforcement and public accountability. (2026-07-27)</li>
<li>A court filing alleged that ICE agents used racial slurs during Los Angeles operations: The allegations pointed to discriminatory enforcement culture inside immigration operations and strengthened claims of unequal treatment under law. (2026-07-29)</li>
<li>A federal judge sentenced a man for ramming a car into a Brooklyn synagogue without treating it as a hate crime: The sentence showed how courts classify violence against religious sites, affecting recognition of bias harms and minority protection. (2026-07-30)</li>
<li>A 15-year-old suspect was charged in the Seattle festival shooting case: The prosecution raised questions about juvenile justice, gun violence, and how the legal system handles severe harm in public spaces. (2026-07-30)</li>
<li>Republicans continued public attacks on Dr. Fauci amid the release of his private diary: The campaign showed how sustained political targeting can chill expert participation and distort public debate around health policy. (2026-07-30)</li>
<li>Emily Moreno filed for a restraining order against Representative Max Miller: The filing brought allegations of domestic abuse into public view and raised representation and accountability concerns for an elected official. (2026-07-30)</li>
<li>Hundreds of Jordanians signed an open letter demanding that U.S. troops leave Jordan: The letter was a form of public dissent aimed at foreign military presence and showed civic pressure on security policy. (2026-07-30)</li>
<li>UEFA's member federations voted to boycott the World Cup over FIFA's proposed private stake sale: The boycott used collective withdrawal to contest governance changes in a major international institution. (2026-07-30)</li>
<li>Mandela Barnes withdrew from Wisconsin's Democratic primary for governor: The withdrawal narrowed voter choice in a major state race and changed the field of democratic representation. (2026-07-30)</li>
<li>Elon Musk's super PAC planned to spend up to $120 million on midterm races: The planned spending showed how concentrated private wealth can shape electoral competition and amplify unequal political influence. (2026-07-30)</li>
<li>Two men in Arizona announced plans to file a wrongful arrest lawsuit over the Nancy Guthrie investigation: The planned suit challenged alleged police overreach and sought accountability for arrests and searches that ended without charges. (2026-07-31)</li>
<li>The FBI obtained a South Carolina voter's IP address in a voter fraud investigation: The request raised privacy concerns and showed election-related law enforcement reaching into personal digital data. (2026-07-31)</li>
<li>The Trump administration asked the Supreme Court to let restrictive mail-voting rules take effect: The request sought to narrow ballot access through federal intervention in state election procedures before the midterms. (2026-07-31)</li>
<li>Corporations, super PAC operators, election officials, and journalists were described in reporting on donation suspensions, deceptive campaign operations, and restored North Carolina ballots: These episodes showed how money, deception, and corrective oversight can each alter whether voters receive fair representation and accurate vote counts. (2026-07-31)</li>
<li>Organizers and South Bay officials rallied against a planned ICE detention facility near Gilroy: The protest used public assembly to resist expansion of immigration detention and connect present policy to past civil liberties abuses. (2026-07-31)</li>
<li>St. Paul officials opened an inquiry into sexual harassment allegations against Mayor Kaohly Her: The inquiry tested whether local government would investigate misconduct claims against a sitting mayor and protect workplace rights. (2026-07-31)</li>
</ol>
<h3>Information, Memory and Manipulation</h3>
<ol>
<li>The White House released a report attacking the Smithsonian's portrayal of American history: The report sought to recast a national museum's historical narrative through executive messaging, pressuring public memory from above. (2026-07-28)</li>
<li>President Trump barred the press from Oval Office meetings with Zelenskyy and Netanyahu: The exclusion reduced public visibility into high-level diplomacy and limited independent reporting on executive decision-making. (2026-07-28)</li>
<li>Former FCC officials filed objections to the FCC's review of ABC broadcast licenses: The filing warned that license scrutiny over alleged bias could chill broadcasters and turn regulation into pressure on editorial independence. (2026-07-28)</li>
<li>A Change.org petition organizer and media outlets circulated and amplified unverified claims about 9/11 family signatures against Mayor Mamdani: The episode showed how unsupported claims can spread through media channels and distort public judgment about a political figure. (2026-07-28)</li>
<li>President Trump claimed he personally controlled the Strait of Hormuz: The false claim injected misinformation into a tense foreign policy moment and risked confusing the public about real state authority. (2026-07-28)</li>
<li>The Trump administration was reported to be delaying Smithsonian Board of Regents nominations to shape the board's composition: The maneuver aimed to influence who governs a major cultural institution, extending political control over public memory through appointments. (2026-07-29)</li>
<li>President Trump and Secret Service agents were accused of directing surveillance and a prosecution against James Comey over a social media post: The allegations suggested information-gathering and criminal process were being used in a politically charged way against a prominent critic. (2026-07-29)</li>
<li>President Trump dismissed allegations of Iranian cyberattacks on Minnesota water systems and blamed state officials: The comments undercut a coordinated warning about critical infrastructure threats and muddied public understanding of a security risk. (2026-07-30)</li>
<li>Meta partnered with Newsmax to use its content for AI training: The deal gave a low-credibility outlet a larger role in shaping AI-generated information across major platforms. (2026-07-30)</li>
<li>The State Department displayed a map at a Brazil conference that mislabeled every African country: The error damaged official credibility and showed how poor information practices can weaken diplomatic communication. (2026-07-30)</li>
<li>Justice Neil Gorsuch said Americans should study history with both its flaws and achievements: The remarks entered a live struggle over public memory and defended fuller historical inquiry against selective narrative control. (2026-07-29)</li>
<li>The Out Loud report highlighted plans for an ICE detention center in Winton and the organizing response around it: The coverage made a contested detention project visible to the public and helped frame debate over state power and immigrant treatment. (2026-07-27)</li>
</ol>
","Week 80 brought little spectacle but steady consolidation: the White House pressured the Smithsonian, voting restrictions advanced, immigration coercion widened, and executive discretion expanded. Courts and some senators slowed parts of the agenda, but mostly from a defensive posture. The Democracy Clock remained at 7:44 p.m., edging forward by 0.1 minutes."
